[2025-10-24 21:38:51] local.ERROR: SQLSTATE[HY000] [2002] No connection could be made because the target machine actively refused it (Connection: mysql, SQL: select table_name as `name`, (data_length + index_length) as `size`, table_comment as `comment`, engine as `engine`, table_collation as `collation` from information_schema.tables where table_schema = 'laravel' and table_type in ('BASE TABLE', 'SYSTEM VERSIONED') order by table_name) {"exception":"[object] (Illuminate\\Database\\QueryException(code: 2002): SQLSTATE[HY000] [2002] No connection could be made because the target machine actively refused it (Connection: mysql, SQL: select table_name as `name`, (data_length + index_length) as `size`, table_comment as `comment`, engine as `engine`, table_collation as `collation` from information_schema.tables where table_schema = 'laravel' and table_type in ('BASE TABLE', 'SYSTEM VERSIONED') order by table_name) at C:\\Users\\HP\\Documents\\laravel\\workunity-app\\vendor\\laravel\\framework\\src\\Illuminate\\Database\\Connection.php:829)
[stacktrace]
#0 C:\\Users\\HP\\Documents\\laravel\\workunity-app\\vendor\\laravel\\framework\\src\\Illuminate\\Database\\Connection.php(983): Illuminate\\Database\\Connection->runQueryCallback('select table_na...', Array, Object(Closure))
#1 C:\\Users\\HP\\Documents\\laravel\\workunity-app\\vendor\\laravel\\framework\\src\\Illuminate\\Database\\Connection.php(962): Illuminate\\Database\\Connection->tryAgainIfCausedByLostConnection(Object(Illuminate\\Database\\QueryException), 'select table_na...', Array, Object(Closure))
#2 C:\\Users\\HP\\Documents\\laravel\\workunity-app\\vendor\\laravel\\framework\\src\\Illuminate\\Database\\Connection.php(785): Illuminate\\Database\\Connection->handleQueryException(Object(Illuminate\\Database\\QueryException), 'select table_na...', Array, Object(Closure))
#3 C:\\Users\\HP\\Documents\\laravel\\workunity-app\\vendor\\laravel\\framework\\src\\Illuminate\\Database\\Connection.php(414): Illuminate\\Database\\Connection->run('select table_na...', Array, Object(Closure))
#4 C:\\Users\\HP\\Documents\\laravel\\workunity-app\\vendor\\laravel\\framework\\src\\Illuminate\\Database\\Connection.php(401): Illuminate\\Database\\Connection->select('select table_na...', Array, false)
#5 C:\\Users\\HP\\Documents\\laravel\\workunity-app\\vendor\\laravel\\framework\\src\\Illuminate\\Database\\Schema\\MySqlBuilder.php(41): Illuminate\\Database\\Connection->selectFromWriteConnection('select table_na...')
#6 C:\\Users\\HP\\Documents\\laravel\\workunity-app\\vendor\\laravel\\framework\\src\\Illuminate\\Database\\Schema\\Builder.php(165): Illuminate\\Database\\Schema\\MySqlBuilder->getTables(false)
#7 C:\\Users\\HP\\Documents\\laravel\\workunity-app\\vendor\\laravel\\framework\\src\\Illuminate\\Database\\Migrations\\DatabaseMigrationRepository.php(184): Illuminate\\Database\\Schema\\Builder->hasTable('migrations')
#8 C:\\Users\\HP\\Documents\\laravel\\workunity-app\\vendor\\laravel\\framework\\src\\Illuminate\\Database\\Migrations\\Migrator.php(727): Illuminate\\Database\\Migrations\\DatabaseMigrationRepository->repositoryExists()
#9 C:\\Users\\HP\\Documents\\laravel\\workunity-app\\vendor\\laravel\\framework\\src\\Illuminate\\Database\\Console\\Migrations\\MigrateCommand.php(140): Illuminate\\Database\\Migrations\\Migrator->repositoryExists()
#10 C:\\Users\\HP\\Documents\\laravel\\workunity-app\\vendor\\laravel\\framework\\src\\Illuminate\\Support\\helpers.php(261): Illuminate\\Database\\Console\\Migrations\\MigrateCommand->Illuminate\\Database\\Console\\Migrations\\{closure}(1)
#11 C:\\Users\\HP\\Documents\\laravel\\workunity-app\\vendor\\laravel\\framework\\src\\Illuminate\\Database\\Console\\Migrations\\MigrateCommand.php(140): retry(1, Object(Closure), 0, Object(Closure))
#12 C:\\Users\\HP\\Documents\\laravel\\workunity-app\\vendor\\laravel\\framework\\src\\Illuminate\\Database\\Console\\Migrations\\MigrateCommand.php(116): Illuminate\\Database\\Console\\Migrations\\MigrateCommand->repositoryExists()
#13 C:\\Users\\HP\\Documents\\laravel\\workunity-app\\vendor\\laravel\\framework\\src\\Illuminate\\Database\\Console\\Migrations\\MigrateCommand.php(84): Illuminate\\Database\\Console\\Migrations\\MigrateCommand->prepareDatabase()
#14 C:\\Users\\HP\\Documents\\laravel\\workunity-app\\vendor\\laravel\\framework\\src\\Illuminate\\Database\\Migrations\\Migrator.php(641): Illuminate\\Database\\Console\\Migrations\\MigrateCommand->Illuminate\\Database\\Console\\Migrations\\{closure}()
#15 C:\\Users\\HP\\Documents\\laravel\\workunity-app\\vendor\\laravel\\framework\\src\\Illuminate\\Database\\Console\\Migrations\\MigrateCommand.php(83): Illuminate\\Database\\Migrations\\Migrator->usingConnection(NULL, Object(Closure))
#16 C:\\Users\\HP\\Documents\\laravel\\workunity-app\\vendor\\laravel\\framework\\src\\Illuminate\\Container\\BoundMethod.php(36): Illuminate\\Database\\Console\\Migrations\\MigrateCommand->handle()
#17 C:\\Users\\HP\\Documents\\laravel\\workunity-app\\vendor\\laravel\\framework\\src\\Illuminate\\Container\\Util.php(41): Illuminate\\Container\\BoundMethod::Illuminate\\Container\\{closure}()
#18 C:\\Users\\HP\\Documents\\laravel\\workunity-app\\vendor\\laravel\\framework\\src\\Illuminate\\Container\\BoundMethod.php(93): Illuminate\\Container\\Util::unwrapIfClosure(Object(Closure))
#19 C:\\Users\\HP\\Documents\\laravel\\workunity-app\\vendor\\laravel\\framework\\src\\Illuminate\\Container\\BoundMethod.php(35): Illuminate\\Container\\BoundMethod::callBoundMethod(Object(Illuminate\\Foundation\\Application), Array, Object(Closure))
#20 C:\\Users\\HP\\Documents\\laravel\\workunity-app\\vendor\\laravel\\framework\\src\\Illuminate\\Container\\Container.php(662): Illuminate\\Container\\BoundMethod::call(Object(Illuminate\\Foundation\\Application), Array, Array, NULL)
#21 C:\\Users\\HP\\Documents\\laravel\\workunity-app\\vendor\\laravel\\framework\\src\\Illuminate\\Console\\Command.php(211): Illuminate\\Container\\Container->call(Array)
#22 C:\\Users\\HP\\Documents\\laravel\\workunity-app\\vendor\\symfony\\console\\Command\\Command.php(326): Illuminate\\Console\\Command->execute(Object(Symfony\\Component\\Console\\Input\\ArgvInput), Object(Illuminate\\Console\\OutputStyle))
#23 C:\\Users\\HP\\Documents\\laravel\\workunity-app\\vendor\\laravel\\framework\\src\\Illuminate\\Console\\Command.php(180): Symfony\\Component\\Console\\Command\\Command->run(Object(Symfony\\Component\\Console\\Input\\ArgvInput), Object(Illuminate\\Console\\OutputStyle))
#24 C:\\Users\\HP\\Documents\\laravel\\workunity-app\\vendor\\symfony\\console\\Application.php(1096): Illuminate\\Console\\Command->run(Object(Symfony\\Component\\Console\\Input\\ArgvInput), Object(Symfony\\Component\\Console\\Output\\ConsoleOutput))
#25 C:\\Users\\HP\\Documents\\laravel\\workunity-app\\vendor\\symfony\\console\\Application.php(324): Symfony\\Component\\Console\\Application->doRunCommand(Object(Illuminate\\Database\\Console\\Migrations\\MigrateCommand), Object(Symfony\\Component\\Console\\Input\\ArgvInput), Object(Symfony\\Component\\Console\\Output\\ConsoleOutput))
#26 C:\\Users\\HP\\Documents\\laravel\\workunity-app\\vendor\\symfony\\console\\Application.php(175): Symfony\\Component\\Console\\Application->doRun(Object(Symfony\\Component\\Console\\Input\\ArgvInput), Object(Symfony\\Component\\Console\\Output\\ConsoleOutput))
#27 C:\\Users\\HP\\Documents\\laravel\\workunity-app\\vendor\\laravel\\framework\\src\\Illuminate\\Foundation\\Console\\Kernel.php(201): Symfony\\Component\\Console\\Application->run(Object(Symfony\\Component\\Console\\Input\\ArgvInput), Object(Symfony\\Component\\Console\\Output\\ConsoleOutput))
#28 C:\\Users\\HP\\Documents\\laravel\\workunity-app\\artisan(35): Illuminate\\Foundation\\Console\\Kernel->handle(Object(Symfony\\Component\\Console\\Input\\ArgvInput), Object(Symfony\\Component\\Console\\Output\\ConsoleOutput))
#29 {main}

[previous exception] [object] (PDOException(code: 2002): SQLSTATE[HY000] [2002] No connection could be made because the target machine actively refused it at C:\\Users\\HP\\Documents\\laravel\\workunity-app\\vendor\\laravel\\framework\\src\\Illuminate\\Database\\Connectors\\Connector.php:65)
[stacktrace]
#0 C:\\Users\\HP\\Documents\\laravel\\workunity-app\\vendor\\laravel\\framework\\src\\Illuminate\\Database\\Connectors\\Connector.php(65): PDO->__construct('mysql:host=127....', 'root', Object(SensitiveParameterValue), Array)
#1 C:\\Users\\HP\\Documents\\laravel\\workunity-app\\vendor\\laravel\\framework\\src\\Illuminate\\Database\\Connectors\\Connector.php(83): Illuminate\\Database\\Connectors\\Connector->createPdoConnection('mysql:host=127....', 'root', '', Array)
#2 C:\\Users\\HP\\Documents\\laravel\\workunity-app\\vendor\\laravel\\framework\\src\\Illuminate\\Database\\Connectors\\Connector.php(48): Illuminate\\Database\\Connectors\\Connector->tryAgainIfCausedByLostConnection(Object(PDOException), 'mysql:host=127....', 'root', '', Array)
#3 C:\\Users\\HP\\Documents\\laravel\\workunity-app\\vendor\\laravel\\framework\\src\\Illuminate\\Database\\Connectors\\MySqlConnector.php(24): Illuminate\\Database\\Connectors\\Connector->createConnection('mysql:host=127....', Array, Array)
#4 C:\\Users\\HP\\Documents\\laravel\\workunity-app\\vendor\\laravel\\framework\\src\\Illuminate\\Database\\Connectors\\ConnectionFactory.php(184): Illuminate\\Database\\Connectors\\MySqlConnector->connect(Array)
#5 [internal function]: Illuminate\\Database\\Connectors\\ConnectionFactory->Illuminate\\Database\\Connectors\\{closure}()
#6 C:\\Users\\HP\\Documents\\laravel\\workunity-app\\vendor\\laravel\\framework\\src\\Illuminate\\Database\\Connection.php(1339): call_user_func(Object(Closure))
#7 C:\\Users\\HP\\Documents\\laravel\\workunity-app\\vendor\\laravel\\framework\\src\\Illuminate\\Database\\Connection.php(528): Illuminate\\Database\\Connection->getPdo()
#8 C:\\Users\\HP\\Documents\\laravel\\workunity-app\\vendor\\laravel\\framework\\src\\Illuminate\\Database\\Connection.php(423): Illuminate\\Database\\Connection->getPdoForSelect(false)
#9 C:\\Users\\HP\\Documents\\laravel\\workunity-app\\vendor\\laravel\\framework\\src\\Illuminate\\Database\\Connection.php(816): Illuminate\\Database\\Connection->Illuminate\\Database\\{closure}('select table_na...', Array)
#10 C:\\Users\\HP\\Documents\\laravel\\workunity-app\\vendor\\laravel\\framework\\src\\Illuminate\\Database\\Connection.php(983): Illuminate\\Database\\Connection->runQueryCallback('select table_na...', Array, Object(Closure))
#11 C:\\Users\\HP\\Documents\\laravel\\workunity-app\\vendor\\laravel\\framework\\src\\Illuminate\\Database\\Connection.php(962): Illuminate\\Database\\Connection->tryAgainIfCausedByLostConnection(Object(Illuminate\\Database\\QueryException), 'select table_na...', Array, Object(Closure))
#12 C:\\Users\\HP\\Documents\\laravel\\workunity-app\\vendor\\laravel\\framework\\src\\Illuminate\\Database\\Connection.php(785): Illuminate\\Database\\Connection->handleQueryException(Object(Illuminate\\Database\\QueryException), 'select table_na...', Array, Object(Closure))
#13 C:\\Users\\HP\\Documents\\laravel\\workunity-app\\vendor\\laravel\\framework\\src\\Illuminate\\Database\\Connection.php(414): Illuminate\\Database\\Connection->run('select table_na...', Array, Object(Closure))
#14 C:\\Users\\HP\\Documents\\laravel\\workunity-app\\vendor\\laravel\\framework\\src\\Illuminate\\Database\\Connection.php(401): Illuminate\\Database\\Connection->select('select table_na...', Array, false)
#15 C:\\Users\\HP\\Documents\\laravel\\workunity-app\\vendor\\laravel\\framework\\src\\Illuminate\\Database\\Schema\\MySqlBuilder.php(41): Illuminate\\Database\\Connection->selectFromWriteConnection('select table_na...')
#16 C:\\Users\\HP\\Documents\\laravel\\workunity-app\\vendor\\laravel\\framework\\src\\Illuminate\\Database\\Schema\\Builder.php(165): Illuminate\\Database\\Schema\\MySqlBuilder->getTables(false)
#17 C:\\Users\\HP\\Documents\\laravel\\workunity-app\\vendor\\laravel\\framework\\src\\Illuminate\\Database\\Migrations\\DatabaseMigrationRepository.php(184): Illuminate\\Database\\Schema\\Builder->hasTable('migrations')
#18 C:\\Users\\HP\\Documents\\laravel\\workunity-app\\vendor\\laravel\\framework\\src\\Illuminate\\Database\\Migrations\\Migrator.php(727): Illuminate\\Database\\Migrations\\DatabaseMigrationRepository->repositoryExists()
#19 C:\\Users\\HP\\Documents\\laravel\\workunity-app\\vendor\\laravel\\framework\\src\\Illuminate\\Database\\Console\\Migrations\\MigrateCommand.php(140): Illuminate\\Database\\Migrations\\Migrator->repositoryExists()
#20 C:\\Users\\HP\\Documents\\laravel\\workunity-app\\vendor\\laravel\\framework\\src\\Illuminate\\Support\\helpers.php(261): Illuminate\\Database\\Console\\Migrations\\MigrateCommand->Illuminate\\Database\\Console\\Migrations\\{closure}(1)
#21 C:\\Users\\HP\\Documents\\laravel\\workunity-app\\vendor\\laravel\\framework\\src\\Illuminate\\Database\\Console\\Migrations\\MigrateCommand.php(140): retry(1, Object(Closure), 0, Object(Closure))
#22 C:\\Users\\HP\\Documents\\laravel\\workunity-app\\vendor\\laravel\\framework\\src\\Illuminate\\Database\\Console\\Migrations\\MigrateCommand.php(116): Illuminate\\Database\\Console\\Migrations\\MigrateCommand->repositoryExists()
#23 C:\\Users\\HP\\Documents\\laravel\\workunity-app\\vendor\\laravel\\framework\\src\\Illuminate\\Database\\Console\\Migrations\\MigrateCommand.php(84): Illuminate\\Database\\Console\\Migrations\\MigrateCommand->prepareDatabase()
#24 C:\\Users\\HP\\Documents\\laravel\\workunity-app\\vendor\\laravel\\framework\\src\\Illuminate\\Database\\Migrations\\Migrator.php(641): Illuminate\\Database\\Console\\Migrations\\MigrateCommand->Illuminate\\Database\\Console\\Migrations\\{closure}()
#25 C:\\Users\\HP\\Documents\\laravel\\workunity-app\\vendor\\laravel\\framework\\src\\Illuminate\\Database\\Console\\Migrations\\MigrateCommand.php(83): Illuminate\\Database\\Migrations\\Migrator->usingConnection(NULL, Object(Closure))
#26 C:\\Users\\HP\\Documents\\laravel\\workunity-app\\vendor\\laravel\\framework\\src\\Illuminate\\Container\\BoundMethod.php(36): Illuminate\\Database\\Console\\Migrations\\MigrateCommand->handle()
#27 C:\\Users\\HP\\Documents\\laravel\\workunity-app\\vendor\\laravel\\framework\\src\\Illuminate\\Container\\Util.php(41): Illuminate\\Container\\BoundMethod::Illuminate\\Container\\{closure}()
#28 C:\\Users\\HP\\Documents\\laravel\\workunity-app\\vendor\\laravel\\framework\\src\\Illuminate\\Container\\BoundMethod.php(93): Illuminate\\Container\\Util::unwrapIfClosure(Object(Closure))
#29 C:\\Users\\HP\\Documents\\laravel\\workunity-app\\vendor\\laravel\\framework\\src\\Illuminate\\Container\\BoundMethod.php(35): Illuminate\\Container\\BoundMethod::callBoundMethod(Object(Illuminate\\Foundation\\Application), Array, Object(Closure))
#30 C:\\Users\\HP\\Documents\\laravel\\workunity-app\\vendor\\laravel\\framework\\src\\Illuminate\\Container\\Container.php(662): Illuminate\\Container\\BoundMethod::call(Object(Illuminate\\Foundation\\Application), Array, Array, NULL)
#31 C:\\Users\\HP\\Documents\\laravel\\workunity-app\\vendor\\laravel\\framework\\src\\Illuminate\\Console\\Command.php(211): Illuminate\\Container\\Container->call(Array)
#32 C:\\Users\\HP\\Documents\\laravel\\workunity-app\\vendor\\symfony\\console\\Command\\Command.php(326): Illuminate\\Console\\Command->execute(Object(Symfony\\Component\\Console\\Input\\ArgvInput), Object(Illuminate\\Console\\OutputStyle))
#33 C:\\Users\\HP\\Documents\\laravel\\workunity-app\\vendor\\laravel\\framework\\src\\Illuminate\\Console\\Command.php(180): Symfony\\Component\\Console\\Command\\Command->run(Object(Symfony\\Component\\Console\\Input\\ArgvInput), Object(Illuminate\\Console\\OutputStyle))
#34 C:\\Users\\HP\\Documents\\laravel\\workunity-app\\vendor\\symfony\\console\\Application.php(1096): Illuminate\\Console\\Command->run(Object(Symfony\\Component\\Console\\Input\\ArgvInput), Object(Symfony\\Component\\Console\\Output\\ConsoleOutput))
#35 C:\\Users\\HP\\Documents\\laravel\\workunity-app\\vendor\\symfony\\console\\Application.php(324): Symfony\\Component\\Console\\Application->doRunCommand(Object(Illuminate\\Database\\Console\\Migrations\\MigrateCommand), Object(Symfony\\Component\\Console\\Input\\ArgvInput), Object(Symfony\\Component\\Console\\Output\\ConsoleOutput))
#36 C:\\Users\\HP\\Documents\\laravel\\workunity-app\\vendor\\symfony\\console\\Application.php(175): Symfony\\Component\\Console\\Application->doRun(Object(Symfony\\Component\\Console\\Input\\ArgvInput), Object(Symfony\\Component\\Console\\Output\\ConsoleOutput))
#37 C:\\Users\\HP\\Documents\\laravel\\workunity-app\\vendor\\laravel\\framework\\src\\Illuminate\\Foundation\\Console\\Kernel.php(201): Symfony\\Component\\Console\\Application->run(Object(Symfony\\Component\\Console\\Input\\ArgvInput), Object(Symfony\\Component\\Console\\Output\\ConsoleOutput))
#38 C:\\Users\\HP\\Documents\\laravel\\workunity-app\\artisan(35): Illuminate\\Foundation\\Console\\Kernel->handle(Object(Symfony\\Component\\Console\\Input\\ArgvInput), Object(Symfony\\Component\\Console\\Output\\ConsoleOutput))
#39 {main}
"} 
[2025-10-24 21:39:17] local.ERROR: SQLSTATE[HY000] [2002] No connection could be made because the target machine actively refused it (Connection: mysql, SQL: select table_name as `name`, (data_length + index_length) as `size`, table_comment as `comment`, engine as `engine`, table_collation as `collation` from information_schema.tables where table_schema = 'laravel' and table_type in ('BASE TABLE', 'SYSTEM VERSIONED') order by table_name) {"exception":"[object] (Illuminate\\Database\\QueryException(code: 2002): SQLSTATE[HY000] [2002] No connection could be made because the target machine actively refused it (Connection: mysql, SQL: select table_name as `name`, (data_length + index_length) as `size`, table_comment as `comment`, engine as `engine`, table_collation as `collation` from information_schema.tables where table_schema = 'laravel' and table_type in ('BASE TABLE', 'SYSTEM VERSIONED') order by table_name) at C:\\Users\\HP\\Documents\\laravel\\workunity-app\\vendor\\laravel\\framework\\src\\Illuminate\\Database\\Connection.php:829)
[stacktrace]
#0 C:\\Users\\HP\\Documents\\laravel\\workunity-app\\vendor\\laravel\\framework\\src\\Illuminate\\Database\\Connection.php(983): Illuminate\\Database\\Connection->runQueryCallback('select table_na...', Array, Object(Closure))
#1 C:\\Users\\HP\\Documents\\laravel\\workunity-app\\vendor\\laravel\\framework\\src\\Illuminate\\Database\\Connection.php(962): Illuminate\\Database\\Connection->tryAgainIfCausedByLostConnection(Object(Illuminate\\Database\\QueryException), 'select table_na...', Array, Object(Closure))
#2 C:\\Users\\HP\\Documents\\laravel\\workunity-app\\vendor\\laravel\\framework\\src\\Illuminate\\Database\\Connection.php(785): Illuminate\\Database\\Connection->handleQueryException(Object(Illuminate\\Database\\QueryException), 'select table_na...', Array, Object(Closure))
#3 C:\\Users\\HP\\Documents\\laravel\\workunity-app\\vendor\\laravel\\framework\\src\\Illuminate\\Database\\Connection.php(414): Illuminate\\Database\\Connection->run('select table_na...', Array, Object(Closure))
#4 C:\\Users\\HP\\Documents\\laravel\\workunity-app\\vendor\\laravel\\framework\\src\\Illuminate\\Database\\Connection.php(401): Illuminate\\Database\\Connection->select('select table_na...', Array, false)
#5 C:\\Users\\HP\\Documents\\laravel\\workunity-app\\vendor\\laravel\\framework\\src\\Illuminate\\Database\\Schema\\MySqlBuilder.php(41): Illuminate\\Database\\Connection->selectFromWriteConnection('select table_na...')
#6 C:\\Users\\HP\\Documents\\laravel\\workunity-app\\vendor\\laravel\\framework\\src\\Illuminate\\Database\\Schema\\MySqlBuilder.php(147): Illuminate\\Database\\Schema\\MySqlBuilder->getTables()
#7 C:\\Users\\HP\\Documents\\laravel\\workunity-app\\vendor\\laravel\\framework\\src\\Illuminate\\Database\\Console\\WipeCommand.php(71): Illuminate\\Database\\Schema\\MySqlBuilder->dropAllTables()
#8 C:\\Users\\HP\\Documents\\laravel\\workunity-app\\vendor\\laravel\\framework\\src\\Illuminate\\Database\\Console\\WipeCommand.php(48): Illuminate\\Database\\Console\\WipeCommand->dropAllTables(NULL)
#9 C:\\Users\\HP\\Documents\\laravel\\workunity-app\\vendor\\laravel\\framework\\src\\Illuminate\\Container\\BoundMethod.php(36): Illuminate\\Database\\Console\\WipeCommand->handle()
#10 C:\\Users\\HP\\Documents\\laravel\\workunity-app\\vendor\\laravel\\framework\\src\\Illuminate\\Container\\Util.php(41): Illuminate\\Container\\BoundMethod::Illuminate\\Container\\{closure}()
#11 C:\\Users\\HP\\Documents\\laravel\\workunity-app\\vendor\\laravel\\framework\\src\\Illuminate\\Container\\BoundMethod.php(93): Illuminate\\Container\\Util::unwrapIfClosure(Object(Closure))
#12 C:\\Users\\HP\\Documents\\laravel\\workunity-app\\vendor\\laravel\\framework\\src\\Illuminate\\Container\\BoundMethod.php(35): Illuminate\\Container\\BoundMethod::callBoundMethod(Object(Illuminate\\Foundation\\Application), Array, Object(Closure))
#13 C:\\Users\\HP\\Documents\\laravel\\workunity-app\\vendor\\laravel\\framework\\src\\Illuminate\\Container\\Container.php(662): Illuminate\\Container\\BoundMethod::call(Object(Illuminate\\Foundation\\Application), Array, Array, NULL)
#14 C:\\Users\\HP\\Documents\\laravel\\workunity-app\\vendor\\laravel\\framework\\src\\Illuminate\\Console\\Command.php(211): Illuminate\\Container\\Container->call(Array)
#15 C:\\Users\\HP\\Documents\\laravel\\workunity-app\\vendor\\symfony\\console\\Command\\Command.php(326): Illuminate\\Console\\Command->execute(Object(Symfony\\Component\\Console\\Input\\ArrayInput), Object(Illuminate\\Console\\OutputStyle))
#16 C:\\Users\\HP\\Documents\\laravel\\workunity-app\\vendor\\laravel\\framework\\src\\Illuminate\\Console\\Command.php(180): Symfony\\Component\\Console\\Command\\Command->run(Object(Symfony\\Component\\Console\\Input\\ArrayInput), Object(Illuminate\\Console\\OutputStyle))
#17 C:\\Users\\HP\\Documents\\laravel\\workunity-app\\vendor\\laravel\\framework\\src\\Illuminate\\Console\\Concerns\\CallsCommands.php(67): Illuminate\\Console\\Command->run(Object(Symfony\\Component\\Console\\Input\\ArrayInput), Object(Symfony\\Component\\Console\\Output\\NullOutput))
#18 C:\\Users\\HP\\Documents\\laravel\\workunity-app\\vendor\\laravel\\framework\\src\\Illuminate\\Console\\Concerns\\CallsCommands.php(40): Illuminate\\Console\\Command->runCommand('db:wipe', Array, Object(Symfony\\Component\\Console\\Output\\NullOutput))
#19 C:\\Users\\HP\\Documents\\laravel\\workunity-app\\vendor\\laravel\\framework\\src\\Illuminate\\Database\\Console\\Migrations\\FreshCommand.php(44): Illuminate\\Console\\Command->callSilent('db:wipe', Array)
#20 C:\\Users\\HP\\Documents\\laravel\\workunity-app\\vendor\\laravel\\framework\\src\\Illuminate\\Console\\View\\Components\\Task.php(37): Illuminate\\Database\\Console\\Migrations\\FreshCommand->Illuminate\\Database\\Console\\Migrations\\{closure}()
#21 C:\\Users\\HP\\Documents\\laravel\\workunity-app\\vendor\\laravel\\framework\\src\\Illuminate\\Console\\View\\Components\\Factory.php(58): Illuminate\\Console\\View\\Components\\Task->render('Dropping all ta...', Object(Closure))
#22 C:\\Users\\HP\\Documents\\laravel\\workunity-app\\vendor\\laravel\\framework\\src\\Illuminate\\Database\\Console\\Migrations\\FreshCommand.php(44): Illuminate\\Console\\View\\Components\\Factory->__call('task', Array)
#23 C:\\Users\\HP\\Documents\\laravel\\workunity-app\\vendor\\laravel\\framework\\src\\Illuminate\\Container\\BoundMethod.php(36): Illuminate\\Database\\Console\\Migrations\\FreshCommand->handle()
#24 C:\\Users\\HP\\Documents\\laravel\\workunity-app\\vendor\\laravel\\framework\\src\\Illuminate\\Container\\Util.php(41): Illuminate\\Container\\BoundMethod::Illuminate\\Container\\{closure}()
#25 C:\\Users\\HP\\Documents\\laravel\\workunity-app\\vendor\\laravel\\framework\\src\\Illuminate\\Container\\BoundMethod.php(93): Illuminate\\Container\\Util::unwrapIfClosure(Object(Closure))
#26 C:\\Users\\HP\\Documents\\laravel\\workunity-app\\vendor\\laravel\\framework\\src\\Illuminate\\Container\\BoundMethod.php(35): Illuminate\\Container\\BoundMethod::callBoundMethod(Object(Illuminate\\Foundation\\Application), Array, Object(Closure))
#27 C:\\Users\\HP\\Documents\\laravel\\workunity-app\\vendor\\laravel\\framework\\src\\Illuminate\\Container\\Container.php(662): Illuminate\\Container\\BoundMethod::call(Object(Illuminate\\Foundation\\Application), Array, Array, NULL)
#28 C:\\Users\\HP\\Documents\\laravel\\workunity-app\\vendor\\laravel\\framework\\src\\Illuminate\\Console\\Command.php(211): Illuminate\\Container\\Container->call(Array)
#29 C:\\Users\\HP\\Documents\\laravel\\workunity-app\\vendor\\symfony\\console\\Command\\Command.php(326): Illuminate\\Console\\Command->execute(Object(Symfony\\Component\\Console\\Input\\ArgvInput), Object(Illuminate\\Console\\OutputStyle))
#30 C:\\Users\\HP\\Documents\\laravel\\workunity-app\\vendor\\laravel\\framework\\src\\Illuminate\\Console\\Command.php(180): Symfony\\Component\\Console\\Command\\Command->run(Object(Symfony\\Component\\Console\\Input\\ArgvInput), Object(Illuminate\\Console\\OutputStyle))
#31 C:\\Users\\HP\\Documents\\laravel\\workunity-app\\vendor\\symfony\\console\\Application.php(1096): Illuminate\\Console\\Command->run(Object(Symfony\\Component\\Console\\Input\\ArgvInput), Object(Symfony\\Component\\Console\\Output\\ConsoleOutput))
#32 C:\\Users\\HP\\Documents\\laravel\\workunity-app\\vendor\\symfony\\console\\Application.php(324): Symfony\\Component\\Console\\Application->doRunCommand(Object(Illuminate\\Database\\Console\\Migrations\\FreshCommand), Object(Symfony\\Component\\Console\\Input\\ArgvInput), Object(Symfony\\Component\\Console\\Output\\ConsoleOutput))
#33 C:\\Users\\HP\\Documents\\laravel\\workunity-app\\vendor\\symfony\\console\\Application.php(175): Symfony\\Component\\Console\\Application->doRun(Object(Symfony\\Component\\Console\\Input\\ArgvInput), Object(Symfony\\Component\\Console\\Output\\ConsoleOutput))
#34 C:\\Users\\HP\\Documents\\laravel\\workunity-app\\vendor\\laravel\\framework\\src\\Illuminate\\Foundation\\Console\\Kernel.php(201): Symfony\\Component\\Console\\Application->run(Object(Symfony\\Component\\Console\\Input\\ArgvInput), Object(Symfony\\Component\\Console\\Output\\ConsoleOutput))
#35 C:\\Users\\HP\\Documents\\laravel\\workunity-app\\artisan(35): Illuminate\\Foundation\\Console\\Kernel->handle(Object(Symfony\\Component\\Console\\Input\\ArgvInput), Object(Symfony\\Component\\Console\\Output\\ConsoleOutput))
#36 {main}

[previous exception] [object] (PDOException(code: 2002): SQLSTATE[HY000] [2002] No connection could be made because the target machine actively refused it at C:\\Users\\HP\\Documents\\laravel\\workunity-app\\vendor\\laravel\\framework\\src\\Illuminate\\Database\\Connectors\\Connector.php:65)
[stacktrace]
#0 C:\\Users\\HP\\Documents\\laravel\\workunity-app\\vendor\\laravel\\framework\\src\\Illuminate\\Database\\Connectors\\Connector.php(65): PDO->__construct('mysql:host=127....', 'root', Object(SensitiveParameterValue), Array)
#1 C:\\Users\\HP\\Documents\\laravel\\workunity-app\\vendor\\laravel\\framework\\src\\Illuminate\\Database\\Connectors\\Connector.php(83): Illuminate\\Database\\Connectors\\Connector->createPdoConnection('mysql:host=127....', 'root', '', Array)
#2 C:\\Users\\HP\\Documents\\laravel\\workunity-app\\vendor\\laravel\\framework\\src\\Illuminate\\Database\\Connectors\\Connector.php(48): Illuminate\\Database\\Connectors\\Connector->tryAgainIfCausedByLostConnection(Object(PDOException), 'mysql:host=127....', 'root', '', Array)
#3 C:\\Users\\HP\\Documents\\laravel\\workunity-app\\vendor\\laravel\\framework\\src\\Illuminate\\Database\\Connectors\\MySqlConnector.php(24): Illuminate\\Database\\Connectors\\Connector->createConnection('mysql:host=127....', Array, Array)
#4 C:\\Users\\HP\\Documents\\laravel\\workunity-app\\vendor\\laravel\\framework\\src\\Illuminate\\Database\\Connectors\\ConnectionFactory.php(184): Illuminate\\Database\\Connectors\\MySqlConnector->connect(Array)
#5 [internal function]: Illuminate\\Database\\Connectors\\ConnectionFactory->Illuminate\\Database\\Connectors\\{closure}()
#6 C:\\Users\\HP\\Documents\\laravel\\workunity-app\\vendor\\laravel\\framework\\src\\Illuminate\\Database\\Connection.php(1339): call_user_func(Object(Closure))
#7 C:\\Users\\HP\\Documents\\laravel\\workunity-app\\vendor\\laravel\\framework\\src\\Illuminate\\Database\\Connection.php(528): Illuminate\\Database\\Connection->getPdo()
#8 C:\\Users\\HP\\Documents\\laravel\\workunity-app\\vendor\\laravel\\framework\\src\\Illuminate\\Database\\Connection.php(423): Illuminate\\Database\\Connection->getPdoForSelect(false)
#9 C:\\Users\\HP\\Documents\\laravel\\workunity-app\\vendor\\laravel\\framework\\src\\Illuminate\\Database\\Connection.php(816): Illuminate\\Database\\Connection->Illuminate\\Database\\{closure}('select table_na...', Array)
#10 C:\\Users\\HP\\Documents\\laravel\\workunity-app\\vendor\\laravel\\framework\\src\\Illuminate\\Database\\Connection.php(983): Illuminate\\Database\\Connection->runQueryCallback('select table_na...', Array, Object(Closure))
#11 C:\\Users\\HP\\Documents\\laravel\\workunity-app\\vendor\\laravel\\framework\\src\\Illuminate\\Database\\Connection.php(962): Illuminate\\Database\\Connection->tryAgainIfCausedByLostConnection(Object(Illuminate\\Database\\QueryException), 'select table_na...', Array, Object(Closure))
#12 C:\\Users\\HP\\Documents\\laravel\\workunity-app\\vendor\\laravel\\framework\\src\\Illuminate\\Database\\Connection.php(785): Illuminate\\Database\\Connection->handleQueryException(Object(Illuminate\\Database\\QueryException), 'select table_na...', Array, Object(Closure))
#13 C:\\Users\\HP\\Documents\\laravel\\workunity-app\\vendor\\laravel\\framework\\src\\Illuminate\\Database\\Connection.php(414): Illuminate\\Database\\Connection->run('select table_na...', Array, Object(Closure))
#14 C:\\Users\\HP\\Documents\\laravel\\workunity-app\\vendor\\laravel\\framework\\src\\Illuminate\\Database\\Connection.php(401): Illuminate\\Database\\Connection->select('select table_na...', Array, false)
#15 C:\\Users\\HP\\Documents\\laravel\\workunity-app\\vendor\\laravel\\framework\\src\\Illuminate\\Database\\Schema\\MySqlBuilder.php(41): Illuminate\\Database\\Connection->selectFromWriteConnection('select table_na...')
#16 C:\\Users\\HP\\Documents\\laravel\\workunity-app\\vendor\\laravel\\framework\\src\\Illuminate\\Database\\Schema\\MySqlBuilder.php(147): Illuminate\\Database\\Schema\\MySqlBuilder->getTables()
#17 C:\\Users\\HP\\Documents\\laravel\\workunity-app\\vendor\\laravel\\framework\\src\\Illuminate\\Database\\Console\\WipeCommand.php(71): Illuminate\\Database\\Schema\\MySqlBuilder->dropAllTables()
#18 C:\\Users\\HP\\Documents\\laravel\\workunity-app\\vendor\\laravel\\framework\\src\\Illuminate\\Database\\Console\\WipeCommand.php(48): Illuminate\\Database\\Console\\WipeCommand->dropAllTables(NULL)
#19 C:\\Users\\HP\\Documents\\laravel\\workunity-app\\vendor\\laravel\\framework\\src\\Illuminate\\Container\\BoundMethod.php(36): Illuminate\\Database\\Console\\WipeCommand->handle()
#20 C:\\Users\\HP\\Documents\\laravel\\workunity-app\\vendor\\laravel\\framework\\src\\Illuminate\\Container\\Util.php(41): Illuminate\\Container\\BoundMethod::Illuminate\\Container\\{closure}()
#21 C:\\Users\\HP\\Documents\\laravel\\workunity-app\\vendor\\laravel\\framework\\src\\Illuminate\\Container\\BoundMethod.php(93): Illuminate\\Container\\Util::unwrapIfClosure(Object(Closure))
#22 C:\\Users\\HP\\Documents\\laravel\\workunity-app\\vendor\\laravel\\framework\\src\\Illuminate\\Container\\BoundMethod.php(35): Illuminate\\Container\\BoundMethod::callBoundMethod(Object(Illuminate\\Foundation\\Application), Array, Object(Closure))
#23 C:\\Users\\HP\\Documents\\laravel\\workunity-app\\vendor\\laravel\\framework\\src\\Illuminate\\Container\\Container.php(662): Illuminate\\Container\\BoundMethod::call(Object(Illuminate\\Foundation\\Application), Array, Array, NULL)
#24 C:\\Users\\HP\\Documents\\laravel\\workunity-app\\vendor\\laravel\\framework\\src\\Illuminate\\Console\\Command.php(211): Illuminate\\Container\\Container->call(Array)
#25 C:\\Users\\HP\\Documents\\laravel\\workunity-app\\vendor\\symfony\\console\\Command\\Command.php(326): Illuminate\\Console\\Command->execute(Object(Symfony\\Component\\Console\\Input\\ArrayInput), Object(Illuminate\\Console\\OutputStyle))
#26 C:\\Users\\HP\\Documents\\laravel\\workunity-app\\vendor\\laravel\\framework\\src\\Illuminate\\Console\\Command.php(180): Symfony\\Component\\Console\\Command\\Command->run(Object(Symfony\\Component\\Console\\Input\\ArrayInput), Object(Illuminate\\Console\\OutputStyle))
#27 C:\\Users\\HP\\Documents\\laravel\\workunity-app\\vendor\\laravel\\framework\\src\\Illuminate\\Console\\Concerns\\CallsCommands.php(67): Illuminate\\Console\\Command->run(Object(Symfony\\Component\\Console\\Input\\ArrayInput), Object(Symfony\\Component\\Console\\Output\\NullOutput))
#28 C:\\Users\\HP\\Documents\\laravel\\workunity-app\\vendor\\laravel\\framework\\src\\Illuminate\\Console\\Concerns\\CallsCommands.php(40): Illuminate\\Console\\Command->runCommand('db:wipe', Array, Object(Symfony\\Component\\Console\\Output\\NullOutput))
#29 C:\\Users\\HP\\Documents\\laravel\\workunity-app\\vendor\\laravel\\framework\\src\\Illuminate\\Database\\Console\\Migrations\\FreshCommand.php(44): Illuminate\\Console\\Command->callSilent('db:wipe', Array)
#30 C:\\Users\\HP\\Documents\\laravel\\workunity-app\\vendor\\laravel\\framework\\src\\Illuminate\\Console\\View\\Components\\Task.php(37): Illuminate\\Database\\Console\\Migrations\\FreshCommand->Illuminate\\Database\\Console\\Migrations\\{closure}()
#31 C:\\Users\\HP\\Documents\\laravel\\workunity-app\\vendor\\laravel\\framework\\src\\Illuminate\\Console\\View\\Components\\Factory.php(58): Illuminate\\Console\\View\\Components\\Task->render('Dropping all ta...', Object(Closure))
#32 C:\\Users\\HP\\Documents\\laravel\\workunity-app\\vendor\\laravel\\framework\\src\\Illuminate\\Database\\Console\\Migrations\\FreshCommand.php(44): Illuminate\\Console\\View\\Components\\Factory->__call('task', Array)
#33 C:\\Users\\HP\\Documents\\laravel\\workunity-app\\vendor\\laravel\\framework\\src\\Illuminate\\Container\\BoundMethod.php(36): Illuminate\\Database\\Console\\Migrations\\FreshCommand->handle()
#34 C:\\Users\\HP\\Documents\\laravel\\workunity-app\\vendor\\laravel\\framework\\src\\Illuminate\\Container\\Util.php(41): Illuminate\\Container\\BoundMethod::Illuminate\\Container\\{closure}()
#35 C:\\Users\\HP\\Documents\\laravel\\workunity-app\\vendor\\laravel\\framework\\src\\Illuminate\\Container\\BoundMethod.php(93): Illuminate\\Container\\Util::unwrapIfClosure(Object(Closure))
#36 C:\\Users\\HP\\Documents\\laravel\\workunity-app\\vendor\\laravel\\framework\\src\\Illuminate\\Container\\BoundMethod.php(35): Illuminate\\Container\\BoundMethod::callBoundMethod(Object(Illuminate\\Foundation\\Application), Array, Object(Closure))
#37 C:\\Users\\HP\\Documents\\laravel\\workunity-app\\vendor\\laravel\\framework\\src\\Illuminate\\Container\\Container.php(662): Illuminate\\Container\\BoundMethod::call(Object(Illuminate\\Foundation\\Application), Array, Array, NULL)
#38 C:\\Users\\HP\\Documents\\laravel\\workunity-app\\vendor\\laravel\\framework\\src\\Illuminate\\Console\\Command.php(211): Illuminate\\Container\\Container->call(Array)
#39 C:\\Users\\HP\\Documents\\laravel\\workunity-app\\vendor\\symfony\\console\\Command\\Command.php(326): Illuminate\\Console\\Command->execute(Object(Symfony\\Component\\Console\\Input\\ArgvInput), Object(Illuminate\\Console\\OutputStyle))
#40 C:\\Users\\HP\\Documents\\laravel\\workunity-app\\vendor\\laravel\\framework\\src\\Illuminate\\Console\\Command.php(180): Symfony\\Component\\Console\\Command\\Command->run(Object(Symfony\\Component\\Console\\Input\\ArgvInput), Object(Illuminate\\Console\\OutputStyle))
#41 C:\\Users\\HP\\Documents\\laravel\\workunity-app\\vendor\\symfony\\console\\Application.php(1096): Illuminate\\Console\\Command->run(Object(Symfony\\Component\\Console\\Input\\ArgvInput), Object(Symfony\\Component\\Console\\Output\\ConsoleOutput))
#42 C:\\Users\\HP\\Documents\\laravel\\workunity-app\\vendor\\symfony\\console\\Application.php(324): Symfony\\Component\\Console\\Application->doRunCommand(Object(Illuminate\\Database\\Console\\Migrations\\FreshCommand), Object(Symfony\\Component\\Console\\Input\\ArgvInput), Object(Symfony\\Component\\Console\\Output\\ConsoleOutput))
#43 C:\\Users\\HP\\Documents\\laravel\\workunity-app\\vendor\\symfony\\console\\Application.php(175): Symfony\\Component\\Console\\Application->doRun(Object(Symfony\\Component\\Console\\Input\\ArgvInput), Object(Symfony\\Component\\Console\\Output\\ConsoleOutput))
#44 C:\\Users\\HP\\Documents\\laravel\\workunity-app\\vendor\\laravel\\framework\\src\\Illuminate\\Foundation\\Console\\Kernel.php(201): Symfony\\Component\\Console\\Application->run(Object(Symfony\\Component\\Console\\Input\\ArgvInput), Object(Symfony\\Component\\Console\\Output\\ConsoleOutput))
#45 C:\\Users\\HP\\Documents\\laravel\\workunity-app\\artisan(35): Illuminate\\Foundation\\Console\\Kernel->handle(Object(Symfony\\Component\\Console\\Input\\ArgvInput), Object(Symfony\\Component\\Console\\Output\\ConsoleOutput))
#46 {main}
"} 
[2025-10-24 22:00:18] local.ERROR: SQLSTATE[HY000] [2002] No connection could be made because the target machine actively refused it (Connection: mysql, SQL: select table_name as `name`, (data_length + index_length) as `size`, table_comment as `comment`, engine as `engine`, table_collation as `collation` from information_schema.tables where table_schema = 'laravel' and table_type in ('BASE TABLE', 'SYSTEM VERSIONED') order by table_name) {"exception":"[object] (Illuminate\\Database\\QueryException(code: 2002): SQLSTATE[HY000] [2002] No connection could be made because the target machine actively refused it (Connection: mysql, SQL: select table_name as `name`, (data_length + index_length) as `size`, table_comment as `comment`, engine as `engine`, table_collation as `collation` from information_schema.tables where table_schema = 'laravel' and table_type in ('BASE TABLE', 'SYSTEM VERSIONED') order by table_name) at C:\\Users\\HP\\Documents\\laravel\\workunity-app\\vendor\\laravel\\framework\\src\\Illuminate\\Database\\Connection.php:829)
[stacktrace]
#0 C:\\Users\\HP\\Documents\\laravel\\workunity-app\\vendor\\laravel\\framework\\src\\Illuminate\\Database\\Connection.php(983): Illuminate\\Database\\Connection->runQueryCallback('select table_na...', Array, Object(Closure))
#1 C:\\Users\\HP\\Documents\\laravel\\workunity-app\\vendor\\laravel\\framework\\src\\Illuminate\\Database\\Connection.php(962): Illuminate\\Database\\Connection->tryAgainIfCausedByLostConnection(Object(Illuminate\\Database\\QueryException), 'select table_na...', Array, Object(Closure))
#2 C:\\Users\\HP\\Documents\\laravel\\workunity-app\\vendor\\laravel\\framework\\src\\Illuminate\\Database\\Connection.php(785): Illuminate\\Database\\Connection->handleQueryException(Object(Illuminate\\Database\\QueryException), 'select table_na...', Array, Object(Closure))
#3 C:\\Users\\HP\\Documents\\laravel\\workunity-app\\vendor\\laravel\\framework\\src\\Illuminate\\Database\\Connection.php(414): Illuminate\\Database\\Connection->run('select table_na...', Array, Object(Closure))
#4 C:\\Users\\HP\\Documents\\laravel\\workunity-app\\vendor\\laravel\\framework\\src\\Illuminate\\Database\\Connection.php(401): Illuminate\\Database\\Connection->select('select table_na...', Array, false)
#5 C:\\Users\\HP\\Documents\\laravel\\workunity-app\\vendor\\laravel\\framework\\src\\Illuminate\\Database\\Schema\\MySqlBuilder.php(41): Illuminate\\Database\\Connection->selectFromWriteConnection('select table_na...')
#6 C:\\Users\\HP\\Documents\\laravel\\workunity-app\\vendor\\laravel\\framework\\src\\Illuminate\\Database\\Schema\\Builder.php(165): Illuminate\\Database\\Schema\\MySqlBuilder->getTables(false)
#7 C:\\Users\\HP\\Documents\\laravel\\workunity-app\\vendor\\laravel\\framework\\src\\Illuminate\\Database\\Migrations\\DatabaseMigrationRepository.php(184): Illuminate\\Database\\Schema\\Builder->hasTable('migrations')
#8 C:\\Users\\HP\\Documents\\laravel\\workunity-app\\vendor\\laravel\\framework\\src\\Illuminate\\Database\\Migrations\\Migrator.php(727): Illuminate\\Database\\Migrations\\DatabaseMigrationRepository->repositoryExists()
#9 C:\\Users\\HP\\Documents\\laravel\\workunity-app\\vendor\\laravel\\framework\\src\\Illuminate\\Database\\Console\\Migrations\\MigrateCommand.php(140): Illuminate\\Database\\Migrations\\Migrator->repositoryExists()
#10 C:\\Users\\HP\\Documents\\laravel\\workunity-app\\vendor\\laravel\\framework\\src\\Illuminate\\Support\\helpers.php(261): Illuminate\\Database\\Console\\Migrations\\MigrateCommand->Illuminate\\Database\\Console\\Migrations\\{closure}(1)
#11 C:\\Users\\HP\\Documents\\laravel\\workunity-app\\vendor\\laravel\\framework\\src\\Illuminate\\Database\\Console\\Migrations\\MigrateCommand.php(140): retry(1, Object(Closure), 0, Object(Closure))
#12 C:\\Users\\HP\\Documents\\laravel\\workunity-app\\vendor\\laravel\\framework\\src\\Illuminate\\Database\\Console\\Migrations\\MigrateCommand.php(116): Illuminate\\Database\\Console\\Migrations\\MigrateCommand->repositoryExists()
#13 C:\\Users\\HP\\Documents\\laravel\\workunity-app\\vendor\\laravel\\framework\\src\\Illuminate\\Database\\Console\\Migrations\\MigrateCommand.php(84): Illuminate\\Database\\Console\\Migrations\\MigrateCommand->prepareDatabase()
#14 C:\\Users\\HP\\Documents\\laravel\\workunity-app\\vendor\\laravel\\framework\\src\\Illuminate\\Database\\Migrations\\Migrator.php(641): Illuminate\\Database\\Console\\Migrations\\MigrateCommand->Illuminate\\Database\\Console\\Migrations\\{closure}()
#15 C:\\Users\\HP\\Documents\\laravel\\workunity-app\\vendor\\laravel\\framework\\src\\Illuminate\\Database\\Console\\Migrations\\MigrateCommand.php(83): Illuminate\\Database\\Migrations\\Migrator->usingConnection(NULL, Object(Closure))
#16 C:\\Users\\HP\\Documents\\laravel\\workunity-app\\vendor\\laravel\\framework\\src\\Illuminate\\Container\\BoundMethod.php(36): Illuminate\\Database\\Console\\Migrations\\MigrateCommand->handle()
#17 C:\\Users\\HP\\Documents\\laravel\\workunity-app\\vendor\\laravel\\framework\\src\\Illuminate\\Container\\Util.php(41): Illuminate\\Container\\BoundMethod::Illuminate\\Container\\{closure}()
#18 C:\\Users\\HP\\Documents\\laravel\\workunity-app\\vendor\\laravel\\framework\\src\\Illuminate\\Container\\BoundMethod.php(93): Illuminate\\Container\\Util::unwrapIfClosure(Object(Closure))
#19 C:\\Users\\HP\\Documents\\laravel\\workunity-app\\vendor\\laravel\\framework\\src\\Illuminate\\Container\\BoundMethod.php(35): Illuminate\\Container\\BoundMethod::callBoundMethod(Object(Illuminate\\Foundation\\Application), Array, Object(Closure))
#20 C:\\Users\\HP\\Documents\\laravel\\workunity-app\\vendor\\laravel\\framework\\src\\Illuminate\\Container\\Container.php(662): Illuminate\\Container\\BoundMethod::call(Object(Illuminate\\Foundation\\Application), Array, Array, NULL)
#21 C:\\Users\\HP\\Documents\\laravel\\workunity-app\\vendor\\laravel\\framework\\src\\Illuminate\\Console\\Command.php(211): Illuminate\\Container\\Container->call(Array)
#22 C:\\Users\\HP\\Documents\\laravel\\workunity-app\\vendor\\symfony\\console\\Command\\Command.php(326): Illuminate\\Console\\Command->execute(Object(Symfony\\Component\\Console\\Input\\ArgvInput), Object(Illuminate\\Console\\OutputStyle))
#23 C:\\Users\\HP\\Documents\\laravel\\workunity-app\\vendor\\laravel\\framework\\src\\Illuminate\\Console\\Command.php(180): Symfony\\Component\\Console\\Command\\Command->run(Object(Symfony\\Component\\Console\\Input\\ArgvInput), Object(Illuminate\\Console\\OutputStyle))
#24 C:\\Users\\HP\\Documents\\laravel\\workunity-app\\vendor\\symfony\\console\\Application.php(1096): Illuminate\\Console\\Command->run(Object(Symfony\\Component\\Console\\Input\\ArgvInput), Object(Symfony\\Component\\Console\\Output\\ConsoleOutput))
#25 C:\\Users\\HP\\Documents\\laravel\\workunity-app\\vendor\\symfony\\console\\Application.php(324): Symfony\\Component\\Console\\Application->doRunCommand(Object(Illuminate\\Database\\Console\\Migrations\\MigrateCommand), Object(Symfony\\Component\\Console\\Input\\ArgvInput), Object(Symfony\\Component\\Console\\Output\\ConsoleOutput))
#26 C:\\Users\\HP\\Documents\\laravel\\workunity-app\\vendor\\symfony\\console\\Application.php(175): Symfony\\Component\\Console\\Application->doRun(Object(Symfony\\Component\\Console\\Input\\ArgvInput), Object(Symfony\\Component\\Console\\Output\\ConsoleOutput))
#27 C:\\Users\\HP\\Documents\\laravel\\workunity-app\\vendor\\laravel\\framework\\src\\Illuminate\\Foundation\\Console\\Kernel.php(201): Symfony\\Component\\Console\\Application->run(Object(Symfony\\Component\\Console\\Input\\ArgvInput), Object(Symfony\\Component\\Console\\Output\\ConsoleOutput))
#28 C:\\Users\\HP\\Documents\\laravel\\workunity-app\\artisan(35): Illuminate\\Foundation\\Console\\Kernel->handle(Object(Symfony\\Component\\Console\\Input\\ArgvInput), Object(Symfony\\Component\\Console\\Output\\ConsoleOutput))
#29 {main}

[previous exception] [object] (PDOException(code: 2002): SQLSTATE[HY000] [2002] No connection could be made because the target machine actively refused it at C:\\Users\\HP\\Documents\\laravel\\workunity-app\\vendor\\laravel\\framework\\src\\Illuminate\\Database\\Connectors\\Connector.php:65)
[stacktrace]
#0 C:\\Users\\HP\\Documents\\laravel\\workunity-app\\vendor\\laravel\\framework\\src\\Illuminate\\Database\\Connectors\\Connector.php(65): PDO->__construct('mysql:host=127....', 'root', Object(SensitiveParameterValue), Array)
#1 C:\\Users\\HP\\Documents\\laravel\\workunity-app\\vendor\\laravel\\framework\\src\\Illuminate\\Database\\Connectors\\Connector.php(83): Illuminate\\Database\\Connectors\\Connector->createPdoConnection('mysql:host=127....', 'root', '', Array)
#2 C:\\Users\\HP\\Documents\\laravel\\workunity-app\\vendor\\laravel\\framework\\src\\Illuminate\\Database\\Connectors\\Connector.php(48): Illuminate\\Database\\Connectors\\Connector->tryAgainIfCausedByLostConnection(Object(PDOException), 'mysql:host=127....', 'root', '', Array)
#3 C:\\Users\\HP\\Documents\\laravel\\workunity-app\\vendor\\laravel\\framework\\src\\Illuminate\\Database\\Connectors\\MySqlConnector.php(24): Illuminate\\Database\\Connectors\\Connector->createConnection('mysql:host=127....', Array, Array)
#4 C:\\Users\\HP\\Documents\\laravel\\workunity-app\\vendor\\laravel\\framework\\src\\Illuminate\\Database\\Connectors\\ConnectionFactory.php(184): Illuminate\\Database\\Connectors\\MySqlConnector->connect(Array)
#5 [internal function]: Illuminate\\Database\\Connectors\\ConnectionFactory->Illuminate\\Database\\Connectors\\{closure}()
#6 C:\\Users\\HP\\Documents\\laravel\\workunity-app\\vendor\\laravel\\framework\\src\\Illuminate\\Database\\Connection.php(1339): call_user_func(Object(Closure))
#7 C:\\Users\\HP\\Documents\\laravel\\workunity-app\\vendor\\laravel\\framework\\src\\Illuminate\\Database\\Connection.php(528): Illuminate\\Database\\Connection->getPdo()
#8 C:\\Users\\HP\\Documents\\laravel\\workunity-app\\vendor\\laravel\\framework\\src\\Illuminate\\Database\\Connection.php(423): Illuminate\\Database\\Connection->getPdoForSelect(false)
#9 C:\\Users\\HP\\Documents\\laravel\\workunity-app\\vendor\\laravel\\framework\\src\\Illuminate\\Database\\Connection.php(816): Illuminate\\Database\\Connection->Illuminate\\Database\\{closure}('select table_na...', Array)
#10 C:\\Users\\HP\\Documents\\laravel\\workunity-app\\vendor\\laravel\\framework\\src\\Illuminate\\Database\\Connection.php(983): Illuminate\\Database\\Connection->runQueryCallback('select table_na...', Array, Object(Closure))
#11 C:\\Users\\HP\\Documents\\laravel\\workunity-app\\vendor\\laravel\\framework\\src\\Illuminate\\Database\\Connection.php(962): Illuminate\\Database\\Connection->tryAgainIfCausedByLostConnection(Object(Illuminate\\Database\\QueryException), 'select table_na...', Array, Object(Closure))
#12 C:\\Users\\HP\\Documents\\laravel\\workunity-app\\vendor\\laravel\\framework\\src\\Illuminate\\Database\\Connection.php(785): Illuminate\\Database\\Connection->handleQueryException(Object(Illuminate\\Database\\QueryException), 'select table_na...', Array, Object(Closure))
#13 C:\\Users\\HP\\Documents\\laravel\\workunity-app\\vendor\\laravel\\framework\\src\\Illuminate\\Database\\Connection.php(414): Illuminate\\Database\\Connection->run('select table_na...', Array, Object(Closure))
#14 C:\\Users\\HP\\Documents\\laravel\\workunity-app\\vendor\\laravel\\framework\\src\\Illuminate\\Database\\Connection.php(401): Illuminate\\Database\\Connection->select('select table_na...', Array, false)
#15 C:\\Users\\HP\\Documents\\laravel\\workunity-app\\vendor\\laravel\\framework\\src\\Illuminate\\Database\\Schema\\MySqlBuilder.php(41): Illuminate\\Database\\Connection->selectFromWriteConnection('select table_na...')
#16 C:\\Users\\HP\\Documents\\laravel\\workunity-app\\vendor\\laravel\\framework\\src\\Illuminate\\Database\\Schema\\Builder.php(165): Illuminate\\Database\\Schema\\MySqlBuilder->getTables(false)
#17 C:\\Users\\HP\\Documents\\laravel\\workunity-app\\vendor\\laravel\\framework\\src\\Illuminate\\Database\\Migrations\\DatabaseMigrationRepository.php(184): Illuminate\\Database\\Schema\\Builder->hasTable('migrations')
#18 C:\\Users\\HP\\Documents\\laravel\\workunity-app\\vendor\\laravel\\framework\\src\\Illuminate\\Database\\Migrations\\Migrator.php(727): Illuminate\\Database\\Migrations\\DatabaseMigrationRepository->repositoryExists()
#19 C:\\Users\\HP\\Documents\\laravel\\workunity-app\\vendor\\laravel\\framework\\src\\Illuminate\\Database\\Console\\Migrations\\MigrateCommand.php(140): Illuminate\\Database\\Migrations\\Migrator->repositoryExists()
#20 C:\\Users\\HP\\Documents\\laravel\\workunity-app\\vendor\\laravel\\framework\\src\\Illuminate\\Support\\helpers.php(261): Illuminate\\Database\\Console\\Migrations\\MigrateCommand->Illuminate\\Database\\Console\\Migrations\\{closure}(1)
#21 C:\\Users\\HP\\Documents\\laravel\\workunity-app\\vendor\\laravel\\framework\\src\\Illuminate\\Database\\Console\\Migrations\\MigrateCommand.php(140): retry(1, Object(Closure), 0, Object(Closure))
#22 C:\\Users\\HP\\Documents\\laravel\\workunity-app\\vendor\\laravel\\framework\\src\\Illuminate\\Database\\Console\\Migrations\\MigrateCommand.php(116): Illuminate\\Database\\Console\\Migrations\\MigrateCommand->repositoryExists()
#23 C:\\Users\\HP\\Documents\\laravel\\workunity-app\\vendor\\laravel\\framework\\src\\Illuminate\\Database\\Console\\Migrations\\MigrateCommand.php(84): Illuminate\\Database\\Console\\Migrations\\MigrateCommand->prepareDatabase()
#24 C:\\Users\\HP\\Documents\\laravel\\workunity-app\\vendor\\laravel\\framework\\src\\Illuminate\\Database\\Migrations\\Migrator.php(641): Illuminate\\Database\\Console\\Migrations\\MigrateCommand->Illuminate\\Database\\Console\\Migrations\\{closure}()
#25 C:\\Users\\HP\\Documents\\laravel\\workunity-app\\vendor\\laravel\\framework\\src\\Illuminate\\Database\\Console\\Migrations\\MigrateCommand.php(83): Illuminate\\Database\\Migrations\\Migrator->usingConnection(NULL, Object(Closure))
#26 C:\\Users\\HP\\Documents\\laravel\\workunity-app\\vendor\\laravel\\framework\\src\\Illuminate\\Container\\BoundMethod.php(36): Illuminate\\Database\\Console\\Migrations\\MigrateCommand->handle()
#27 C:\\Users\\HP\\Documents\\laravel\\workunity-app\\vendor\\laravel\\framework\\src\\Illuminate\\Container\\Util.php(41): Illuminate\\Container\\BoundMethod::Illuminate\\Container\\{closure}()
#28 C:\\Users\\HP\\Documents\\laravel\\workunity-app\\vendor\\laravel\\framework\\src\\Illuminate\\Container\\BoundMethod.php(93): Illuminate\\Container\\Util::unwrapIfClosure(Object(Closure))
#29 C:\\Users\\HP\\Documents\\laravel\\workunity-app\\vendor\\laravel\\framework\\src\\Illuminate\\Container\\BoundMethod.php(35): Illuminate\\Container\\BoundMethod::callBoundMethod(Object(Illuminate\\Foundation\\Application), Array, Object(Closure))
#30 C:\\Users\\HP\\Documents\\laravel\\workunity-app\\vendor\\laravel\\framework\\src\\Illuminate\\Container\\Container.php(662): Illuminate\\Container\\BoundMethod::call(Object(Illuminate\\Foundation\\Application), Array, Array, NULL)
#31 C:\\Users\\HP\\Documents\\laravel\\workunity-app\\vendor\\laravel\\framework\\src\\Illuminate\\Console\\Command.php(211): Illuminate\\Container\\Container->call(Array)
#32 C:\\Users\\HP\\Documents\\laravel\\workunity-app\\vendor\\symfony\\console\\Command\\Command.php(326): Illuminate\\Console\\Command->execute(Object(Symfony\\Component\\Console\\Input\\ArgvInput), Object(Illuminate\\Console\\OutputStyle))
#33 C:\\Users\\HP\\Documents\\laravel\\workunity-app\\vendor\\laravel\\framework\\src\\Illuminate\\Console\\Command.php(180): Symfony\\Component\\Console\\Command\\Command->run(Object(Symfony\\Component\\Console\\Input\\ArgvInput), Object(Illuminate\\Console\\OutputStyle))
#34 C:\\Users\\HP\\Documents\\laravel\\workunity-app\\vendor\\symfony\\console\\Application.php(1096): Illuminate\\Console\\Command->run(Object(Symfony\\Component\\Console\\Input\\ArgvInput), Object(Symfony\\Component\\Console\\Output\\ConsoleOutput))
#35 C:\\Users\\HP\\Documents\\laravel\\workunity-app\\vendor\\symfony\\console\\Application.php(324): Symfony\\Component\\Console\\Application->doRunCommand(Object(Illuminate\\Database\\Console\\Migrations\\MigrateCommand), Object(Symfony\\Component\\Console\\Input\\ArgvInput), Object(Symfony\\Component\\Console\\Output\\ConsoleOutput))
#36 C:\\Users\\HP\\Documents\\laravel\\workunity-app\\vendor\\symfony\\console\\Application.php(175): Symfony\\Component\\Console\\Application->doRun(Object(Symfony\\Component\\Console\\Input\\ArgvInput), Object(Symfony\\Component\\Console\\Output\\ConsoleOutput))
#37 C:\\Users\\HP\\Documents\\laravel\\workunity-app\\vendor\\laravel\\framework\\src\\Illuminate\\Foundation\\Console\\Kernel.php(201): Symfony\\Component\\Console\\Application->run(Object(Symfony\\Component\\Console\\Input\\ArgvInput), Object(Symfony\\Component\\Console\\Output\\ConsoleOutput))
#38 C:\\Users\\HP\\Documents\\laravel\\workunity-app\\artisan(35): Illuminate\\Foundation\\Console\\Kernel->handle(Object(Symfony\\Component\\Console\\Input\\ArgvInput), Object(Symfony\\Component\\Console\\Output\\ConsoleOutput))
#39 {main}
"} 
[2025-10-24 22:00:48] local.ERROR: SQLSTATE[HY000] [2002] No connection could be made because the target machine actively refused it (Connection: mysql, SQL: select table_name as `name`, (data_length + index_length) as `size`, table_comment as `comment`, engine as `engine`, table_collation as `collation` from information_schema.tables where table_schema = 'laravel' and table_type in ('BASE TABLE', 'SYSTEM VERSIONED') order by table_name) {"exception":"[object] (Illuminate\\Database\\QueryException(code: 2002): SQLSTATE[HY000] [2002] No connection could be made because the target machine actively refused it (Connection: mysql, SQL: select table_name as `name`, (data_length + index_length) as `size`, table_comment as `comment`, engine as `engine`, table_collation as `collation` from information_schema.tables where table_schema = 'laravel' and table_type in ('BASE TABLE', 'SYSTEM VERSIONED') order by table_name) at C:\\Users\\HP\\Documents\\laravel\\workunity-app\\vendor\\laravel\\framework\\src\\Illuminate\\Database\\Connection.php:829)
[stacktrace]
#0 C:\\Users\\HP\\Documents\\laravel\\workunity-app\\vendor\\laravel\\framework\\src\\Illuminate\\Database\\Connection.php(983): Illuminate\\Database\\Connection->runQueryCallback('select table_na...', Array, Object(Closure))
#1 C:\\Users\\HP\\Documents\\laravel\\workunity-app\\vendor\\laravel\\framework\\src\\Illuminate\\Database\\Connection.php(962): Illuminate\\Database\\Connection->tryAgainIfCausedByLostConnection(Object(Illuminate\\Database\\QueryException), 'select table_na...', Array, Object(Closure))
#2 C:\\Users\\HP\\Documents\\laravel\\workunity-app\\vendor\\laravel\\framework\\src\\Illuminate\\Database\\Connection.php(785): Illuminate\\Database\\Connection->handleQueryException(Object(Illuminate\\Database\\QueryException), 'select table_na...', Array, Object(Closure))
#3 C:\\Users\\HP\\Documents\\laravel\\workunity-app\\vendor\\laravel\\framework\\src\\Illuminate\\Database\\Connection.php(414): Illuminate\\Database\\Connection->run('select table_na...', Array, Object(Closure))
#4 C:\\Users\\HP\\Documents\\laravel\\workunity-app\\vendor\\laravel\\framework\\src\\Illuminate\\Database\\Connection.php(401): Illuminate\\Database\\Connection->select('select table_na...', Array, false)
#5 C:\\Users\\HP\\Documents\\laravel\\workunity-app\\vendor\\laravel\\framework\\src\\Illuminate\\Database\\Schema\\MySqlBuilder.php(41): Illuminate\\Database\\Connection->selectFromWriteConnection('select table_na...')
#6 C:\\Users\\HP\\Documents\\laravel\\workunity-app\\vendor\\laravel\\framework\\src\\Illuminate\\Database\\Schema\\MySqlBuilder.php(147): Illuminate\\Database\\Schema\\MySqlBuilder->getTables()
#7 C:\\Users\\HP\\Documents\\laravel\\workunity-app\\vendor\\laravel\\framework\\src\\Illuminate\\Database\\Console\\WipeCommand.php(71): Illuminate\\Database\\Schema\\MySqlBuilder->dropAllTables()
#8 C:\\Users\\HP\\Documents\\laravel\\workunity-app\\vendor\\laravel\\framework\\src\\Illuminate\\Database\\Console\\WipeCommand.php(48): Illuminate\\Database\\Console\\WipeCommand->dropAllTables(NULL)
#9 C:\\Users\\HP\\Documents\\laravel\\workunity-app\\vendor\\laravel\\framework\\src\\Illuminate\\Container\\BoundMethod.php(36): Illuminate\\Database\\Console\\WipeCommand->handle()
#10 C:\\Users\\HP\\Documents\\laravel\\workunity-app\\vendor\\laravel\\framework\\src\\Illuminate\\Container\\Util.php(41): Illuminate\\Container\\BoundMethod::Illuminate\\Container\\{closure}()
#11 C:\\Users\\HP\\Documents\\laravel\\workunity-app\\vendor\\laravel\\framework\\src\\Illuminate\\Container\\BoundMethod.php(93): Illuminate\\Container\\Util::unwrapIfClosure(Object(Closure))
#12 C:\\Users\\HP\\Documents\\laravel\\workunity-app\\vendor\\laravel\\framework\\src\\Illuminate\\Container\\BoundMethod.php(35): Illuminate\\Container\\BoundMethod::callBoundMethod(Object(Illuminate\\Foundation\\Application), Array, Object(Closure))
#13 C:\\Users\\HP\\Documents\\laravel\\workunity-app\\vendor\\laravel\\framework\\src\\Illuminate\\Container\\Container.php(662): Illuminate\\Container\\BoundMethod::call(Object(Illuminate\\Foundation\\Application), Array, Array, NULL)
#14 C:\\Users\\HP\\Documents\\laravel\\workunity-app\\vendor\\laravel\\framework\\src\\Illuminate\\Console\\Command.php(211): Illuminate\\Container\\Container->call(Array)
#15 C:\\Users\\HP\\Documents\\laravel\\workunity-app\\vendor\\symfony\\console\\Command\\Command.php(326): Illuminate\\Console\\Command->execute(Object(Symfony\\Component\\Console\\Input\\ArrayInput), Object(Illuminate\\Console\\OutputStyle))
#16 C:\\Users\\HP\\Documents\\laravel\\workunity-app\\vendor\\laravel\\framework\\src\\Illuminate\\Console\\Command.php(180): Symfony\\Component\\Console\\Command\\Command->run(Object(Symfony\\Component\\Console\\Input\\ArrayInput), Object(Illuminate\\Console\\OutputStyle))
#17 C:\\Users\\HP\\Documents\\laravel\\workunity-app\\vendor\\laravel\\framework\\src\\Illuminate\\Console\\Concerns\\CallsCommands.php(67): Illuminate\\Console\\Command->run(Object(Symfony\\Component\\Console\\Input\\ArrayInput), Object(Symfony\\Component\\Console\\Output\\NullOutput))
#18 C:\\Users\\HP\\Documents\\laravel\\workunity-app\\vendor\\laravel\\framework\\src\\Illuminate\\Console\\Concerns\\CallsCommands.php(40): Illuminate\\Console\\Command->runCommand('db:wipe', Array, Object(Symfony\\Component\\Console\\Output\\NullOutput))
#19 C:\\Users\\HP\\Documents\\laravel\\workunity-app\\vendor\\laravel\\framework\\src\\Illuminate\\Database\\Console\\Migrations\\FreshCommand.php(44): Illuminate\\Console\\Command->callSilent('db:wipe', Array)
#20 C:\\Users\\HP\\Documents\\laravel\\workunity-app\\vendor\\laravel\\framework\\src\\Illuminate\\Console\\View\\Components\\Task.php(37): Illuminate\\Database\\Console\\Migrations\\FreshCommand->Illuminate\\Database\\Console\\Migrations\\{closure}()
#21 C:\\Users\\HP\\Documents\\laravel\\workunity-app\\vendor\\laravel\\framework\\src\\Illuminate\\Console\\View\\Components\\Factory.php(58): Illuminate\\Console\\View\\Components\\Task->render('Dropping all ta...', Object(Closure))
#22 C:\\Users\\HP\\Documents\\laravel\\workunity-app\\vendor\\laravel\\framework\\src\\Illuminate\\Database\\Console\\Migrations\\FreshCommand.php(44): Illuminate\\Console\\View\\Components\\Factory->__call('task', Array)
#23 C:\\Users\\HP\\Documents\\laravel\\workunity-app\\vendor\\laravel\\framework\\src\\Illuminate\\Container\\BoundMethod.php(36): Illuminate\\Database\\Console\\Migrations\\FreshCommand->handle()
#24 C:\\Users\\HP\\Documents\\laravel\\workunity-app\\vendor\\laravel\\framework\\src\\Illuminate\\Container\\Util.php(41): Illuminate\\Container\\BoundMethod::Illuminate\\Container\\{closure}()
#25 C:\\Users\\HP\\Documents\\laravel\\workunity-app\\vendor\\laravel\\framework\\src\\Illuminate\\Container\\BoundMethod.php(93): Illuminate\\Container\\Util::unwrapIfClosure(Object(Closure))
#26 C:\\Users\\HP\\Documents\\laravel\\workunity-app\\vendor\\laravel\\framework\\src\\Illuminate\\Container\\BoundMethod.php(35): Illuminate\\Container\\BoundMethod::callBoundMethod(Object(Illuminate\\Foundation\\Application), Array, Object(Closure))
#27 C:\\Users\\HP\\Documents\\laravel\\workunity-app\\vendor\\laravel\\framework\\src\\Illuminate\\Container\\Container.php(662): Illuminate\\Container\\BoundMethod::call(Object(Illuminate\\Foundation\\Application), Array, Array, NULL)
#28 C:\\Users\\HP\\Documents\\laravel\\workunity-app\\vendor\\laravel\\framework\\src\\Illuminate\\Console\\Command.php(211): Illuminate\\Container\\Container->call(Array)
#29 C:\\Users\\HP\\Documents\\laravel\\workunity-app\\vendor\\symfony\\console\\Command\\Command.php(326): Illuminate\\Console\\Command->execute(Object(Symfony\\Component\\Console\\Input\\ArgvInput), Object(Illuminate\\Console\\OutputStyle))
#30 C:\\Users\\HP\\Documents\\laravel\\workunity-app\\vendor\\laravel\\framework\\src\\Illuminate\\Console\\Command.php(180): Symfony\\Component\\Console\\Command\\Command->run(Object(Symfony\\Component\\Console\\Input\\ArgvInput), Object(Illuminate\\Console\\OutputStyle))
#31 C:\\Users\\HP\\Documents\\laravel\\workunity-app\\vendor\\symfony\\console\\Application.php(1096): Illuminate\\Console\\Command->run(Object(Symfony\\Component\\Console\\Input\\ArgvInput), Object(Symfony\\Component\\Console\\Output\\ConsoleOutput))
#32 C:\\Users\\HP\\Documents\\laravel\\workunity-app\\vendor\\symfony\\console\\Application.php(324): Symfony\\Component\\Console\\Application->doRunCommand(Object(Illuminate\\Database\\Console\\Migrations\\FreshCommand), Object(Symfony\\Component\\Console\\Input\\ArgvInput), Object(Symfony\\Component\\Console\\Output\\ConsoleOutput))
#33 C:\\Users\\HP\\Documents\\laravel\\workunity-app\\vendor\\symfony\\console\\Application.php(175): Symfony\\Component\\Console\\Application->doRun(Object(Symfony\\Component\\Console\\Input\\ArgvInput), Object(Symfony\\Component\\Console\\Output\\ConsoleOutput))
#34 C:\\Users\\HP\\Documents\\laravel\\workunity-app\\vendor\\laravel\\framework\\src\\Illuminate\\Foundation\\Console\\Kernel.php(201): Symfony\\Component\\Console\\Application->run(Object(Symfony\\Component\\Console\\Input\\ArgvInput), Object(Symfony\\Component\\Console\\Output\\ConsoleOutput))
#35 C:\\Users\\HP\\Documents\\laravel\\workunity-app\\artisan(35): Illuminate\\Foundation\\Console\\Kernel->handle(Object(Symfony\\Component\\Console\\Input\\ArgvInput), Object(Symfony\\Component\\Console\\Output\\ConsoleOutput))
#36 {main}

[previous exception] [object] (PDOException(code: 2002): SQLSTATE[HY000] [2002] No connection could be made because the target machine actively refused it at C:\\Users\\HP\\Documents\\laravel\\workunity-app\\vendor\\laravel\\framework\\src\\Illuminate\\Database\\Connectors\\Connector.php:65)
[stacktrace]
#0 C:\\Users\\HP\\Documents\\laravel\\workunity-app\\vendor\\laravel\\framework\\src\\Illuminate\\Database\\Connectors\\Connector.php(65): PDO->__construct('mysql:host=127....', 'root', Object(SensitiveParameterValue), Array)
#1 C:\\Users\\HP\\Documents\\laravel\\workunity-app\\vendor\\laravel\\framework\\src\\Illuminate\\Database\\Connectors\\Connector.php(83): Illuminate\\Database\\Connectors\\Connector->createPdoConnection('mysql:host=127....', 'root', '', Array)
#2 C:\\Users\\HP\\Documents\\laravel\\workunity-app\\vendor\\laravel\\framework\\src\\Illuminate\\Database\\Connectors\\Connector.php(48): Illuminate\\Database\\Connectors\\Connector->tryAgainIfCausedByLostConnection(Object(PDOException), 'mysql:host=127....', 'root', '', Array)
#3 C:\\Users\\HP\\Documents\\laravel\\workunity-app\\vendor\\laravel\\framework\\src\\Illuminate\\Database\\Connectors\\MySqlConnector.php(24): Illuminate\\Database\\Connectors\\Connector->createConnection('mysql:host=127....', Array, Array)
#4 C:\\Users\\HP\\Documents\\laravel\\workunity-app\\vendor\\laravel\\framework\\src\\Illuminate\\Database\\Connectors\\ConnectionFactory.php(184): Illuminate\\Database\\Connectors\\MySqlConnector->connect(Array)
#5 [internal function]: Illuminate\\Database\\Connectors\\ConnectionFactory->Illuminate\\Database\\Connectors\\{closure}()
#6 C:\\Users\\HP\\Documents\\laravel\\workunity-app\\vendor\\laravel\\framework\\src\\Illuminate\\Database\\Connection.php(1339): call_user_func(Object(Closure))
#7 C:\\Users\\HP\\Documents\\laravel\\workunity-app\\vendor\\laravel\\framework\\src\\Illuminate\\Database\\Connection.php(528): Illuminate\\Database\\Connection->getPdo()
#8 C:\\Users\\HP\\Documents\\laravel\\workunity-app\\vendor\\laravel\\framework\\src\\Illuminate\\Database\\Connection.php(423): Illuminate\\Database\\Connection->getPdoForSelect(false)
#9 C:\\Users\\HP\\Documents\\laravel\\workunity-app\\vendor\\laravel\\framework\\src\\Illuminate\\Database\\Connection.php(816): Illuminate\\Database\\Connection->Illuminate\\Database\\{closure}('select table_na...', Array)
#10 C:\\Users\\HP\\Documents\\laravel\\workunity-app\\vendor\\laravel\\framework\\src\\Illuminate\\Database\\Connection.php(983): Illuminate\\Database\\Connection->runQueryCallback('select table_na...', Array, Object(Closure))
#11 C:\\Users\\HP\\Documents\\laravel\\workunity-app\\vendor\\laravel\\framework\\src\\Illuminate\\Database\\Connection.php(962): Illuminate\\Database\\Connection->tryAgainIfCausedByLostConnection(Object(Illuminate\\Database\\QueryException), 'select table_na...', Array, Object(Closure))
#12 C:\\Users\\HP\\Documents\\laravel\\workunity-app\\vendor\\laravel\\framework\\src\\Illuminate\\Database\\Connection.php(785): Illuminate\\Database\\Connection->handleQueryException(Object(Illuminate\\Database\\QueryException), 'select table_na...', Array, Object(Closure))
#13 C:\\Users\\HP\\Documents\\laravel\\workunity-app\\vendor\\laravel\\framework\\src\\Illuminate\\Database\\Connection.php(414): Illuminate\\Database\\Connection->run('select table_na...', Array, Object(Closure))
#14 C:\\Users\\HP\\Documents\\laravel\\workunity-app\\vendor\\laravel\\framework\\src\\Illuminate\\Database\\Connection.php(401): Illuminate\\Database\\Connection->select('select table_na...', Array, false)
#15 C:\\Users\\HP\\Documents\\laravel\\workunity-app\\vendor\\laravel\\framework\\src\\Illuminate\\Database\\Schema\\MySqlBuilder.php(41): Illuminate\\Database\\Connection->selectFromWriteConnection('select table_na...')
#16 C:\\Users\\HP\\Documents\\laravel\\workunity-app\\vendor\\laravel\\framework\\src\\Illuminate\\Database\\Schema\\MySqlBuilder.php(147): Illuminate\\Database\\Schema\\MySqlBuilder->getTables()
#17 C:\\Users\\HP\\Documents\\laravel\\workunity-app\\vendor\\laravel\\framework\\src\\Illuminate\\Database\\Console\\WipeCommand.php(71): Illuminate\\Database\\Schema\\MySqlBuilder->dropAllTables()
#18 C:\\Users\\HP\\Documents\\laravel\\workunity-app\\vendor\\laravel\\framework\\src\\Illuminate\\Database\\Console\\WipeCommand.php(48): Illuminate\\Database\\Console\\WipeCommand->dropAllTables(NULL)
#19 C:\\Users\\HP\\Documents\\laravel\\workunity-app\\vendor\\laravel\\framework\\src\\Illuminate\\Container\\BoundMethod.php(36): Illuminate\\Database\\Console\\WipeCommand->handle()
#20 C:\\Users\\HP\\Documents\\laravel\\workunity-app\\vendor\\laravel\\framework\\src\\Illuminate\\Container\\Util.php(41): Illuminate\\Container\\BoundMethod::Illuminate\\Container\\{closure}()
#21 C:\\Users\\HP\\Documents\\laravel\\workunity-app\\vendor\\laravel\\framework\\src\\Illuminate\\Container\\BoundMethod.php(93): Illuminate\\Container\\Util::unwrapIfClosure(Object(Closure))
#22 C:\\Users\\HP\\Documents\\laravel\\workunity-app\\vendor\\laravel\\framework\\src\\Illuminate\\Container\\BoundMethod.php(35): Illuminate\\Container\\BoundMethod::callBoundMethod(Object(Illuminate\\Foundation\\Application), Array, Object(Closure))
#23 C:\\Users\\HP\\Documents\\laravel\\workunity-app\\vendor\\laravel\\framework\\src\\Illuminate\\Container\\Container.php(662): Illuminate\\Container\\BoundMethod::call(Object(Illuminate\\Foundation\\Application), Array, Array, NULL)
#24 C:\\Users\\HP\\Documents\\laravel\\workunity-app\\vendor\\laravel\\framework\\src\\Illuminate\\Console\\Command.php(211): Illuminate\\Container\\Container->call(Array)
#25 C:\\Users\\HP\\Documents\\laravel\\workunity-app\\vendor\\symfony\\console\\Command\\Command.php(326): Illuminate\\Console\\Command->execute(Object(Symfony\\Component\\Console\\Input\\ArrayInput), Object(Illuminate\\Console\\OutputStyle))
#26 C:\\Users\\HP\\Documents\\laravel\\workunity-app\\vendor\\laravel\\framework\\src\\Illuminate\\Console\\Command.php(180): Symfony\\Component\\Console\\Command\\Command->run(Object(Symfony\\Component\\Console\\Input\\ArrayInput), Object(Illuminate\\Console\\OutputStyle))
#27 C:\\Users\\HP\\Documents\\laravel\\workunity-app\\vendor\\laravel\\framework\\src\\Illuminate\\Console\\Concerns\\CallsCommands.php(67): Illuminate\\Console\\Command->run(Object(Symfony\\Component\\Console\\Input\\ArrayInput), Object(Symfony\\Component\\Console\\Output\\NullOutput))
#28 C:\\Users\\HP\\Documents\\laravel\\workunity-app\\vendor\\laravel\\framework\\src\\Illuminate\\Console\\Concerns\\CallsCommands.php(40): Illuminate\\Console\\Command->runCommand('db:wipe', Array, Object(Symfony\\Component\\Console\\Output\\NullOutput))
#29 C:\\Users\\HP\\Documents\\laravel\\workunity-app\\vendor\\laravel\\framework\\src\\Illuminate\\Database\\Console\\Migrations\\FreshCommand.php(44): Illuminate\\Console\\Command->callSilent('db:wipe', Array)
#30 C:\\Users\\HP\\Documents\\laravel\\workunity-app\\vendor\\laravel\\framework\\src\\Illuminate\\Console\\View\\Components\\Task.php(37): Illuminate\\Database\\Console\\Migrations\\FreshCommand->Illuminate\\Database\\Console\\Migrations\\{closure}()
#31 C:\\Users\\HP\\Documents\\laravel\\workunity-app\\vendor\\laravel\\framework\\src\\Illuminate\\Console\\View\\Components\\Factory.php(58): Illuminate\\Console\\View\\Components\\Task->render('Dropping all ta...', Object(Closure))
#32 C:\\Users\\HP\\Documents\\laravel\\workunity-app\\vendor\\laravel\\framework\\src\\Illuminate\\Database\\Console\\Migrations\\FreshCommand.php(44): Illuminate\\Console\\View\\Components\\Factory->__call('task', Array)
#33 C:\\Users\\HP\\Documents\\laravel\\workunity-app\\vendor\\laravel\\framework\\src\\Illuminate\\Container\\BoundMethod.php(36): Illuminate\\Database\\Console\\Migrations\\FreshCommand->handle()
#34 C:\\Users\\HP\\Documents\\laravel\\workunity-app\\vendor\\laravel\\framework\\src\\Illuminate\\Container\\Util.php(41): Illuminate\\Container\\BoundMethod::Illuminate\\Container\\{closure}()
#35 C:\\Users\\HP\\Documents\\laravel\\workunity-app\\vendor\\laravel\\framework\\src\\Illuminate\\Container\\BoundMethod.php(93): Illuminate\\Container\\Util::unwrapIfClosure(Object(Closure))
#36 C:\\Users\\HP\\Documents\\laravel\\workunity-app\\vendor\\laravel\\framework\\src\\Illuminate\\Container\\BoundMethod.php(35): Illuminate\\Container\\BoundMethod::callBoundMethod(Object(Illuminate\\Foundation\\Application), Array, Object(Closure))
#37 C:\\Users\\HP\\Documents\\laravel\\workunity-app\\vendor\\laravel\\framework\\src\\Illuminate\\Container\\Container.php(662): Illuminate\\Container\\BoundMethod::call(Object(Illuminate\\Foundation\\Application), Array, Array, NULL)
#38 C:\\Users\\HP\\Documents\\laravel\\workunity-app\\vendor\\laravel\\framework\\src\\Illuminate\\Console\\Command.php(211): Illuminate\\Container\\Container->call(Array)
#39 C:\\Users\\HP\\Documents\\laravel\\workunity-app\\vendor\\symfony\\console\\Command\\Command.php(326): Illuminate\\Console\\Command->execute(Object(Symfony\\Component\\Console\\Input\\ArgvInput), Object(Illuminate\\Console\\OutputStyle))
#40 C:\\Users\\HP\\Documents\\laravel\\workunity-app\\vendor\\laravel\\framework\\src\\Illuminate\\Console\\Command.php(180): Symfony\\Component\\Console\\Command\\Command->run(Object(Symfony\\Component\\Console\\Input\\ArgvInput), Object(Illuminate\\Console\\OutputStyle))
#41 C:\\Users\\HP\\Documents\\laravel\\workunity-app\\vendor\\symfony\\console\\Application.php(1096): Illuminate\\Console\\Command->run(Object(Symfony\\Component\\Console\\Input\\ArgvInput), Object(Symfony\\Component\\Console\\Output\\ConsoleOutput))
#42 C:\\Users\\HP\\Documents\\laravel\\workunity-app\\vendor\\symfony\\console\\Application.php(324): Symfony\\Component\\Console\\Application->doRunCommand(Object(Illuminate\\Database\\Console\\Migrations\\FreshCommand), Object(Symfony\\Component\\Console\\Input\\ArgvInput), Object(Symfony\\Component\\Console\\Output\\ConsoleOutput))
#43 C:\\Users\\HP\\Documents\\laravel\\workunity-app\\vendor\\symfony\\console\\Application.php(175): Symfony\\Component\\Console\\Application->doRun(Object(Symfony\\Component\\Console\\Input\\ArgvInput), Object(Symfony\\Component\\Console\\Output\\ConsoleOutput))
#44 C:\\Users\\HP\\Documents\\laravel\\workunity-app\\vendor\\laravel\\framework\\src\\Illuminate\\Foundation\\Console\\Kernel.php(201): Symfony\\Component\\Console\\Application->run(Object(Symfony\\Component\\Console\\Input\\ArgvInput), Object(Symfony\\Component\\Console\\Output\\ConsoleOutput))
#45 C:\\Users\\HP\\Documents\\laravel\\workunity-app\\artisan(35): Illuminate\\Foundation\\Console\\Kernel->handle(Object(Symfony\\Component\\Console\\Input\\ArgvInput), Object(Symfony\\Component\\Console\\Output\\ConsoleOutput))
#46 {main}
"} 
[2025-10-24 22:02:03] local.ERROR: SQLSTATE[HY000] [2002] No connection could be made because the target machine actively refused it (Connection: mysql, SQL: select count(*) as aggregate from `employees`) {"exception":"[object] (Illuminate\\Database\\QueryException(code: 2002): SQLSTATE[HY000] [2002] No connection could be made because the target machine actively refused it (Connection: mysql, SQL: select count(*) as aggregate from `employees`) at C:\\Users\\HP\\Documents\\laravel\\workunity-app\\vendor\\laravel\\framework\\src\\Illuminate\\Database\\Connection.php:829)
[stacktrace]
#0 C:\\Users\\HP\\Documents\\laravel\\workunity-app\\vendor\\laravel\\framework\\src\\Illuminate\\Database\\Connection.php(983): Illuminate\\Database\\Connection->runQueryCallback('select count(*)...', Array, Object(Closure))
#1 C:\\Users\\HP\\Documents\\laravel\\workunity-app\\vendor\\laravel\\framework\\src\\Illuminate\\Database\\Connection.php(962): Illuminate\\Database\\Connection->tryAgainIfCausedByLostConnection(Object(Illuminate\\Database\\QueryException), 'select count(*)...', Array, Object(Closure))
#2 C:\\Users\\HP\\Documents\\laravel\\workunity-app\\vendor\\laravel\\framework\\src\\Illuminate\\Database\\Connection.php(785): Illuminate\\Database\\Connection->handleQueryException(Object(Illuminate\\Database\\QueryException), 'select count(*)...', Array, Object(Closure))
#3 C:\\Users\\HP\\Documents\\laravel\\workunity-app\\vendor\\laravel\\framework\\src\\Illuminate\\Database\\Connection.php(414): Illuminate\\Database\\Connection->run('select count(*)...', Array, Object(Closure))
#4 C:\\Users\\HP\\Documents\\laravel\\workunity-app\\vendor\\laravel\\framework\\src\\Illuminate\\Database\\Query\\Builder.php(2913): Illuminate\\Database\\Connection->select('select count(*)...', Array, true)
#5 C:\\Users\\HP\\Documents\\laravel\\workunity-app\\vendor\\laravel\\framework\\src\\Illuminate\\Database\\Query\\Builder.php(2902): Illuminate\\Database\\Query\\Builder->runSelect()
#6 C:\\Users\\HP\\Documents\\laravel\\workunity-app\\vendor\\laravel\\framework\\src\\Illuminate\\Database\\Query\\Builder.php(3456): Illuminate\\Database\\Query\\Builder->Illuminate\\Database\\Query\\{closure}()
#7 C:\\Users\\HP\\Documents\\laravel\\workunity-app\\vendor\\laravel\\framework\\src\\Illuminate\\Database\\Query\\Builder.php(2901): Illuminate\\Database\\Query\\Builder->onceWithColumns(Array, Object(Closure))
#8 C:\\Users\\HP\\Documents\\laravel\\workunity-app\\vendor\\laravel\\framework\\src\\Illuminate\\Database\\Query\\Builder.php(3066): Illuminate\\Database\\Query\\Builder->get()
#9 C:\\Users\\HP\\Documents\\laravel\\workunity-app\\vendor\\laravel\\framework\\src\\Illuminate\\Database\\Query\\Builder.php(3025): Illuminate\\Database\\Query\\Builder->runPaginationCountQuery(Array)
#10 C:\\Users\\HP\\Documents\\laravel\\workunity-app\\vendor\\laravel\\framework\\src\\Illuminate\\Database\\Eloquent\\Builder.php(923): Illuminate\\Database\\Query\\Builder->getCountForPagination()
#11 C:\\Users\\HP\\Documents\\laravel\\workunity-app\\app\\Http\\Controllers\\EmployeeController.php(12): Illuminate\\Database\\Eloquent\\Builder->paginate(15)
#12 C:\\Users\\HP\\Documents\\laravel\\workunity-app\\vendor\\laravel\\framework\\src\\Illuminate\\Routing\\Controller.php(54): App\\Http\\Controllers\\EmployeeController->index()
#13 C:\\Users\\HP\\Documents\\laravel\\workunity-app\\vendor\\laravel\\framework\\src\\Illuminate\\Routing\\ControllerDispatcher.php(43): Illuminate\\Routing\\Controller->callAction('index', Array)
#14 C:\\Users\\HP\\Documents\\laravel\\workunity-app\\vendor\\laravel\\framework\\src\\Illuminate\\Routing\\Route.php(259): Illuminate\\Routing\\ControllerDispatcher->dispatch(Object(Illuminate\\Routing\\Route), Object(App\\Http\\Controllers\\EmployeeController), 'index')
#15 C:\\Users\\HP\\Documents\\laravel\\workunity-app\\vendor\\laravel\\framework\\src\\Illuminate\\Routing\\Route.php(205): Illuminate\\Routing\\Route->runController()
#16 C:\\Users\\HP\\Documents\\laravel\\workunity-app\\vendor\\laravel\\framework\\src\\Illuminate\\Routing\\Router.php(806): Illuminate\\Routing\\Route->run()
#17 C:\\Users\\HP\\Documents\\laravel\\workunity-app\\vendor\\laravel\\framework\\src\\Illuminate\\Pipeline\\Pipeline.php(144): Illuminate\\Routing\\Router->Illuminate\\Routing\\{closure}(Object(Illuminate\\Http\\Request))
#18 C:\\Users\\HP\\Documents\\laravel\\workunity-app\\vendor\\laravel\\framework\\src\\Illuminate\\Routing\\Middleware\\SubstituteBindings.php(50): Illuminate\\Pipeline\\Pipeline->Illuminate\\Pipeline\\{closure}(Object(Illuminate\\Http\\Request))
#19 C:\\Users\\HP\\Documents\\laravel\\workunity-app\\vendor\\laravel\\framework\\src\\Illuminate\\Pipeline\\Pipeline.php(183): Illuminate\\Routing\\Middleware\\SubstituteBindings->handle(Object(Illuminate\\Http\\Request), Object(Closure))
#20 C:\\Users\\HP\\Documents\\laravel\\workunity-app\\vendor\\laravel\\framework\\src\\Illuminate\\Foundation\\Http\\Middleware\\VerifyCsrfToken.php(78): Illuminate\\Pipeline\\Pipeline->Illuminate\\Pipeline\\{closure}(Object(Illuminate\\Http\\Request))
#21 C:\\Users\\HP\\Documents\\laravel\\workunity-app\\vendor\\laravel\\framework\\src\\Illuminate\\Pipeline\\Pipeline.php(183): Illuminate\\Foundation\\Http\\Middleware\\VerifyCsrfToken->handle(Object(Illuminate\\Http\\Request), Object(Closure))
#22 C:\\Users\\HP\\Documents\\laravel\\workunity-app\\vendor\\laravel\\framework\\src\\Illuminate\\View\\Middleware\\ShareErrorsFromSession.php(49): Illuminate\\Pipeline\\Pipeline->Illuminate\\Pipeline\\{closure}(Object(Illuminate\\Http\\Request))
#23 C:\\Users\\HP\\Documents\\laravel\\workunity-app\\vendor\\laravel\\framework\\src\\Illuminate\\Pipeline\\Pipeline.php(183): Illuminate\\View\\Middleware\\ShareErrorsFromSession->handle(Object(Illuminate\\Http\\Request), Object(Closure))
#24 C:\\Users\\HP\\Documents\\laravel\\workunity-app\\vendor\\laravel\\framework\\src\\Illuminate\\Session\\Middleware\\StartSession.php(121): Illuminate\\Pipeline\\Pipeline->Illuminate\\Pipeline\\{closure}(Object(Illuminate\\Http\\Request))
#25 C:\\Users\\HP\\Documents\\laravel\\workunity-app\\vendor\\laravel\\framework\\src\\Illuminate\\Session\\Middleware\\StartSession.php(64): Illuminate\\Session\\Middleware\\StartSession->handleStatefulRequest(Object(Illuminate\\Http\\Request), Object(Illuminate\\Session\\Store), Object(Closure))
#26 C:\\Users\\HP\\Documents\\laravel\\workunity-app\\vendor\\laravel\\framework\\src\\Illuminate\\Pipeline\\Pipeline.php(183): Illuminate\\Session\\Middleware\\StartSession->handle(Object(Illuminate\\Http\\Request), Object(Closure))
#27 C:\\Users\\HP\\Documents\\laravel\\workunity-app\\vendor\\laravel\\framework\\src\\Illuminate\\Cookie\\Middleware\\AddQueuedCookiesToResponse.php(37): Illuminate\\Pipeline\\Pipeline->Illuminate\\Pipeline\\{closure}(Object(Illuminate\\Http\\Request))
#28 C:\\Users\\HP\\Documents\\laravel\\workunity-app\\vendor\\laravel\\framework\\src\\Illuminate\\Pipeline\\Pipeline.php(183): Illuminate\\Cookie\\Middleware\\AddQueuedCookiesToResponse->handle(Object(Illuminate\\Http\\Request), Object(Closure))
#29 C:\\Users\\HP\\Documents\\laravel\\workunity-app\\vendor\\laravel\\framework\\src\\Illuminate\\Cookie\\Middleware\\EncryptCookies.php(67): Illuminate\\Pipeline\\Pipeline->Illuminate\\Pipeline\\{closure}(Object(Illuminate\\Http\\Request))
#30 C:\\Users\\HP\\Documents\\laravel\\workunity-app\\vendor\\laravel\\framework\\src\\Illuminate\\Pipeline\\Pipeline.php(183): Illuminate\\Cookie\\Middleware\\EncryptCookies->handle(Object(Illuminate\\Http\\Request), Object(Closure))
#31 C:\\Users\\HP\\Documents\\laravel\\workunity-app\\vendor\\laravel\\framework\\src\\Illuminate\\Pipeline\\Pipeline.php(119): Illuminate\\Pipeline\\Pipeline->Illuminate\\Pipeline\\{closure}(Object(Illuminate\\Http\\Request))
#32 C:\\Users\\HP\\Documents\\laravel\\workunity-app\\vendor\\laravel\\framework\\src\\Illuminate\\Routing\\Router.php(805): Illuminate\\Pipeline\\Pipeline->then(Object(Closure))
#33 C:\\Users\\HP\\Documents\\laravel\\workunity-app\\vendor\\laravel\\framework\\src\\Illuminate\\Routing\\Router.php(784): Illuminate\\Routing\\Router->runRouteWithinStack(Object(Illuminate\\Routing\\Route), Object(Illuminate\\Http\\Request))
#34 C:\\Users\\HP\\Documents\\laravel\\workunity-app\\vendor\\laravel\\framework\\src\\Illuminate\\Routing\\Router.php(748): Illuminate\\Routing\\Router->runRoute(Object(Illuminate\\Http\\Request), Object(Illuminate\\Routing\\Route))
#35 C:\\Users\\HP\\Documents\\laravel\\workunity-app\\vendor\\laravel\\framework\\src\\Illuminate\\Routing\\Router.php(737): Illuminate\\Routing\\Router->dispatchToRoute(Object(Illuminate\\Http\\Request))
#36 C:\\Users\\HP\\Documents\\laravel\\workunity-app\\vendor\\laravel\\framework\\src\\Illuminate\\Foundation\\Http\\Kernel.php(200): Illuminate\\Routing\\Router->dispatch(Object(Illuminate\\Http\\Request))
#37 C:\\Users\\HP\\Documents\\laravel\\workunity-app\\vendor\\laravel\\framework\\src\\Illuminate\\Pipeline\\Pipeline.php(144): Illuminate\\Foundation\\Http\\Kernel->Illuminate\\Foundation\\Http\\{closure}(Object(Illuminate\\Http\\Request))
#38 C:\\Users\\HP\\Documents\\laravel\\workunity-app\\vendor\\laravel\\framework\\src\\Illuminate\\Foundation\\Http\\Middleware\\TransformsRequest.php(21): Illuminate\\Pipeline\\Pipeline->Illuminate\\Pipeline\\{closure}(Object(Illuminate\\Http\\Request))
#39 C:\\Users\\HP\\Documents\\laravel\\workunity-app\\vendor\\laravel\\framework\\src\\Illuminate\\Foundation\\Http\\Middleware\\ConvertEmptyStringsToNull.php(31): Illuminate\\Foundation\\Http\\Middleware\\TransformsRequest->handle(Object(Illuminate\\Http\\Request), Object(Closure))
#40 C:\\Users\\HP\\Documents\\laravel\\workunity-app\\vendor\\laravel\\framework\\src\\Illuminate\\Pipeline\\Pipeline.php(183): Illuminate\\Foundation\\Http\\Middleware\\ConvertEmptyStringsToNull->handle(Object(Illuminate\\Http\\Request), Object(Closure))
#41 C:\\Users\\HP\\Documents\\laravel\\workunity-app\\vendor\\laravel\\framework\\src\\Illuminate\\Foundation\\Http\\Middleware\\TransformsRequest.php(21): Illuminate\\Pipeline\\Pipeline->Illuminate\\Pipeline\\{closure}(Object(Illuminate\\Http\\Request))
#42 C:\\Users\\HP\\Documents\\laravel\\workunity-app\\vendor\\laravel\\framework\\src\\Illuminate\\Foundation\\Http\\Middleware\\TrimStrings.php(40): Illuminate\\Foundation\\Http\\Middleware\\TransformsRequest->handle(Object(Illuminate\\Http\\Request), Object(Closure))
#43 C:\\Users\\HP\\Documents\\laravel\\workunity-app\\vendor\\laravel\\framework\\src\\Illuminate\\Pipeline\\Pipeline.php(183): Illuminate\\Foundation\\Http\\Middleware\\TrimStrings->handle(Object(Illuminate\\Http\\Request), Object(Closure))
#44 C:\\Users\\HP\\Documents\\laravel\\workunity-app\\vendor\\laravel\\framework\\src\\Illuminate\\Foundation\\Http\\Middleware\\ValidatePostSize.php(27): Illuminate\\Pipeline\\Pipeline->Illuminate\\Pipeline\\{closure}(Object(Illuminate\\Http\\Request))
#45 C:\\Users\\HP\\Documents\\laravel\\workunity-app\\vendor\\laravel\\framework\\src\\Illuminate\\Pipeline\\Pipeline.php(183): Illuminate\\Foundation\\Http\\Middleware\\ValidatePostSize->handle(Object(Illuminate\\Http\\Request), Object(Closure))
#46 C:\\Users\\HP\\Documents\\laravel\\workunity-app\\vendor\\laravel\\framework\\src\\Illuminate\\Foundation\\Http\\Middleware\\PreventRequestsDuringMaintenance.php(99): Illuminate\\Pipeline\\Pipeline->Illuminate\\Pipeline\\{closure}(Object(Illuminate\\Http\\Request))
#47 C:\\Users\\HP\\Documents\\laravel\\workunity-app\\vendor\\laravel\\framework\\src\\Illuminate\\Pipeline\\Pipeline.php(183): Illuminate\\Foundation\\Http\\Middleware\\PreventRequestsDuringMaintenance->handle(Object(Illuminate\\Http\\Request), Object(Closure))
#48 C:\\Users\\HP\\Documents\\laravel\\workunity-app\\vendor\\laravel\\framework\\src\\Illuminate\\Http\\Middleware\\HandleCors.php(49): Illuminate\\Pipeline\\Pipeline->Illuminate\\Pipeline\\{closure}(Object(Illuminate\\Http\\Request))
#49 C:\\Users\\HP\\Documents\\laravel\\workunity-app\\vendor\\laravel\\framework\\src\\Illuminate\\Pipeline\\Pipeline.php(183): Illuminate\\Http\\Middleware\\HandleCors->handle(Object(Illuminate\\Http\\Request), Object(Closure))
#50 C:\\Users\\HP\\Documents\\laravel\\workunity-app\\vendor\\laravel\\framework\\src\\Illuminate\\Http\\Middleware\\TrustProxies.php(39): Illuminate\\Pipeline\\Pipeline->Illuminate\\Pipeline\\{closure}(Object(Illuminate\\Http\\Request))
#51 C:\\Users\\HP\\Documents\\laravel\\workunity-app\\vendor\\laravel\\framework\\src\\Illuminate\\Pipeline\\Pipeline.php(183): Illuminate\\Http\\Middleware\\TrustProxies->handle(Object(Illuminate\\Http\\Request), Object(Closure))
#52 C:\\Users\\HP\\Documents\\laravel\\workunity-app\\vendor\\laravel\\framework\\src\\Illuminate\\Pipeline\\Pipeline.php(119): Illuminate\\Pipeline\\Pipeline->Illuminate\\Pipeline\\{closure}(Object(Illuminate\\Http\\Request))
#53 C:\\Users\\HP\\Documents\\laravel\\workunity-app\\vendor\\laravel\\framework\\src\\Illuminate\\Foundation\\Http\\Kernel.php(175): Illuminate\\Pipeline\\Pipeline->then(Object(Closure))
#54 C:\\Users\\HP\\Documents\\laravel\\workunity-app\\vendor\\laravel\\framework\\src\\Illuminate\\Foundation\\Http\\Kernel.php(144): Illuminate\\Foundation\\Http\\Kernel->sendRequestThroughRouter(Object(Illuminate\\Http\\Request))
#55 C:\\Users\\HP\\Documents\\laravel\\workunity-app\\public\\index.php(51): Illuminate\\Foundation\\Http\\Kernel->handle(Object(Illuminate\\Http\\Request))
#56 C:\\Users\\HP\\Documents\\laravel\\workunity-app\\vendor\\laravel\\framework\\src\\Illuminate\\Foundation\\resources\\server.php(16): require_once('C:\\\\Users\\\\HP\\\\Doc...')
#57 {main}

[previous exception] [object] (PDOException(code: 2002): SQLSTATE[HY000] [2002] No connection could be made because the target machine actively refused it at C:\\Users\\HP\\Documents\\laravel\\workunity-app\\vendor\\laravel\\framework\\src\\Illuminate\\Database\\Connectors\\Connector.php:65)
[stacktrace]
#0 C:\\Users\\HP\\Documents\\laravel\\workunity-app\\vendor\\laravel\\framework\\src\\Illuminate\\Database\\Connectors\\Connector.php(65): PDO->__construct('mysql:host=127....', 'root', Object(SensitiveParameterValue), Array)
#1 C:\\Users\\HP\\Documents\\laravel\\workunity-app\\vendor\\laravel\\framework\\src\\Illuminate\\Database\\Connectors\\Connector.php(83): Illuminate\\Database\\Connectors\\Connector->createPdoConnection('mysql:host=127....', 'root', '', Array)
#2 C:\\Users\\HP\\Documents\\laravel\\workunity-app\\vendor\\laravel\\framework\\src\\Illuminate\\Database\\Connectors\\Connector.php(48): Illuminate\\Database\\Connectors\\Connector->tryAgainIfCausedByLostConnection(Object(PDOException), 'mysql:host=127....', 'root', '', Array)
#3 C:\\Users\\HP\\Documents\\laravel\\workunity-app\\vendor\\laravel\\framework\\src\\Illuminate\\Database\\Connectors\\MySqlConnector.php(24): Illuminate\\Database\\Connectors\\Connector->createConnection('mysql:host=127....', Array, Array)
#4 C:\\Users\\HP\\Documents\\laravel\\workunity-app\\vendor\\laravel\\framework\\src\\Illuminate\\Database\\Connectors\\ConnectionFactory.php(184): Illuminate\\Database\\Connectors\\MySqlConnector->connect(Array)
#5 [internal function]: Illuminate\\Database\\Connectors\\ConnectionFactory->Illuminate\\Database\\Connectors\\{closure}()
#6 C:\\Users\\HP\\Documents\\laravel\\workunity-app\\vendor\\laravel\\framework\\src\\Illuminate\\Database\\Connection.php(1339): call_user_func(Object(Closure))
#7 C:\\Users\\HP\\Documents\\laravel\\workunity-app\\vendor\\laravel\\framework\\src\\Illuminate\\Database\\Connection.php(1375): Illuminate\\Database\\Connection->getPdo()
#8 C:\\Users\\HP\\Documents\\laravel\\workunity-app\\vendor\\laravel\\framework\\src\\Illuminate\\Database\\Connection.php(528): Illuminate\\Database\\Connection->getReadPdo()
#9 C:\\Users\\HP\\Documents\\laravel\\workunity-app\\vendor\\laravel\\framework\\src\\Illuminate\\Database\\Connection.php(423): Illuminate\\Database\\Connection->getPdoForSelect(true)
#10 C:\\Users\\HP\\Documents\\laravel\\workunity-app\\vendor\\laravel\\framework\\src\\Illuminate\\Database\\Connection.php(816): Illuminate\\Database\\Connection->Illuminate\\Database\\{closure}('select count(*)...', Array)
#11 C:\\Users\\HP\\Documents\\laravel\\workunity-app\\vendor\\laravel\\framework\\src\\Illuminate\\Database\\Connection.php(983): Illuminate\\Database\\Connection->runQueryCallback('select count(*)...', Array, Object(Closure))
#12 C:\\Users\\HP\\Documents\\laravel\\workunity-app\\vendor\\laravel\\framework\\src\\Illuminate\\Database\\Connection.php(962): Illuminate\\Database\\Connection->tryAgainIfCausedByLostConnection(Object(Illuminate\\Database\\QueryException), 'select count(*)...', Array, Object(Closure))
#13 C:\\Users\\HP\\Documents\\laravel\\workunity-app\\vendor\\laravel\\framework\\src\\Illuminate\\Database\\Connection.php(785): Illuminate\\Database\\Connection->handleQueryException(Object(Illuminate\\Database\\QueryException), 'select count(*)...', Array, Object(Closure))
#14 C:\\Users\\HP\\Documents\\laravel\\workunity-app\\vendor\\laravel\\framework\\src\\Illuminate\\Database\\Connection.php(414): Illuminate\\Database\\Connection->run('select count(*)...', Array, Object(Closure))
#15 C:\\Users\\HP\\Documents\\laravel\\workunity-app\\vendor\\laravel\\framework\\src\\Illuminate\\Database\\Query\\Builder.php(2913): Illuminate\\Database\\Connection->select('select count(*)...', Array, true)
#16 C:\\Users\\HP\\Documents\\laravel\\workunity-app\\vendor\\laravel\\framework\\src\\Illuminate\\Database\\Query\\Builder.php(2902): Illuminate\\Database\\Query\\Builder->runSelect()
#17 C:\\Users\\HP\\Documents\\laravel\\workunity-app\\vendor\\laravel\\framework\\src\\Illuminate\\Database\\Query\\Builder.php(3456): Illuminate\\Database\\Query\\Builder->Illuminate\\Database\\Query\\{closure}()
#18 C:\\Users\\HP\\Documents\\laravel\\workunity-app\\vendor\\laravel\\framework\\src\\Illuminate\\Database\\Query\\Builder.php(2901): Illuminate\\Database\\Query\\Builder->onceWithColumns(Array, Object(Closure))
#19 C:\\Users\\HP\\Documents\\laravel\\workunity-app\\vendor\\laravel\\framework\\src\\Illuminate\\Database\\Query\\Builder.php(3066): Illuminate\\Database\\Query\\Builder->get()
#20 C:\\Users\\HP\\Documents\\laravel\\workunity-app\\vendor\\laravel\\framework\\src\\Illuminate\\Database\\Query\\Builder.php(3025): Illuminate\\Database\\Query\\Builder->runPaginationCountQuery(Array)
#21 C:\\Users\\HP\\Documents\\laravel\\workunity-app\\vendor\\laravel\\framework\\src\\Illuminate\\Database\\Eloquent\\Builder.php(923): Illuminate\\Database\\Query\\Builder->getCountForPagination()
#22 C:\\Users\\HP\\Documents\\laravel\\workunity-app\\app\\Http\\Controllers\\EmployeeController.php(12): Illuminate\\Database\\Eloquent\\Builder->paginate(15)
#23 C:\\Users\\HP\\Documents\\laravel\\workunity-app\\vendor\\laravel\\framework\\src\\Illuminate\\Routing\\Controller.php(54): App\\Http\\Controllers\\EmployeeController->index()
#24 C:\\Users\\HP\\Documents\\laravel\\workunity-app\\vendor\\laravel\\framework\\src\\Illuminate\\Routing\\ControllerDispatcher.php(43): Illuminate\\Routing\\Controller->callAction('index', Array)
#25 C:\\Users\\HP\\Documents\\laravel\\workunity-app\\vendor\\laravel\\framework\\src\\Illuminate\\Routing\\Route.php(259): Illuminate\\Routing\\ControllerDispatcher->dispatch(Object(Illuminate\\Routing\\Route), Object(App\\Http\\Controllers\\EmployeeController), 'index')
#26 C:\\Users\\HP\\Documents\\laravel\\workunity-app\\vendor\\laravel\\framework\\src\\Illuminate\\Routing\\Route.php(205): Illuminate\\Routing\\Route->runController()
#27 C:\\Users\\HP\\Documents\\laravel\\workunity-app\\vendor\\laravel\\framework\\src\\Illuminate\\Routing\\Router.php(806): Illuminate\\Routing\\Route->run()
#28 C:\\Users\\HP\\Documents\\laravel\\workunity-app\\vendor\\laravel\\framework\\src\\Illuminate\\Pipeline\\Pipeline.php(144): Illuminate\\Routing\\Router->Illuminate\\Routing\\{closure}(Object(Illuminate\\Http\\Request))
#29 C:\\Users\\HP\\Documents\\laravel\\workunity-app\\vendor\\laravel\\framework\\src\\Illuminate\\Routing\\Middleware\\SubstituteBindings.php(50): Illuminate\\Pipeline\\Pipeline->Illuminate\\Pipeline\\{closure}(Object(Illuminate\\Http\\Request))
#30 C:\\Users\\HP\\Documents\\laravel\\workunity-app\\vendor\\laravel\\framework\\src\\Illuminate\\Pipeline\\Pipeline.php(183): Illuminate\\Routing\\Middleware\\SubstituteBindings->handle(Object(Illuminate\\Http\\Request), Object(Closure))
#31 C:\\Users\\HP\\Documents\\laravel\\workunity-app\\vendor\\laravel\\framework\\src\\Illuminate\\Foundation\\Http\\Middleware\\VerifyCsrfToken.php(78): Illuminate\\Pipeline\\Pipeline->Illuminate\\Pipeline\\{closure}(Object(Illuminate\\Http\\Request))
#32 C:\\Users\\HP\\Documents\\laravel\\workunity-app\\vendor\\laravel\\framework\\src\\Illuminate\\Pipeline\\Pipeline.php(183): Illuminate\\Foundation\\Http\\Middleware\\VerifyCsrfToken->handle(Object(Illuminate\\Http\\Request), Object(Closure))
#33 C:\\Users\\HP\\Documents\\laravel\\workunity-app\\vendor\\laravel\\framework\\src\\Illuminate\\View\\Middleware\\ShareErrorsFromSession.php(49): Illuminate\\Pipeline\\Pipeline->Illuminate\\Pipeline\\{closure}(Object(Illuminate\\Http\\Request))
#34 C:\\Users\\HP\\Documents\\laravel\\workunity-app\\vendor\\laravel\\framework\\src\\Illuminate\\Pipeline\\Pipeline.php(183): Illuminate\\View\\Middleware\\ShareErrorsFromSession->handle(Object(Illuminate\\Http\\Request), Object(Closure))
#35 C:\\Users\\HP\\Documents\\laravel\\workunity-app\\vendor\\laravel\\framework\\src\\Illuminate\\Session\\Middleware\\StartSession.php(121): Illuminate\\Pipeline\\Pipeline->Illuminate\\Pipeline\\{closure}(Object(Illuminate\\Http\\Request))
#36 C:\\Users\\HP\\Documents\\laravel\\workunity-app\\vendor\\laravel\\framework\\src\\Illuminate\\Session\\Middleware\\StartSession.php(64): Illuminate\\Session\\Middleware\\StartSession->handleStatefulRequest(Object(Illuminate\\Http\\Request), Object(Illuminate\\Session\\Store), Object(Closure))
#37 C:\\Users\\HP\\Documents\\laravel\\workunity-app\\vendor\\laravel\\framework\\src\\Illuminate\\Pipeline\\Pipeline.php(183): Illuminate\\Session\\Middleware\\StartSession->handle(Object(Illuminate\\Http\\Request), Object(Closure))
#38 C:\\Users\\HP\\Documents\\laravel\\workunity-app\\vendor\\laravel\\framework\\src\\Illuminate\\Cookie\\Middleware\\AddQueuedCookiesToResponse.php(37): Illuminate\\Pipeline\\Pipeline->Illuminate\\Pipeline\\{closure}(Object(Illuminate\\Http\\Request))
#39 C:\\Users\\HP\\Documents\\laravel\\workunity-app\\vendor\\laravel\\framework\\src\\Illuminate\\Pipeline\\Pipeline.php(183): Illuminate\\Cookie\\Middleware\\AddQueuedCookiesToResponse->handle(Object(Illuminate\\Http\\Request), Object(Closure))
#40 C:\\Users\\HP\\Documents\\laravel\\workunity-app\\vendor\\laravel\\framework\\src\\Illuminate\\Cookie\\Middleware\\EncryptCookies.php(67): Illuminate\\Pipeline\\Pipeline->Illuminate\\Pipeline\\{closure}(Object(Illuminate\\Http\\Request))
#41 C:\\Users\\HP\\Documents\\laravel\\workunity-app\\vendor\\laravel\\framework\\src\\Illuminate\\Pipeline\\Pipeline.php(183): Illuminate\\Cookie\\Middleware\\EncryptCookies->handle(Object(Illuminate\\Http\\Request), Object(Closure))
#42 C:\\Users\\HP\\Documents\\laravel\\workunity-app\\vendor\\laravel\\framework\\src\\Illuminate\\Pipeline\\Pipeline.php(119): Illuminate\\Pipeline\\Pipeline->Illuminate\\Pipeline\\{closure}(Object(Illuminate\\Http\\Request))
#43 C:\\Users\\HP\\Documents\\laravel\\workunity-app\\vendor\\laravel\\framework\\src\\Illuminate\\Routing\\Router.php(805): Illuminate\\Pipeline\\Pipeline->then(Object(Closure))
#44 C:\\Users\\HP\\Documents\\laravel\\workunity-app\\vendor\\laravel\\framework\\src\\Illuminate\\Routing\\Router.php(784): Illuminate\\Routing\\Router->runRouteWithinStack(Object(Illuminate\\Routing\\Route), Object(Illuminate\\Http\\Request))
#45 C:\\Users\\HP\\Documents\\laravel\\workunity-app\\vendor\\laravel\\framework\\src\\Illuminate\\Routing\\Router.php(748): Illuminate\\Routing\\Router->runRoute(Object(Illuminate\\Http\\Request), Object(Illuminate\\Routing\\Route))
#46 C:\\Users\\HP\\Documents\\laravel\\workunity-app\\vendor\\laravel\\framework\\src\\Illuminate\\Routing\\Router.php(737): Illuminate\\Routing\\Router->dispatchToRoute(Object(Illuminate\\Http\\Request))
#47 C:\\Users\\HP\\Documents\\laravel\\workunity-app\\vendor\\laravel\\framework\\src\\Illuminate\\Foundation\\Http\\Kernel.php(200): Illuminate\\Routing\\Router->dispatch(Object(Illuminate\\Http\\Request))
#48 C:\\Users\\HP\\Documents\\laravel\\workunity-app\\vendor\\laravel\\framework\\src\\Illuminate\\Pipeline\\Pipeline.php(144): Illuminate\\Foundation\\Http\\Kernel->Illuminate\\Foundation\\Http\\{closure}(Object(Illuminate\\Http\\Request))
#49 C:\\Users\\HP\\Documents\\laravel\\workunity-app\\vendor\\laravel\\framework\\src\\Illuminate\\Foundation\\Http\\Middleware\\TransformsRequest.php(21): Illuminate\\Pipeline\\Pipeline->Illuminate\\Pipeline\\{closure}(Object(Illuminate\\Http\\Request))
#50 C:\\Users\\HP\\Documents\\laravel\\workunity-app\\vendor\\laravel\\framework\\src\\Illuminate\\Foundation\\Http\\Middleware\\ConvertEmptyStringsToNull.php(31): Illuminate\\Foundation\\Http\\Middleware\\TransformsRequest->handle(Object(Illuminate\\Http\\Request), Object(Closure))
#51 C:\\Users\\HP\\Documents\\laravel\\workunity-app\\vendor\\laravel\\framework\\src\\Illuminate\\Pipeline\\Pipeline.php(183): Illuminate\\Foundation\\Http\\Middleware\\ConvertEmptyStringsToNull->handle(Object(Illuminate\\Http\\Request), Object(Closure))
#52 C:\\Users\\HP\\Documents\\laravel\\workunity-app\\vendor\\laravel\\framework\\src\\Illuminate\\Foundation\\Http\\Middleware\\TransformsRequest.php(21): Illuminate\\Pipeline\\Pipeline->Illuminate\\Pipeline\\{closure}(Object(Illuminate\\Http\\Request))
#53 C:\\Users\\HP\\Documents\\laravel\\workunity-app\\vendor\\laravel\\framework\\src\\Illuminate\\Foundation\\Http\\Middleware\\TrimStrings.php(40): Illuminate\\Foundation\\Http\\Middleware\\TransformsRequest->handle(Object(Illuminate\\Http\\Request), Object(Closure))
#54 C:\\Users\\HP\\Documents\\laravel\\workunity-app\\vendor\\laravel\\framework\\src\\Illuminate\\Pipeline\\Pipeline.php(183): Illuminate\\Foundation\\Http\\Middleware\\TrimStrings->handle(Object(Illuminate\\Http\\Request), Object(Closure))
#55 C:\\Users\\HP\\Documents\\laravel\\workunity-app\\vendor\\laravel\\framework\\src\\Illuminate\\Foundation\\Http\\Middleware\\ValidatePostSize.php(27): Illuminate\\Pipeline\\Pipeline->Illuminate\\Pipeline\\{closure}(Object(Illuminate\\Http\\Request))
#56 C:\\Users\\HP\\Documents\\laravel\\workunity-app\\vendor\\laravel\\framework\\src\\Illuminate\\Pipeline\\Pipeline.php(183): Illuminate\\Foundation\\Http\\Middleware\\ValidatePostSize->handle(Object(Illuminate\\Http\\Request), Object(Closure))
#57 C:\\Users\\HP\\Documents\\laravel\\workunity-app\\vendor\\laravel\\framework\\src\\Illuminate\\Foundation\\Http\\Middleware\\PreventRequestsDuringMaintenance.php(99): Illuminate\\Pipeline\\Pipeline->Illuminate\\Pipeline\\{closure}(Object(Illuminate\\Http\\Request))
#58 C:\\Users\\HP\\Documents\\laravel\\workunity-app\\vendor\\laravel\\framework\\src\\Illuminate\\Pipeline\\Pipeline.php(183): Illuminate\\Foundation\\Http\\Middleware\\PreventRequestsDuringMaintenance->handle(Object(Illuminate\\Http\\Request), Object(Closure))
#59 C:\\Users\\HP\\Documents\\laravel\\workunity-app\\vendor\\laravel\\framework\\src\\Illuminate\\Http\\Middleware\\HandleCors.php(49): Illuminate\\Pipeline\\Pipeline->Illuminate\\Pipeline\\{closure}(Object(Illuminate\\Http\\Request))
#60 C:\\Users\\HP\\Documents\\laravel\\workunity-app\\vendor\\laravel\\framework\\src\\Illuminate\\Pipeline\\Pipeline.php(183): Illuminate\\Http\\Middleware\\HandleCors->handle(Object(Illuminate\\Http\\Request), Object(Closure))
#61 C:\\Users\\HP\\Documents\\laravel\\workunity-app\\vendor\\laravel\\framework\\src\\Illuminate\\Http\\Middleware\\TrustProxies.php(39): Illuminate\\Pipeline\\Pipeline->Illuminate\\Pipeline\\{closure}(Object(Illuminate\\Http\\Request))
#62 C:\\Users\\HP\\Documents\\laravel\\workunity-app\\vendor\\laravel\\framework\\src\\Illuminate\\Pipeline\\Pipeline.php(183): Illuminate\\Http\\Middleware\\TrustProxies->handle(Object(Illuminate\\Http\\Request), Object(Closure))
#63 C:\\Users\\HP\\Documents\\laravel\\workunity-app\\vendor\\laravel\\framework\\src\\Illuminate\\Pipeline\\Pipeline.php(119): Illuminate\\Pipeline\\Pipeline->Illuminate\\Pipeline\\{closure}(Object(Illuminate\\Http\\Request))
#64 C:\\Users\\HP\\Documents\\laravel\\workunity-app\\vendor\\laravel\\framework\\src\\Illuminate\\Foundation\\Http\\Kernel.php(175): Illuminate\\Pipeline\\Pipeline->then(Object(Closure))
#65 C:\\Users\\HP\\Documents\\laravel\\workunity-app\\vendor\\laravel\\framework\\src\\Illuminate\\Foundation\\Http\\Kernel.php(144): Illuminate\\Foundation\\Http\\Kernel->sendRequestThroughRouter(Object(Illuminate\\Http\\Request))
#66 C:\\Users\\HP\\Documents\\laravel\\workunity-app\\public\\index.php(51): Illuminate\\Foundation\\Http\\Kernel->handle(Object(Illuminate\\Http\\Request))
#67 C:\\Users\\HP\\Documents\\laravel\\workunity-app\\vendor\\laravel\\framework\\src\\Illuminate\\Foundation\\resources\\server.php(16): require_once('C:\\\\Users\\\\HP\\\\Doc...')
#68 {main}
"} 
[2025-10-24 22:02:15] local.ERROR: SQLSTATE[HY000] [1049] Unknown database 'laravel' (Connection: mysql, SQL: select count(*) as aggregate from `employees`) {"exception":"[object] (Illuminate\\Database\\QueryException(code: 1049): SQLSTATE[HY000] [1049] Unknown database 'laravel' (Connection: mysql, SQL: select count(*) as aggregate from `employees`) at C:\\Users\\HP\\Documents\\laravel\\workunity-app\\vendor\\laravel\\framework\\src\\Illuminate\\Database\\Connection.php:829)
[stacktrace]
#0 C:\\Users\\HP\\Documents\\laravel\\workunity-app\\vendor\\laravel\\framework\\src\\Illuminate\\Database\\Connection.php(783): Illuminate\\Database\\Connection->runQueryCallback('select count(*)...', Array, Object(Closure))
#1 C:\\Users\\HP\\Documents\\laravel\\workunity-app\\vendor\\laravel\\framework\\src\\Illuminate\\Database\\Connection.php(414): Illuminate\\Database\\Connection->run('select count(*)...', Array, Object(Closure))
#2 C:\\Users\\HP\\Documents\\laravel\\workunity-app\\vendor\\laravel\\framework\\src\\Illuminate\\Database\\Query\\Builder.php(2913): Illuminate\\Database\\Connection->select('select count(*)...', Array, true)
#3 C:\\Users\\HP\\Documents\\laravel\\workunity-app\\vendor\\laravel\\framework\\src\\Illuminate\\Database\\Query\\Builder.php(2902): Illuminate\\Database\\Query\\Builder->runSelect()
#4 C:\\Users\\HP\\Documents\\laravel\\workunity-app\\vendor\\laravel\\framework\\src\\Illuminate\\Database\\Query\\Builder.php(3456): Illuminate\\Database\\Query\\Builder->Illuminate\\Database\\Query\\{closure}()
#5 C:\\Users\\HP\\Documents\\laravel\\workunity-app\\vendor\\laravel\\framework\\src\\Illuminate\\Database\\Query\\Builder.php(2901): Illuminate\\Database\\Query\\Builder->onceWithColumns(Array, Object(Closure))
#6 C:\\Users\\HP\\Documents\\laravel\\workunity-app\\vendor\\laravel\\framework\\src\\Illuminate\\Database\\Query\\Builder.php(3066): Illuminate\\Database\\Query\\Builder->get()
#7 C:\\Users\\HP\\Documents\\laravel\\workunity-app\\vendor\\laravel\\framework\\src\\Illuminate\\Database\\Query\\Builder.php(3025): Illuminate\\Database\\Query\\Builder->runPaginationCountQuery(Array)
#8 C:\\Users\\HP\\Documents\\laravel\\workunity-app\\vendor\\laravel\\framework\\src\\Illuminate\\Database\\Eloquent\\Builder.php(923): Illuminate\\Database\\Query\\Builder->getCountForPagination()
#9 C:\\Users\\HP\\Documents\\laravel\\workunity-app\\app\\Http\\Controllers\\EmployeeController.php(12): Illuminate\\Database\\Eloquent\\Builder->paginate(15)
#10 C:\\Users\\HP\\Documents\\laravel\\workunity-app\\vendor\\laravel\\framework\\src\\Illuminate\\Routing\\Controller.php(54): App\\Http\\Controllers\\EmployeeController->index()
#11 C:\\Users\\HP\\Documents\\laravel\\workunity-app\\vendor\\laravel\\framework\\src\\Illuminate\\Routing\\ControllerDispatcher.php(43): Illuminate\\Routing\\Controller->callAction('index', Array)
#12 C:\\Users\\HP\\Documents\\laravel\\workunity-app\\vendor\\laravel\\framework\\src\\Illuminate\\Routing\\Route.php(259): Illuminate\\Routing\\ControllerDispatcher->dispatch(Object(Illuminate\\Routing\\Route), Object(App\\Http\\Controllers\\EmployeeController), 'index')
#13 C:\\Users\\HP\\Documents\\laravel\\workunity-app\\vendor\\laravel\\framework\\src\\Illuminate\\Routing\\Route.php(205): Illuminate\\Routing\\Route->runController()
#14 C:\\Users\\HP\\Documents\\laravel\\workunity-app\\vendor\\laravel\\framework\\src\\Illuminate\\Routing\\Router.php(806): Illuminate\\Routing\\Route->run()
#15 C:\\Users\\HP\\Documents\\laravel\\workunity-app\\vendor\\laravel\\framework\\src\\Illuminate\\Pipeline\\Pipeline.php(144): Illuminate\\Routing\\Router->Illuminate\\Routing\\{closure}(Object(Illuminate\\Http\\Request))
#16 C:\\Users\\HP\\Documents\\laravel\\workunity-app\\vendor\\laravel\\framework\\src\\Illuminate\\Routing\\Middleware\\SubstituteBindings.php(50): Illuminate\\Pipeline\\Pipeline->Illuminate\\Pipeline\\{closure}(Object(Illuminate\\Http\\Request))
#17 C:\\Users\\HP\\Documents\\laravel\\workunity-app\\vendor\\laravel\\framework\\src\\Illuminate\\Pipeline\\Pipeline.php(183): Illuminate\\Routing\\Middleware\\SubstituteBindings->handle(Object(Illuminate\\Http\\Request), Object(Closure))
#18 C:\\Users\\HP\\Documents\\laravel\\workunity-app\\vendor\\laravel\\framework\\src\\Illuminate\\Foundation\\Http\\Middleware\\VerifyCsrfToken.php(78): Illuminate\\Pipeline\\Pipeline->Illuminate\\Pipeline\\{closure}(Object(Illuminate\\Http\\Request))
#19 C:\\Users\\HP\\Documents\\laravel\\workunity-app\\vendor\\laravel\\framework\\src\\Illuminate\\Pipeline\\Pipeline.php(183): Illuminate\\Foundation\\Http\\Middleware\\VerifyCsrfToken->handle(Object(Illuminate\\Http\\Request), Object(Closure))
#20 C:\\Users\\HP\\Documents\\laravel\\workunity-app\\vendor\\laravel\\framework\\src\\Illuminate\\View\\Middleware\\ShareErrorsFromSession.php(49): Illuminate\\Pipeline\\Pipeline->Illuminate\\Pipeline\\{closure}(Object(Illuminate\\Http\\Request))
#21 C:\\Users\\HP\\Documents\\laravel\\workunity-app\\vendor\\laravel\\framework\\src\\Illuminate\\Pipeline\\Pipeline.php(183): Illuminate\\View\\Middleware\\ShareErrorsFromSession->handle(Object(Illuminate\\Http\\Request), Object(Closure))
#22 C:\\Users\\HP\\Documents\\laravel\\workunity-app\\vendor\\laravel\\framework\\src\\Illuminate\\Session\\Middleware\\StartSession.php(121): Illuminate\\Pipeline\\Pipeline->Illuminate\\Pipeline\\{closure}(Object(Illuminate\\Http\\Request))
#23 C:\\Users\\HP\\Documents\\laravel\\workunity-app\\vendor\\laravel\\framework\\src\\Illuminate\\Session\\Middleware\\StartSession.php(64): Illuminate\\Session\\Middleware\\StartSession->handleStatefulRequest(Object(Illuminate\\Http\\Request), Object(Illuminate\\Session\\Store), Object(Closure))
#24 C:\\Users\\HP\\Documents\\laravel\\workunity-app\\vendor\\laravel\\framework\\src\\Illuminate\\Pipeline\\Pipeline.php(183): Illuminate\\Session\\Middleware\\StartSession->handle(Object(Illuminate\\Http\\Request), Object(Closure))
#25 C:\\Users\\HP\\Documents\\laravel\\workunity-app\\vendor\\laravel\\framework\\src\\Illuminate\\Cookie\\Middleware\\AddQueuedCookiesToResponse.php(37): Illuminate\\Pipeline\\Pipeline->Illuminate\\Pipeline\\{closure}(Object(Illuminate\\Http\\Request))
#26 C:\\Users\\HP\\Documents\\laravel\\workunity-app\\vendor\\laravel\\framework\\src\\Illuminate\\Pipeline\\Pipeline.php(183): Illuminate\\Cookie\\Middleware\\AddQueuedCookiesToResponse->handle(Object(Illuminate\\Http\\Request), Object(Closure))
#27 C:\\Users\\HP\\Documents\\laravel\\workunity-app\\vendor\\laravel\\framework\\src\\Illuminate\\Cookie\\Middleware\\EncryptCookies.php(67): Illuminate\\Pipeline\\Pipeline->Illuminate\\Pipeline\\{closure}(Object(Illuminate\\Http\\Request))
#28 C:\\Users\\HP\\Documents\\laravel\\workunity-app\\vendor\\laravel\\framework\\src\\Illuminate\\Pipeline\\Pipeline.php(183): Illuminate\\Cookie\\Middleware\\EncryptCookies->handle(Object(Illuminate\\Http\\Request), Object(Closure))
#29 C:\\Users\\HP\\Documents\\laravel\\workunity-app\\vendor\\laravel\\framework\\src\\Illuminate\\Pipeline\\Pipeline.php(119): Illuminate\\Pipeline\\Pipeline->Illuminate\\Pipeline\\{closure}(Object(Illuminate\\Http\\Request))
#30 C:\\Users\\HP\\Documents\\laravel\\workunity-app\\vendor\\laravel\\framework\\src\\Illuminate\\Routing\\Router.php(805): Illuminate\\Pipeline\\Pipeline->then(Object(Closure))
#31 C:\\Users\\HP\\Documents\\laravel\\workunity-app\\vendor\\laravel\\framework\\src\\Illuminate\\Routing\\Router.php(784): Illuminate\\Routing\\Router->runRouteWithinStack(Object(Illuminate\\Routing\\Route), Object(Illuminate\\Http\\Request))
#32 C:\\Users\\HP\\Documents\\laravel\\workunity-app\\vendor\\laravel\\framework\\src\\Illuminate\\Routing\\Router.php(748): Illuminate\\Routing\\Router->runRoute(Object(Illuminate\\Http\\Request), Object(Illuminate\\Routing\\Route))
#33 C:\\Users\\HP\\Documents\\laravel\\workunity-app\\vendor\\laravel\\framework\\src\\Illuminate\\Routing\\Router.php(737): Illuminate\\Routing\\Router->dispatchToRoute(Object(Illuminate\\Http\\Request))
#34 C:\\Users\\HP\\Documents\\laravel\\workunity-app\\vendor\\laravel\\framework\\src\\Illuminate\\Foundation\\Http\\Kernel.php(200): Illuminate\\Routing\\Router->dispatch(Object(Illuminate\\Http\\Request))
#35 C:\\Users\\HP\\Documents\\laravel\\workunity-app\\vendor\\laravel\\framework\\src\\Illuminate\\Pipeline\\Pipeline.php(144): Illuminate\\Foundation\\Http\\Kernel->Illuminate\\Foundation\\Http\\{closure}(Object(Illuminate\\Http\\Request))
#36 C:\\Users\\HP\\Documents\\laravel\\workunity-app\\vendor\\laravel\\framework\\src\\Illuminate\\Foundation\\Http\\Middleware\\TransformsRequest.php(21): Illuminate\\Pipeline\\Pipeline->Illuminate\\Pipeline\\{closure}(Object(Illuminate\\Http\\Request))
#37 C:\\Users\\HP\\Documents\\laravel\\workunity-app\\vendor\\laravel\\framework\\src\\Illuminate\\Foundation\\Http\\Middleware\\ConvertEmptyStringsToNull.php(31): Illuminate\\Foundation\\Http\\Middleware\\TransformsRequest->handle(Object(Illuminate\\Http\\Request), Object(Closure))
#38 C:\\Users\\HP\\Documents\\laravel\\workunity-app\\vendor\\laravel\\framework\\src\\Illuminate\\Pipeline\\Pipeline.php(183): Illuminate\\Foundation\\Http\\Middleware\\ConvertEmptyStringsToNull->handle(Object(Illuminate\\Http\\Request), Object(Closure))
#39 C:\\Users\\HP\\Documents\\laravel\\workunity-app\\vendor\\laravel\\framework\\src\\Illuminate\\Foundation\\Http\\Middleware\\TransformsRequest.php(21): Illuminate\\Pipeline\\Pipeline->Illuminate\\Pipeline\\{closure}(Object(Illuminate\\Http\\Request))
#40 C:\\Users\\HP\\Documents\\laravel\\workunity-app\\vendor\\laravel\\framework\\src\\Illuminate\\Foundation\\Http\\Middleware\\TrimStrings.php(40): Illuminate\\Foundation\\Http\\Middleware\\TransformsRequest->handle(Object(Illuminate\\Http\\Request), Object(Closure))
#41 C:\\Users\\HP\\Documents\\laravel\\workunity-app\\vendor\\laravel\\framework\\src\\Illuminate\\Pipeline\\Pipeline.php(183): Illuminate\\Foundation\\Http\\Middleware\\TrimStrings->handle(Object(Illuminate\\Http\\Request), Object(Closure))
#42 C:\\Users\\HP\\Documents\\laravel\\workunity-app\\vendor\\laravel\\framework\\src\\Illuminate\\Foundation\\Http\\Middleware\\ValidatePostSize.php(27): Illuminate\\Pipeline\\Pipeline->Illuminate\\Pipeline\\{closure}(Object(Illuminate\\Http\\Request))
#43 C:\\Users\\HP\\Documents\\laravel\\workunity-app\\vendor\\laravel\\framework\\src\\Illuminate\\Pipeline\\Pipeline.php(183): Illuminate\\Foundation\\Http\\Middleware\\ValidatePostSize->handle(Object(Illuminate\\Http\\Request), Object(Closure))
#44 C:\\Users\\HP\\Documents\\laravel\\workunity-app\\vendor\\laravel\\framework\\src\\Illuminate\\Foundation\\Http\\Middleware\\PreventRequestsDuringMaintenance.php(99): Illuminate\\Pipeline\\Pipeline->Illuminate\\Pipeline\\{closure}(Object(Illuminate\\Http\\Request))
#45 C:\\Users\\HP\\Documents\\laravel\\workunity-app\\vendor\\laravel\\framework\\src\\Illuminate\\Pipeline\\Pipeline.php(183): Illuminate\\Foundation\\Http\\Middleware\\PreventRequestsDuringMaintenance->handle(Object(Illuminate\\Http\\Request), Object(Closure))
#46 C:\\Users\\HP\\Documents\\laravel\\workunity-app\\vendor\\laravel\\framework\\src\\Illuminate\\Http\\Middleware\\HandleCors.php(49): Illuminate\\Pipeline\\Pipeline->Illuminate\\Pipeline\\{closure}(Object(Illuminate\\Http\\Request))
#47 C:\\Users\\HP\\Documents\\laravel\\workunity-app\\vendor\\laravel\\framework\\src\\Illuminate\\Pipeline\\Pipeline.php(183): Illuminate\\Http\\Middleware\\HandleCors->handle(Object(Illuminate\\Http\\Request), Object(Closure))
#48 C:\\Users\\HP\\Documents\\laravel\\workunity-app\\vendor\\laravel\\framework\\src\\Illuminate\\Http\\Middleware\\TrustProxies.php(39): Illuminate\\Pipeline\\Pipeline->Illuminate\\Pipeline\\{closure}(Object(Illuminate\\Http\\Request))
#49 C:\\Users\\HP\\Documents\\laravel\\workunity-app\\vendor\\laravel\\framework\\src\\Illuminate\\Pipeline\\Pipeline.php(183): Illuminate\\Http\\Middleware\\TrustProxies->handle(Object(Illuminate\\Http\\Request), Object(Closure))
#50 C:\\Users\\HP\\Documents\\laravel\\workunity-app\\vendor\\laravel\\framework\\src\\Illuminate\\Pipeline\\Pipeline.php(119): Illuminate\\Pipeline\\Pipeline->Illuminate\\Pipeline\\{closure}(Object(Illuminate\\Http\\Request))
#51 C:\\Users\\HP\\Documents\\laravel\\workunity-app\\vendor\\laravel\\framework\\src\\Illuminate\\Foundation\\Http\\Kernel.php(175): Illuminate\\Pipeline\\Pipeline->then(Object(Closure))
#52 C:\\Users\\HP\\Documents\\laravel\\workunity-app\\vendor\\laravel\\framework\\src\\Illuminate\\Foundation\\Http\\Kernel.php(144): Illuminate\\Foundation\\Http\\Kernel->sendRequestThroughRouter(Object(Illuminate\\Http\\Request))
#53 C:\\Users\\HP\\Documents\\laravel\\workunity-app\\public\\index.php(51): Illuminate\\Foundation\\Http\\Kernel->handle(Object(Illuminate\\Http\\Request))
#54 C:\\Users\\HP\\Documents\\laravel\\workunity-app\\vendor\\laravel\\framework\\src\\Illuminate\\Foundation\\resources\\server.php(16): require_once('C:\\\\Users\\\\HP\\\\Doc...')
#55 {main}

[previous exception] [object] (PDOException(code: 1049): SQLSTATE[HY000] [1049] Unknown database 'laravel' at C:\\Users\\HP\\Documents\\laravel\\workunity-app\\vendor\\laravel\\framework\\src\\Illuminate\\Database\\Connectors\\Connector.php:65)
[stacktrace]
#0 C:\\Users\\HP\\Documents\\laravel\\workunity-app\\vendor\\laravel\\framework\\src\\Illuminate\\Database\\Connectors\\Connector.php(65): PDO->__construct('mysql:host=127....', 'root', Object(SensitiveParameterValue), Array)
#1 C:\\Users\\HP\\Documents\\laravel\\workunity-app\\vendor\\laravel\\framework\\src\\Illuminate\\Database\\Connectors\\Connector.php(44): Illuminate\\Database\\Connectors\\Connector->createPdoConnection('mysql:host=127....', 'root', '', Array)
#2 C:\\Users\\HP\\Documents\\laravel\\workunity-app\\vendor\\laravel\\framework\\src\\Illuminate\\Database\\Connectors\\MySqlConnector.php(24): Illuminate\\Database\\Connectors\\Connector->createConnection('mysql:host=127....', Array, Array)
#3 C:\\Users\\HP\\Documents\\laravel\\workunity-app\\vendor\\laravel\\framework\\src\\Illuminate\\Database\\Connectors\\ConnectionFactory.php(184): Illuminate\\Database\\Connectors\\MySqlConnector->connect(Array)
#4 [internal function]: Illuminate\\Database\\Connectors\\ConnectionFactory->Illuminate\\Database\\Connectors\\{closure}()
#5 C:\\Users\\HP\\Documents\\laravel\\workunity-app\\vendor\\laravel\\framework\\src\\Illuminate\\Database\\Connection.php(1339): call_user_func(Object(Closure))
#6 C:\\Users\\HP\\Documents\\laravel\\workunity-app\\vendor\\laravel\\framework\\src\\Illuminate\\Database\\Connection.php(1375): Illuminate\\Database\\Connection->getPdo()
#7 C:\\Users\\HP\\Documents\\laravel\\workunity-app\\vendor\\laravel\\framework\\src\\Illuminate\\Database\\Connection.php(528): Illuminate\\Database\\Connection->getReadPdo()
#8 C:\\Users\\HP\\Documents\\laravel\\workunity-app\\vendor\\laravel\\framework\\src\\Illuminate\\Database\\Connection.php(423): Illuminate\\Database\\Connection->getPdoForSelect(true)
#9 C:\\Users\\HP\\Documents\\laravel\\workunity-app\\vendor\\laravel\\framework\\src\\Illuminate\\Database\\Connection.php(816): Illuminate\\Database\\Connection->Illuminate\\Database\\{closure}('select count(*)...', Array)
#10 C:\\Users\\HP\\Documents\\laravel\\workunity-app\\vendor\\laravel\\framework\\src\\Illuminate\\Database\\Connection.php(783): Illuminate\\Database\\Connection->runQueryCallback('select count(*)...', Array, Object(Closure))
#11 C:\\Users\\HP\\Documents\\laravel\\workunity-app\\vendor\\laravel\\framework\\src\\Illuminate\\Database\\Connection.php(414): Illuminate\\Database\\Connection->run('select count(*)...', Array, Object(Closure))
#12 C:\\Users\\HP\\Documents\\laravel\\workunity-app\\vendor\\laravel\\framework\\src\\Illuminate\\Database\\Query\\Builder.php(2913): Illuminate\\Database\\Connection->select('select count(*)...', Array, true)
#13 C:\\Users\\HP\\Documents\\laravel\\workunity-app\\vendor\\laravel\\framework\\src\\Illuminate\\Database\\Query\\Builder.php(2902): Illuminate\\Database\\Query\\Builder->runSelect()
#14 C:\\Users\\HP\\Documents\\laravel\\workunity-app\\vendor\\laravel\\framework\\src\\Illuminate\\Database\\Query\\Builder.php(3456): Illuminate\\Database\\Query\\Builder->Illuminate\\Database\\Query\\{closure}()
#15 C:\\Users\\HP\\Documents\\laravel\\workunity-app\\vendor\\laravel\\framework\\src\\Illuminate\\Database\\Query\\Builder.php(2901): Illuminate\\Database\\Query\\Builder->onceWithColumns(Array, Object(Closure))
#16 C:\\Users\\HP\\Documents\\laravel\\workunity-app\\vendor\\laravel\\framework\\src\\Illuminate\\Database\\Query\\Builder.php(3066): Illuminate\\Database\\Query\\Builder->get()
#17 C:\\Users\\HP\\Documents\\laravel\\workunity-app\\vendor\\laravel\\framework\\src\\Illuminate\\Database\\Query\\Builder.php(3025): Illuminate\\Database\\Query\\Builder->runPaginationCountQuery(Array)
#18 C:\\Users\\HP\\Documents\\laravel\\workunity-app\\vendor\\laravel\\framework\\src\\Illuminate\\Database\\Eloquent\\Builder.php(923): Illuminate\\Database\\Query\\Builder->getCountForPagination()
#19 C:\\Users\\HP\\Documents\\laravel\\workunity-app\\app\\Http\\Controllers\\EmployeeController.php(12): Illuminate\\Database\\Eloquent\\Builder->paginate(15)
#20 C:\\Users\\HP\\Documents\\laravel\\workunity-app\\vendor\\laravel\\framework\\src\\Illuminate\\Routing\\Controller.php(54): App\\Http\\Controllers\\EmployeeController->index()
#21 C:\\Users\\HP\\Documents\\laravel\\workunity-app\\vendor\\laravel\\framework\\src\\Illuminate\\Routing\\ControllerDispatcher.php(43): Illuminate\\Routing\\Controller->callAction('index', Array)
#22 C:\\Users\\HP\\Documents\\laravel\\workunity-app\\vendor\\laravel\\framework\\src\\Illuminate\\Routing\\Route.php(259): Illuminate\\Routing\\ControllerDispatcher->dispatch(Object(Illuminate\\Routing\\Route), Object(App\\Http\\Controllers\\EmployeeController), 'index')
#23 C:\\Users\\HP\\Documents\\laravel\\workunity-app\\vendor\\laravel\\framework\\src\\Illuminate\\Routing\\Route.php(205): Illuminate\\Routing\\Route->runController()
#24 C:\\Users\\HP\\Documents\\laravel\\workunity-app\\vendor\\laravel\\framework\\src\\Illuminate\\Routing\\Router.php(806): Illuminate\\Routing\\Route->run()
#25 C:\\Users\\HP\\Documents\\laravel\\workunity-app\\vendor\\laravel\\framework\\src\\Illuminate\\Pipeline\\Pipeline.php(144): Illuminate\\Routing\\Router->Illuminate\\Routing\\{closure}(Object(Illuminate\\Http\\Request))
#26 C:\\Users\\HP\\Documents\\laravel\\workunity-app\\vendor\\laravel\\framework\\src\\Illuminate\\Routing\\Middleware\\SubstituteBindings.php(50): Illuminate\\Pipeline\\Pipeline->Illuminate\\Pipeline\\{closure}(Object(Illuminate\\Http\\Request))
#27 C:\\Users\\HP\\Documents\\laravel\\workunity-app\\vendor\\laravel\\framework\\src\\Illuminate\\Pipeline\\Pipeline.php(183): Illuminate\\Routing\\Middleware\\SubstituteBindings->handle(Object(Illuminate\\Http\\Request), Object(Closure))
#28 C:\\Users\\HP\\Documents\\laravel\\workunity-app\\vendor\\laravel\\framework\\src\\Illuminate\\Foundation\\Http\\Middleware\\VerifyCsrfToken.php(78): Illuminate\\Pipeline\\Pipeline->Illuminate\\Pipeline\\{closure}(Object(Illuminate\\Http\\Request))
#29 C:\\Users\\HP\\Documents\\laravel\\workunity-app\\vendor\\laravel\\framework\\src\\Illuminate\\Pipeline\\Pipeline.php(183): Illuminate\\Foundation\\Http\\Middleware\\VerifyCsrfToken->handle(Object(Illuminate\\Http\\Request), Object(Closure))
#30 C:\\Users\\HP\\Documents\\laravel\\workunity-app\\vendor\\laravel\\framework\\src\\Illuminate\\View\\Middleware\\ShareErrorsFromSession.php(49): Illuminate\\Pipeline\\Pipeline->Illuminate\\Pipeline\\{closure}(Object(Illuminate\\Http\\Request))
#31 C:\\Users\\HP\\Documents\\laravel\\workunity-app\\vendor\\laravel\\framework\\src\\Illuminate\\Pipeline\\Pipeline.php(183): Illuminate\\View\\Middleware\\ShareErrorsFromSession->handle(Object(Illuminate\\Http\\Request), Object(Closure))
#32 C:\\Users\\HP\\Documents\\laravel\\workunity-app\\vendor\\laravel\\framework\\src\\Illuminate\\Session\\Middleware\\StartSession.php(121): Illuminate\\Pipeline\\Pipeline->Illuminate\\Pipeline\\{closure}(Object(Illuminate\\Http\\Request))
#33 C:\\Users\\HP\\Documents\\laravel\\workunity-app\\vendor\\laravel\\framework\\src\\Illuminate\\Session\\Middleware\\StartSession.php(64): Illuminate\\Session\\Middleware\\StartSession->handleStatefulRequest(Object(Illuminate\\Http\\Request), Object(Illuminate\\Session\\Store), Object(Closure))
#34 C:\\Users\\HP\\Documents\\laravel\\workunity-app\\vendor\\laravel\\framework\\src\\Illuminate\\Pipeline\\Pipeline.php(183): Illuminate\\Session\\Middleware\\StartSession->handle(Object(Illuminate\\Http\\Request), Object(Closure))
#35 C:\\Users\\HP\\Documents\\laravel\\workunity-app\\vendor\\laravel\\framework\\src\\Illuminate\\Cookie\\Middleware\\AddQueuedCookiesToResponse.php(37): Illuminate\\Pipeline\\Pipeline->Illuminate\\Pipeline\\{closure}(Object(Illuminate\\Http\\Request))
#36 C:\\Users\\HP\\Documents\\laravel\\workunity-app\\vendor\\laravel\\framework\\src\\Illuminate\\Pipeline\\Pipeline.php(183): Illuminate\\Cookie\\Middleware\\AddQueuedCookiesToResponse->handle(Object(Illuminate\\Http\\Request), Object(Closure))
#37 C:\\Users\\HP\\Documents\\laravel\\workunity-app\\vendor\\laravel\\framework\\src\\Illuminate\\Cookie\\Middleware\\EncryptCookies.php(67): Illuminate\\Pipeline\\Pipeline->Illuminate\\Pipeline\\{closure}(Object(Illuminate\\Http\\Request))
#38 C:\\Users\\HP\\Documents\\laravel\\workunity-app\\vendor\\laravel\\framework\\src\\Illuminate\\Pipeline\\Pipeline.php(183): Illuminate\\Cookie\\Middleware\\EncryptCookies->handle(Object(Illuminate\\Http\\Request), Object(Closure))
#39 C:\\Users\\HP\\Documents\\laravel\\workunity-app\\vendor\\laravel\\framework\\src\\Illuminate\\Pipeline\\Pipeline.php(119): Illuminate\\Pipeline\\Pipeline->Illuminate\\Pipeline\\{closure}(Object(Illuminate\\Http\\Request))
#40 C:\\Users\\HP\\Documents\\laravel\\workunity-app\\vendor\\laravel\\framework\\src\\Illuminate\\Routing\\Router.php(805): Illuminate\\Pipeline\\Pipeline->then(Object(Closure))
#41 C:\\Users\\HP\\Documents\\laravel\\workunity-app\\vendor\\laravel\\framework\\src\\Illuminate\\Routing\\Router.php(784): Illuminate\\Routing\\Router->runRouteWithinStack(Object(Illuminate\\Routing\\Route), Object(Illuminate\\Http\\Request))
#42 C:\\Users\\HP\\Documents\\laravel\\workunity-app\\vendor\\laravel\\framework\\src\\Illuminate\\Routing\\Router.php(748): Illuminate\\Routing\\Router->runRoute(Object(Illuminate\\Http\\Request), Object(Illuminate\\Routing\\Route))
#43 C:\\Users\\HP\\Documents\\laravel\\workunity-app\\vendor\\laravel\\framework\\src\\Illuminate\\Routing\\Router.php(737): Illuminate\\Routing\\Router->dispatchToRoute(Object(Illuminate\\Http\\Request))
#44 C:\\Users\\HP\\Documents\\laravel\\workunity-app\\vendor\\laravel\\framework\\src\\Illuminate\\Foundation\\Http\\Kernel.php(200): Illuminate\\Routing\\Router->dispatch(Object(Illuminate\\Http\\Request))
#45 C:\\Users\\HP\\Documents\\laravel\\workunity-app\\vendor\\laravel\\framework\\src\\Illuminate\\Pipeline\\Pipeline.php(144): Illuminate\\Foundation\\Http\\Kernel->Illuminate\\Foundation\\Http\\{closure}(Object(Illuminate\\Http\\Request))
#46 C:\\Users\\HP\\Documents\\laravel\\workunity-app\\vendor\\laravel\\framework\\src\\Illuminate\\Foundation\\Http\\Middleware\\TransformsRequest.php(21): Illuminate\\Pipeline\\Pipeline->Illuminate\\Pipeline\\{closure}(Object(Illuminate\\Http\\Request))
#47 C:\\Users\\HP\\Documents\\laravel\\workunity-app\\vendor\\laravel\\framework\\src\\Illuminate\\Foundation\\Http\\Middleware\\ConvertEmptyStringsToNull.php(31): Illuminate\\Foundation\\Http\\Middleware\\TransformsRequest->handle(Object(Illuminate\\Http\\Request), Object(Closure))
#48 C:\\Users\\HP\\Documents\\laravel\\workunity-app\\vendor\\laravel\\framework\\src\\Illuminate\\Pipeline\\Pipeline.php(183): Illuminate\\Foundation\\Http\\Middleware\\ConvertEmptyStringsToNull->handle(Object(Illuminate\\Http\\Request), Object(Closure))
#49 C:\\Users\\HP\\Documents\\laravel\\workunity-app\\vendor\\laravel\\framework\\src\\Illuminate\\Foundation\\Http\\Middleware\\TransformsRequest.php(21): Illuminate\\Pipeline\\Pipeline->Illuminate\\Pipeline\\{closure}(Object(Illuminate\\Http\\Request))
#50 C:\\Users\\HP\\Documents\\laravel\\workunity-app\\vendor\\laravel\\framework\\src\\Illuminate\\Foundation\\Http\\Middleware\\TrimStrings.php(40): Illuminate\\Foundation\\Http\\Middleware\\TransformsRequest->handle(Object(Illuminate\\Http\\Request), Object(Closure))
#51 C:\\Users\\HP\\Documents\\laravel\\workunity-app\\vendor\\laravel\\framework\\src\\Illuminate\\Pipeline\\Pipeline.php(183): Illuminate\\Foundation\\Http\\Middleware\\TrimStrings->handle(Object(Illuminate\\Http\\Request), Object(Closure))
#52 C:\\Users\\HP\\Documents\\laravel\\workunity-app\\vendor\\laravel\\framework\\src\\Illuminate\\Foundation\\Http\\Middleware\\ValidatePostSize.php(27): Illuminate\\Pipeline\\Pipeline->Illuminate\\Pipeline\\{closure}(Object(Illuminate\\Http\\Request))
#53 C:\\Users\\HP\\Documents\\laravel\\workunity-app\\vendor\\laravel\\framework\\src\\Illuminate\\Pipeline\\Pipeline.php(183): Illuminate\\Foundation\\Http\\Middleware\\ValidatePostSize->handle(Object(Illuminate\\Http\\Request), Object(Closure))
#54 C:\\Users\\HP\\Documents\\laravel\\workunity-app\\vendor\\laravel\\framework\\src\\Illuminate\\Foundation\\Http\\Middleware\\PreventRequestsDuringMaintenance.php(99): Illuminate\\Pipeline\\Pipeline->Illuminate\\Pipeline\\{closure}(Object(Illuminate\\Http\\Request))
#55 C:\\Users\\HP\\Documents\\laravel\\workunity-app\\vendor\\laravel\\framework\\src\\Illuminate\\Pipeline\\Pipeline.php(183): Illuminate\\Foundation\\Http\\Middleware\\PreventRequestsDuringMaintenance->handle(Object(Illuminate\\Http\\Request), Object(Closure))
#56 C:\\Users\\HP\\Documents\\laravel\\workunity-app\\vendor\\laravel\\framework\\src\\Illuminate\\Http\\Middleware\\HandleCors.php(49): Illuminate\\Pipeline\\Pipeline->Illuminate\\Pipeline\\{closure}(Object(Illuminate\\Http\\Request))
#57 C:\\Users\\HP\\Documents\\laravel\\workunity-app\\vendor\\laravel\\framework\\src\\Illuminate\\Pipeline\\Pipeline.php(183): Illuminate\\Http\\Middleware\\HandleCors->handle(Object(Illuminate\\Http\\Request), Object(Closure))
#58 C:\\Users\\HP\\Documents\\laravel\\workunity-app\\vendor\\laravel\\framework\\src\\Illuminate\\Http\\Middleware\\TrustProxies.php(39): Illuminate\\Pipeline\\Pipeline->Illuminate\\Pipeline\\{closure}(Object(Illuminate\\Http\\Request))
#59 C:\\Users\\HP\\Documents\\laravel\\workunity-app\\vendor\\laravel\\framework\\src\\Illuminate\\Pipeline\\Pipeline.php(183): Illuminate\\Http\\Middleware\\TrustProxies->handle(Object(Illuminate\\Http\\Request), Object(Closure))
#60 C:\\Users\\HP\\Documents\\laravel\\workunity-app\\vendor\\laravel\\framework\\src\\Illuminate\\Pipeline\\Pipeline.php(119): Illuminate\\Pipeline\\Pipeline->Illuminate\\Pipeline\\{closure}(Object(Illuminate\\Http\\Request))
#61 C:\\Users\\HP\\Documents\\laravel\\workunity-app\\vendor\\laravel\\framework\\src\\Illuminate\\Foundation\\Http\\Kernel.php(175): Illuminate\\Pipeline\\Pipeline->then(Object(Closure))
#62 C:\\Users\\HP\\Documents\\laravel\\workunity-app\\vendor\\laravel\\framework\\src\\Illuminate\\Foundation\\Http\\Kernel.php(144): Illuminate\\Foundation\\Http\\Kernel->sendRequestThroughRouter(Object(Illuminate\\Http\\Request))
#63 C:\\Users\\HP\\Documents\\laravel\\workunity-app\\public\\index.php(51): Illuminate\\Foundation\\Http\\Kernel->handle(Object(Illuminate\\Http\\Request))
#64 C:\\Users\\HP\\Documents\\laravel\\workunity-app\\vendor\\laravel\\framework\\src\\Illuminate\\Foundation\\resources\\server.php(16): require_once('C:\\\\Users\\\\HP\\\\Doc...')
#65 {main}
"} 
[2025-10-24 22:04:58] local.ERROR: SQLSTATE[HY000] [1049] Unknown database 'workunity_db' (Connection: mysql, SQL: select count(*) as aggregate from `employees`) {"exception":"[object] (Illuminate\\Database\\QueryException(code: 1049): SQLSTATE[HY000] [1049] Unknown database 'workunity_db' (Connection: mysql, SQL: select count(*) as aggregate from `employees`) at C:\\Users\\HP\\Documents\\laravel\\workunity-app\\vendor\\laravel\\framework\\src\\Illuminate\\Database\\Connection.php:829)
[stacktrace]
#0 C:\\Users\\HP\\Documents\\laravel\\workunity-app\\vendor\\laravel\\framework\\src\\Illuminate\\Database\\Connection.php(783): Illuminate\\Database\\Connection->runQueryCallback('select count(*)...', Array, Object(Closure))
#1 C:\\Users\\HP\\Documents\\laravel\\workunity-app\\vendor\\laravel\\framework\\src\\Illuminate\\Database\\Connection.php(414): Illuminate\\Database\\Connection->run('select count(*)...', Array, Object(Closure))
#2 C:\\Users\\HP\\Documents\\laravel\\workunity-app\\vendor\\laravel\\framework\\src\\Illuminate\\Database\\Query\\Builder.php(2913): Illuminate\\Database\\Connection->select('select count(*)...', Array, true)
#3 C:\\Users\\HP\\Documents\\laravel\\workunity-app\\vendor\\laravel\\framework\\src\\Illuminate\\Database\\Query\\Builder.php(2902): Illuminate\\Database\\Query\\Builder->runSelect()
#4 C:\\Users\\HP\\Documents\\laravel\\workunity-app\\vendor\\laravel\\framework\\src\\Illuminate\\Database\\Query\\Builder.php(3456): Illuminate\\Database\\Query\\Builder->Illuminate\\Database\\Query\\{closure}()
#5 C:\\Users\\HP\\Documents\\laravel\\workunity-app\\vendor\\laravel\\framework\\src\\Illuminate\\Database\\Query\\Builder.php(2901): Illuminate\\Database\\Query\\Builder->onceWithColumns(Array, Object(Closure))
#6 C:\\Users\\HP\\Documents\\laravel\\workunity-app\\vendor\\laravel\\framework\\src\\Illuminate\\Database\\Query\\Builder.php(3066): Illuminate\\Database\\Query\\Builder->get()
#7 C:\\Users\\HP\\Documents\\laravel\\workunity-app\\vendor\\laravel\\framework\\src\\Illuminate\\Database\\Query\\Builder.php(3025): Illuminate\\Database\\Query\\Builder->runPaginationCountQuery(Array)
#8 C:\\Users\\HP\\Documents\\laravel\\workunity-app\\vendor\\laravel\\framework\\src\\Illuminate\\Database\\Eloquent\\Builder.php(923): Illuminate\\Database\\Query\\Builder->getCountForPagination()
#9 C:\\Users\\HP\\Documents\\laravel\\workunity-app\\app\\Http\\Controllers\\EmployeeController.php(12): Illuminate\\Database\\Eloquent\\Builder->paginate(15)
#10 C:\\Users\\HP\\Documents\\laravel\\workunity-app\\vendor\\laravel\\framework\\src\\Illuminate\\Routing\\Controller.php(54): App\\Http\\Controllers\\EmployeeController->index()
#11 C:\\Users\\HP\\Documents\\laravel\\workunity-app\\vendor\\laravel\\framework\\src\\Illuminate\\Routing\\ControllerDispatcher.php(43): Illuminate\\Routing\\Controller->callAction('index', Array)
#12 C:\\Users\\HP\\Documents\\laravel\\workunity-app\\vendor\\laravel\\framework\\src\\Illuminate\\Routing\\Route.php(259): Illuminate\\Routing\\ControllerDispatcher->dispatch(Object(Illuminate\\Routing\\Route), Object(App\\Http\\Controllers\\EmployeeController), 'index')
#13 C:\\Users\\HP\\Documents\\laravel\\workunity-app\\vendor\\laravel\\framework\\src\\Illuminate\\Routing\\Route.php(205): Illuminate\\Routing\\Route->runController()
#14 C:\\Users\\HP\\Documents\\laravel\\workunity-app\\vendor\\laravel\\framework\\src\\Illuminate\\Routing\\Router.php(806): Illuminate\\Routing\\Route->run()
#15 C:\\Users\\HP\\Documents\\laravel\\workunity-app\\vendor\\laravel\\framework\\src\\Illuminate\\Pipeline\\Pipeline.php(144): Illuminate\\Routing\\Router->Illuminate\\Routing\\{closure}(Object(Illuminate\\Http\\Request))
#16 C:\\Users\\HP\\Documents\\laravel\\workunity-app\\vendor\\laravel\\framework\\src\\Illuminate\\Routing\\Middleware\\SubstituteBindings.php(50): Illuminate\\Pipeline\\Pipeline->Illuminate\\Pipeline\\{closure}(Object(Illuminate\\Http\\Request))
#17 C:\\Users\\HP\\Documents\\laravel\\workunity-app\\vendor\\laravel\\framework\\src\\Illuminate\\Pipeline\\Pipeline.php(183): Illuminate\\Routing\\Middleware\\SubstituteBindings->handle(Object(Illuminate\\Http\\Request), Object(Closure))
#18 C:\\Users\\HP\\Documents\\laravel\\workunity-app\\vendor\\laravel\\framework\\src\\Illuminate\\Foundation\\Http\\Middleware\\VerifyCsrfToken.php(78): Illuminate\\Pipeline\\Pipeline->Illuminate\\Pipeline\\{closure}(Object(Illuminate\\Http\\Request))
#19 C:\\Users\\HP\\Documents\\laravel\\workunity-app\\vendor\\laravel\\framework\\src\\Illuminate\\Pipeline\\Pipeline.php(183): Illuminate\\Foundation\\Http\\Middleware\\VerifyCsrfToken->handle(Object(Illuminate\\Http\\Request), Object(Closure))
#20 C:\\Users\\HP\\Documents\\laravel\\workunity-app\\vendor\\laravel\\framework\\src\\Illuminate\\View\\Middleware\\ShareErrorsFromSession.php(49): Illuminate\\Pipeline\\Pipeline->Illuminate\\Pipeline\\{closure}(Object(Illuminate\\Http\\Request))
#21 C:\\Users\\HP\\Documents\\laravel\\workunity-app\\vendor\\laravel\\framework\\src\\Illuminate\\Pipeline\\Pipeline.php(183): Illuminate\\View\\Middleware\\ShareErrorsFromSession->handle(Object(Illuminate\\Http\\Request), Object(Closure))
#22 C:\\Users\\HP\\Documents\\laravel\\workunity-app\\vendor\\laravel\\framework\\src\\Illuminate\\Session\\Middleware\\StartSession.php(121): Illuminate\\Pipeline\\Pipeline->Illuminate\\Pipeline\\{closure}(Object(Illuminate\\Http\\Request))
#23 C:\\Users\\HP\\Documents\\laravel\\workunity-app\\vendor\\laravel\\framework\\src\\Illuminate\\Session\\Middleware\\StartSession.php(64): Illuminate\\Session\\Middleware\\StartSession->handleStatefulRequest(Object(Illuminate\\Http\\Request), Object(Illuminate\\Session\\Store), Object(Closure))
#24 C:\\Users\\HP\\Documents\\laravel\\workunity-app\\vendor\\laravel\\framework\\src\\Illuminate\\Pipeline\\Pipeline.php(183): Illuminate\\Session\\Middleware\\StartSession->handle(Object(Illuminate\\Http\\Request), Object(Closure))
#25 C:\\Users\\HP\\Documents\\laravel\\workunity-app\\vendor\\laravel\\framework\\src\\Illuminate\\Cookie\\Middleware\\AddQueuedCookiesToResponse.php(37): Illuminate\\Pipeline\\Pipeline->Illuminate\\Pipeline\\{closure}(Object(Illuminate\\Http\\Request))
#26 C:\\Users\\HP\\Documents\\laravel\\workunity-app\\vendor\\laravel\\framework\\src\\Illuminate\\Pipeline\\Pipeline.php(183): Illuminate\\Cookie\\Middleware\\AddQueuedCookiesToResponse->handle(Object(Illuminate\\Http\\Request), Object(Closure))
#27 C:\\Users\\HP\\Documents\\laravel\\workunity-app\\vendor\\laravel\\framework\\src\\Illuminate\\Cookie\\Middleware\\EncryptCookies.php(67): Illuminate\\Pipeline\\Pipeline->Illuminate\\Pipeline\\{closure}(Object(Illuminate\\Http\\Request))
#28 C:\\Users\\HP\\Documents\\laravel\\workunity-app\\vendor\\laravel\\framework\\src\\Illuminate\\Pipeline\\Pipeline.php(183): Illuminate\\Cookie\\Middleware\\EncryptCookies->handle(Object(Illuminate\\Http\\Request), Object(Closure))
#29 C:\\Users\\HP\\Documents\\laravel\\workunity-app\\vendor\\laravel\\framework\\src\\Illuminate\\Pipeline\\Pipeline.php(119): Illuminate\\Pipeline\\Pipeline->Illuminate\\Pipeline\\{closure}(Object(Illuminate\\Http\\Request))
#30 C:\\Users\\HP\\Documents\\laravel\\workunity-app\\vendor\\laravel\\framework\\src\\Illuminate\\Routing\\Router.php(805): Illuminate\\Pipeline\\Pipeline->then(Object(Closure))
#31 C:\\Users\\HP\\Documents\\laravel\\workunity-app\\vendor\\laravel\\framework\\src\\Illuminate\\Routing\\Router.php(784): Illuminate\\Routing\\Router->runRouteWithinStack(Object(Illuminate\\Routing\\Route), Object(Illuminate\\Http\\Request))
#32 C:\\Users\\HP\\Documents\\laravel\\workunity-app\\vendor\\laravel\\framework\\src\\Illuminate\\Routing\\Router.php(748): Illuminate\\Routing\\Router->runRoute(Object(Illuminate\\Http\\Request), Object(Illuminate\\Routing\\Route))
#33 C:\\Users\\HP\\Documents\\laravel\\workunity-app\\vendor\\laravel\\framework\\src\\Illuminate\\Routing\\Router.php(737): Illuminate\\Routing\\Router->dispatchToRoute(Object(Illuminate\\Http\\Request))
#34 C:\\Users\\HP\\Documents\\laravel\\workunity-app\\vendor\\laravel\\framework\\src\\Illuminate\\Foundation\\Http\\Kernel.php(200): Illuminate\\Routing\\Router->dispatch(Object(Illuminate\\Http\\Request))
#35 C:\\Users\\HP\\Documents\\laravel\\workunity-app\\vendor\\laravel\\framework\\src\\Illuminate\\Pipeline\\Pipeline.php(144): Illuminate\\Foundation\\Http\\Kernel->Illuminate\\Foundation\\Http\\{closure}(Object(Illuminate\\Http\\Request))
#36 C:\\Users\\HP\\Documents\\laravel\\workunity-app\\vendor\\laravel\\framework\\src\\Illuminate\\Foundation\\Http\\Middleware\\TransformsRequest.php(21): Illuminate\\Pipeline\\Pipeline->Illuminate\\Pipeline\\{closure}(Object(Illuminate\\Http\\Request))
#37 C:\\Users\\HP\\Documents\\laravel\\workunity-app\\vendor\\laravel\\framework\\src\\Illuminate\\Foundation\\Http\\Middleware\\ConvertEmptyStringsToNull.php(31): Illuminate\\Foundation\\Http\\Middleware\\TransformsRequest->handle(Object(Illuminate\\Http\\Request), Object(Closure))
#38 C:\\Users\\HP\\Documents\\laravel\\workunity-app\\vendor\\laravel\\framework\\src\\Illuminate\\Pipeline\\Pipeline.php(183): Illuminate\\Foundation\\Http\\Middleware\\ConvertEmptyStringsToNull->handle(Object(Illuminate\\Http\\Request), Object(Closure))
#39 C:\\Users\\HP\\Documents\\laravel\\workunity-app\\vendor\\laravel\\framework\\src\\Illuminate\\Foundation\\Http\\Middleware\\TransformsRequest.php(21): Illuminate\\Pipeline\\Pipeline->Illuminate\\Pipeline\\{closure}(Object(Illuminate\\Http\\Request))
#40 C:\\Users\\HP\\Documents\\laravel\\workunity-app\\vendor\\laravel\\framework\\src\\Illuminate\\Foundation\\Http\\Middleware\\TrimStrings.php(40): Illuminate\\Foundation\\Http\\Middleware\\TransformsRequest->handle(Object(Illuminate\\Http\\Request), Object(Closure))
#41 C:\\Users\\HP\\Documents\\laravel\\workunity-app\\vendor\\laravel\\framework\\src\\Illuminate\\Pipeline\\Pipeline.php(183): Illuminate\\Foundation\\Http\\Middleware\\TrimStrings->handle(Object(Illuminate\\Http\\Request), Object(Closure))
#42 C:\\Users\\HP\\Documents\\laravel\\workunity-app\\vendor\\laravel\\framework\\src\\Illuminate\\Foundation\\Http\\Middleware\\ValidatePostSize.php(27): Illuminate\\Pipeline\\Pipeline->Illuminate\\Pipeline\\{closure}(Object(Illuminate\\Http\\Request))
#43 C:\\Users\\HP\\Documents\\laravel\\workunity-app\\vendor\\laravel\\framework\\src\\Illuminate\\Pipeline\\Pipeline.php(183): Illuminate\\Foundation\\Http\\Middleware\\ValidatePostSize->handle(Object(Illuminate\\Http\\Request), Object(Closure))
#44 C:\\Users\\HP\\Documents\\laravel\\workunity-app\\vendor\\laravel\\framework\\src\\Illuminate\\Foundation\\Http\\Middleware\\PreventRequestsDuringMaintenance.php(99): Illuminate\\Pipeline\\Pipeline->Illuminate\\Pipeline\\{closure}(Object(Illuminate\\Http\\Request))
#45 C:\\Users\\HP\\Documents\\laravel\\workunity-app\\vendor\\laravel\\framework\\src\\Illuminate\\Pipeline\\Pipeline.php(183): Illuminate\\Foundation\\Http\\Middleware\\PreventRequestsDuringMaintenance->handle(Object(Illuminate\\Http\\Request), Object(Closure))
#46 C:\\Users\\HP\\Documents\\laravel\\workunity-app\\vendor\\laravel\\framework\\src\\Illuminate\\Http\\Middleware\\HandleCors.php(49): Illuminate\\Pipeline\\Pipeline->Illuminate\\Pipeline\\{closure}(Object(Illuminate\\Http\\Request))
#47 C:\\Users\\HP\\Documents\\laravel\\workunity-app\\vendor\\laravel\\framework\\src\\Illuminate\\Pipeline\\Pipeline.php(183): Illuminate\\Http\\Middleware\\HandleCors->handle(Object(Illuminate\\Http\\Request), Object(Closure))
#48 C:\\Users\\HP\\Documents\\laravel\\workunity-app\\vendor\\laravel\\framework\\src\\Illuminate\\Http\\Middleware\\TrustProxies.php(39): Illuminate\\Pipeline\\Pipeline->Illuminate\\Pipeline\\{closure}(Object(Illuminate\\Http\\Request))
#49 C:\\Users\\HP\\Documents\\laravel\\workunity-app\\vendor\\laravel\\framework\\src\\Illuminate\\Pipeline\\Pipeline.php(183): Illuminate\\Http\\Middleware\\TrustProxies->handle(Object(Illuminate\\Http\\Request), Object(Closure))
#50 C:\\Users\\HP\\Documents\\laravel\\workunity-app\\vendor\\laravel\\framework\\src\\Illuminate\\Pipeline\\Pipeline.php(119): Illuminate\\Pipeline\\Pipeline->Illuminate\\Pipeline\\{closure}(Object(Illuminate\\Http\\Request))
#51 C:\\Users\\HP\\Documents\\laravel\\workunity-app\\vendor\\laravel\\framework\\src\\Illuminate\\Foundation\\Http\\Kernel.php(175): Illuminate\\Pipeline\\Pipeline->then(Object(Closure))
#52 C:\\Users\\HP\\Documents\\laravel\\workunity-app\\vendor\\laravel\\framework\\src\\Illuminate\\Foundation\\Http\\Kernel.php(144): Illuminate\\Foundation\\Http\\Kernel->sendRequestThroughRouter(Object(Illuminate\\Http\\Request))
#53 C:\\Users\\HP\\Documents\\laravel\\workunity-app\\public\\index.php(51): Illuminate\\Foundation\\Http\\Kernel->handle(Object(Illuminate\\Http\\Request))
#54 C:\\Users\\HP\\Documents\\laravel\\workunity-app\\vendor\\laravel\\framework\\src\\Illuminate\\Foundation\\resources\\server.php(16): require_once('C:\\\\Users\\\\HP\\\\Doc...')
#55 {main}

[previous exception] [object] (PDOException(code: 1049): SQLSTATE[HY000] [1049] Unknown database 'workunity_db' at C:\\Users\\HP\\Documents\\laravel\\workunity-app\\vendor\\laravel\\framework\\src\\Illuminate\\Database\\Connectors\\Connector.php:65)
[stacktrace]
#0 C:\\Users\\HP\\Documents\\laravel\\workunity-app\\vendor\\laravel\\framework\\src\\Illuminate\\Database\\Connectors\\Connector.php(65): PDO->__construct('mysql:host=127....', 'root', Object(SensitiveParameterValue), Array)
#1 C:\\Users\\HP\\Documents\\laravel\\workunity-app\\vendor\\laravel\\framework\\src\\Illuminate\\Database\\Connectors\\Connector.php(44): Illuminate\\Database\\Connectors\\Connector->createPdoConnection('mysql:host=127....', 'root', '', Array)
#2 C:\\Users\\HP\\Documents\\laravel\\workunity-app\\vendor\\laravel\\framework\\src\\Illuminate\\Database\\Connectors\\MySqlConnector.php(24): Illuminate\\Database\\Connectors\\Connector->createConnection('mysql:host=127....', Array, Array)
#3 C:\\Users\\HP\\Documents\\laravel\\workunity-app\\vendor\\laravel\\framework\\src\\Illuminate\\Database\\Connectors\\ConnectionFactory.php(184): Illuminate\\Database\\Connectors\\MySqlConnector->connect(Array)
#4 [internal function]: Illuminate\\Database\\Connectors\\ConnectionFactory->Illuminate\\Database\\Connectors\\{closure}()
#5 C:\\Users\\HP\\Documents\\laravel\\workunity-app\\vendor\\laravel\\framework\\src\\Illuminate\\Database\\Connection.php(1339): call_user_func(Object(Closure))
#6 C:\\Users\\HP\\Documents\\laravel\\workunity-app\\vendor\\laravel\\framework\\src\\Illuminate\\Database\\Connection.php(1375): Illuminate\\Database\\Connection->getPdo()
#7 C:\\Users\\HP\\Documents\\laravel\\workunity-app\\vendor\\laravel\\framework\\src\\Illuminate\\Database\\Connection.php(528): Illuminate\\Database\\Connection->getReadPdo()
#8 C:\\Users\\HP\\Documents\\laravel\\workunity-app\\vendor\\laravel\\framework\\src\\Illuminate\\Database\\Connection.php(423): Illuminate\\Database\\Connection->getPdoForSelect(true)
#9 C:\\Users\\HP\\Documents\\laravel\\workunity-app\\vendor\\laravel\\framework\\src\\Illuminate\\Database\\Connection.php(816): Illuminate\\Database\\Connection->Illuminate\\Database\\{closure}('select count(*)...', Array)
#10 C:\\Users\\HP\\Documents\\laravel\\workunity-app\\vendor\\laravel\\framework\\src\\Illuminate\\Database\\Connection.php(783): Illuminate\\Database\\Connection->runQueryCallback('select count(*)...', Array, Object(Closure))
#11 C:\\Users\\HP\\Documents\\laravel\\workunity-app\\vendor\\laravel\\framework\\src\\Illuminate\\Database\\Connection.php(414): Illuminate\\Database\\Connection->run('select count(*)...', Array, Object(Closure))
#12 C:\\Users\\HP\\Documents\\laravel\\workunity-app\\vendor\\laravel\\framework\\src\\Illuminate\\Database\\Query\\Builder.php(2913): Illuminate\\Database\\Connection->select('select count(*)...', Array, true)
#13 C:\\Users\\HP\\Documents\\laravel\\workunity-app\\vendor\\laravel\\framework\\src\\Illuminate\\Database\\Query\\Builder.php(2902): Illuminate\\Database\\Query\\Builder->runSelect()
#14 C:\\Users\\HP\\Documents\\laravel\\workunity-app\\vendor\\laravel\\framework\\src\\Illuminate\\Database\\Query\\Builder.php(3456): Illuminate\\Database\\Query\\Builder->Illuminate\\Database\\Query\\{closure}()
#15 C:\\Users\\HP\\Documents\\laravel\\workunity-app\\vendor\\laravel\\framework\\src\\Illuminate\\Database\\Query\\Builder.php(2901): Illuminate\\Database\\Query\\Builder->onceWithColumns(Array, Object(Closure))
#16 C:\\Users\\HP\\Documents\\laravel\\workunity-app\\vendor\\laravel\\framework\\src\\Illuminate\\Database\\Query\\Builder.php(3066): Illuminate\\Database\\Query\\Builder->get()
#17 C:\\Users\\HP\\Documents\\laravel\\workunity-app\\vendor\\laravel\\framework\\src\\Illuminate\\Database\\Query\\Builder.php(3025): Illuminate\\Database\\Query\\Builder->runPaginationCountQuery(Array)
#18 C:\\Users\\HP\\Documents\\laravel\\workunity-app\\vendor\\laravel\\framework\\src\\Illuminate\\Database\\Eloquent\\Builder.php(923): Illuminate\\Database\\Query\\Builder->getCountForPagination()
#19 C:\\Users\\HP\\Documents\\laravel\\workunity-app\\app\\Http\\Controllers\\EmployeeController.php(12): Illuminate\\Database\\Eloquent\\Builder->paginate(15)
#20 C:\\Users\\HP\\Documents\\laravel\\workunity-app\\vendor\\laravel\\framework\\src\\Illuminate\\Routing\\Controller.php(54): App\\Http\\Controllers\\EmployeeController->index()
#21 C:\\Users\\HP\\Documents\\laravel\\workunity-app\\vendor\\laravel\\framework\\src\\Illuminate\\Routing\\ControllerDispatcher.php(43): Illuminate\\Routing\\Controller->callAction('index', Array)
#22 C:\\Users\\HP\\Documents\\laravel\\workunity-app\\vendor\\laravel\\framework\\src\\Illuminate\\Routing\\Route.php(259): Illuminate\\Routing\\ControllerDispatcher->dispatch(Object(Illuminate\\Routing\\Route), Object(App\\Http\\Controllers\\EmployeeController), 'index')
#23 C:\\Users\\HP\\Documents\\laravel\\workunity-app\\vendor\\laravel\\framework\\src\\Illuminate\\Routing\\Route.php(205): Illuminate\\Routing\\Route->runController()
#24 C:\\Users\\HP\\Documents\\laravel\\workunity-app\\vendor\\laravel\\framework\\src\\Illuminate\\Routing\\Router.php(806): Illuminate\\Routing\\Route->run()
#25 C:\\Users\\HP\\Documents\\laravel\\workunity-app\\vendor\\laravel\\framework\\src\\Illuminate\\Pipeline\\Pipeline.php(144): Illuminate\\Routing\\Router->Illuminate\\Routing\\{closure}(Object(Illuminate\\Http\\Request))
#26 C:\\Users\\HP\\Documents\\laravel\\workunity-app\\vendor\\laravel\\framework\\src\\Illuminate\\Routing\\Middleware\\SubstituteBindings.php(50): Illuminate\\Pipeline\\Pipeline->Illuminate\\Pipeline\\{closure}(Object(Illuminate\\Http\\Request))
#27 C:\\Users\\HP\\Documents\\laravel\\workunity-app\\vendor\\laravel\\framework\\src\\Illuminate\\Pipeline\\Pipeline.php(183): Illuminate\\Routing\\Middleware\\SubstituteBindings->handle(Object(Illuminate\\Http\\Request), Object(Closure))
#28 C:\\Users\\HP\\Documents\\laravel\\workunity-app\\vendor\\laravel\\framework\\src\\Illuminate\\Foundation\\Http\\Middleware\\VerifyCsrfToken.php(78): Illuminate\\Pipeline\\Pipeline->Illuminate\\Pipeline\\{closure}(Object(Illuminate\\Http\\Request))
#29 C:\\Users\\HP\\Documents\\laravel\\workunity-app\\vendor\\laravel\\framework\\src\\Illuminate\\Pipeline\\Pipeline.php(183): Illuminate\\Foundation\\Http\\Middleware\\VerifyCsrfToken->handle(Object(Illuminate\\Http\\Request), Object(Closure))
#30 C:\\Users\\HP\\Documents\\laravel\\workunity-app\\vendor\\laravel\\framework\\src\\Illuminate\\View\\Middleware\\ShareErrorsFromSession.php(49): Illuminate\\Pipeline\\Pipeline->Illuminate\\Pipeline\\{closure}(Object(Illuminate\\Http\\Request))
#31 C:\\Users\\HP\\Documents\\laravel\\workunity-app\\vendor\\laravel\\framework\\src\\Illuminate\\Pipeline\\Pipeline.php(183): Illuminate\\View\\Middleware\\ShareErrorsFromSession->handle(Object(Illuminate\\Http\\Request), Object(Closure))
#32 C:\\Users\\HP\\Documents\\laravel\\workunity-app\\vendor\\laravel\\framework\\src\\Illuminate\\Session\\Middleware\\StartSession.php(121): Illuminate\\Pipeline\\Pipeline->Illuminate\\Pipeline\\{closure}(Object(Illuminate\\Http\\Request))
#33 C:\\Users\\HP\\Documents\\laravel\\workunity-app\\vendor\\laravel\\framework\\src\\Illuminate\\Session\\Middleware\\StartSession.php(64): Illuminate\\Session\\Middleware\\StartSession->handleStatefulRequest(Object(Illuminate\\Http\\Request), Object(Illuminate\\Session\\Store), Object(Closure))
#34 C:\\Users\\HP\\Documents\\laravel\\workunity-app\\vendor\\laravel\\framework\\src\\Illuminate\\Pipeline\\Pipeline.php(183): Illuminate\\Session\\Middleware\\StartSession->handle(Object(Illuminate\\Http\\Request), Object(Closure))
#35 C:\\Users\\HP\\Documents\\laravel\\workunity-app\\vendor\\laravel\\framework\\src\\Illuminate\\Cookie\\Middleware\\AddQueuedCookiesToResponse.php(37): Illuminate\\Pipeline\\Pipeline->Illuminate\\Pipeline\\{closure}(Object(Illuminate\\Http\\Request))
#36 C:\\Users\\HP\\Documents\\laravel\\workunity-app\\vendor\\laravel\\framework\\src\\Illuminate\\Pipeline\\Pipeline.php(183): Illuminate\\Cookie\\Middleware\\AddQueuedCookiesToResponse->handle(Object(Illuminate\\Http\\Request), Object(Closure))
#37 C:\\Users\\HP\\Documents\\laravel\\workunity-app\\vendor\\laravel\\framework\\src\\Illuminate\\Cookie\\Middleware\\EncryptCookies.php(67): Illuminate\\Pipeline\\Pipeline->Illuminate\\Pipeline\\{closure}(Object(Illuminate\\Http\\Request))
#38 C:\\Users\\HP\\Documents\\laravel\\workunity-app\\vendor\\laravel\\framework\\src\\Illuminate\\Pipeline\\Pipeline.php(183): Illuminate\\Cookie\\Middleware\\EncryptCookies->handle(Object(Illuminate\\Http\\Request), Object(Closure))
#39 C:\\Users\\HP\\Documents\\laravel\\workunity-app\\vendor\\laravel\\framework\\src\\Illuminate\\Pipeline\\Pipeline.php(119): Illuminate\\Pipeline\\Pipeline->Illuminate\\Pipeline\\{closure}(Object(Illuminate\\Http\\Request))
#40 C:\\Users\\HP\\Documents\\laravel\\workunity-app\\vendor\\laravel\\framework\\src\\Illuminate\\Routing\\Router.php(805): Illuminate\\Pipeline\\Pipeline->then(Object(Closure))
#41 C:\\Users\\HP\\Documents\\laravel\\workunity-app\\vendor\\laravel\\framework\\src\\Illuminate\\Routing\\Router.php(784): Illuminate\\Routing\\Router->runRouteWithinStack(Object(Illuminate\\Routing\\Route), Object(Illuminate\\Http\\Request))
#42 C:\\Users\\HP\\Documents\\laravel\\workunity-app\\vendor\\laravel\\framework\\src\\Illuminate\\Routing\\Router.php(748): Illuminate\\Routing\\Router->runRoute(Object(Illuminate\\Http\\Request), Object(Illuminate\\Routing\\Route))
#43 C:\\Users\\HP\\Documents\\laravel\\workunity-app\\vendor\\laravel\\framework\\src\\Illuminate\\Routing\\Router.php(737): Illuminate\\Routing\\Router->dispatchToRoute(Object(Illuminate\\Http\\Request))
#44 C:\\Users\\HP\\Documents\\laravel\\workunity-app\\vendor\\laravel\\framework\\src\\Illuminate\\Foundation\\Http\\Kernel.php(200): Illuminate\\Routing\\Router->dispatch(Object(Illuminate\\Http\\Request))
#45 C:\\Users\\HP\\Documents\\laravel\\workunity-app\\vendor\\laravel\\framework\\src\\Illuminate\\Pipeline\\Pipeline.php(144): Illuminate\\Foundation\\Http\\Kernel->Illuminate\\Foundation\\Http\\{closure}(Object(Illuminate\\Http\\Request))
#46 C:\\Users\\HP\\Documents\\laravel\\workunity-app\\vendor\\laravel\\framework\\src\\Illuminate\\Foundation\\Http\\Middleware\\TransformsRequest.php(21): Illuminate\\Pipeline\\Pipeline->Illuminate\\Pipeline\\{closure}(Object(Illuminate\\Http\\Request))
#47 C:\\Users\\HP\\Documents\\laravel\\workunity-app\\vendor\\laravel\\framework\\src\\Illuminate\\Foundation\\Http\\Middleware\\ConvertEmptyStringsToNull.php(31): Illuminate\\Foundation\\Http\\Middleware\\TransformsRequest->handle(Object(Illuminate\\Http\\Request), Object(Closure))
#48 C:\\Users\\HP\\Documents\\laravel\\workunity-app\\vendor\\laravel\\framework\\src\\Illuminate\\Pipeline\\Pipeline.php(183): Illuminate\\Foundation\\Http\\Middleware\\ConvertEmptyStringsToNull->handle(Object(Illuminate\\Http\\Request), Object(Closure))
#49 C:\\Users\\HP\\Documents\\laravel\\workunity-app\\vendor\\laravel\\framework\\src\\Illuminate\\Foundation\\Http\\Middleware\\TransformsRequest.php(21): Illuminate\\Pipeline\\Pipeline->Illuminate\\Pipeline\\{closure}(Object(Illuminate\\Http\\Request))
#50 C:\\Users\\HP\\Documents\\laravel\\workunity-app\\vendor\\laravel\\framework\\src\\Illuminate\\Foundation\\Http\\Middleware\\TrimStrings.php(40): Illuminate\\Foundation\\Http\\Middleware\\TransformsRequest->handle(Object(Illuminate\\Http\\Request), Object(Closure))
#51 C:\\Users\\HP\\Documents\\laravel\\workunity-app\\vendor\\laravel\\framework\\src\\Illuminate\\Pipeline\\Pipeline.php(183): Illuminate\\Foundation\\Http\\Middleware\\TrimStrings->handle(Object(Illuminate\\Http\\Request), Object(Closure))
#52 C:\\Users\\HP\\Documents\\laravel\\workunity-app\\vendor\\laravel\\framework\\src\\Illuminate\\Foundation\\Http\\Middleware\\ValidatePostSize.php(27): Illuminate\\Pipeline\\Pipeline->Illuminate\\Pipeline\\{closure}(Object(Illuminate\\Http\\Request))
#53 C:\\Users\\HP\\Documents\\laravel\\workunity-app\\vendor\\laravel\\framework\\src\\Illuminate\\Pipeline\\Pipeline.php(183): Illuminate\\Foundation\\Http\\Middleware\\ValidatePostSize->handle(Object(Illuminate\\Http\\Request), Object(Closure))
#54 C:\\Users\\HP\\Documents\\laravel\\workunity-app\\vendor\\laravel\\framework\\src\\Illuminate\\Foundation\\Http\\Middleware\\PreventRequestsDuringMaintenance.php(99): Illuminate\\Pipeline\\Pipeline->Illuminate\\Pipeline\\{closure}(Object(Illuminate\\Http\\Request))
#55 C:\\Users\\HP\\Documents\\laravel\\workunity-app\\vendor\\laravel\\framework\\src\\Illuminate\\Pipeline\\Pipeline.php(183): Illuminate\\Foundation\\Http\\Middleware\\PreventRequestsDuringMaintenance->handle(Object(Illuminate\\Http\\Request), Object(Closure))
#56 C:\\Users\\HP\\Documents\\laravel\\workunity-app\\vendor\\laravel\\framework\\src\\Illuminate\\Http\\Middleware\\HandleCors.php(49): Illuminate\\Pipeline\\Pipeline->Illuminate\\Pipeline\\{closure}(Object(Illuminate\\Http\\Request))
#57 C:\\Users\\HP\\Documents\\laravel\\workunity-app\\vendor\\laravel\\framework\\src\\Illuminate\\Pipeline\\Pipeline.php(183): Illuminate\\Http\\Middleware\\HandleCors->handle(Object(Illuminate\\Http\\Request), Object(Closure))
#58 C:\\Users\\HP\\Documents\\laravel\\workunity-app\\vendor\\laravel\\framework\\src\\Illuminate\\Http\\Middleware\\TrustProxies.php(39): Illuminate\\Pipeline\\Pipeline->Illuminate\\Pipeline\\{closure}(Object(Illuminate\\Http\\Request))
#59 C:\\Users\\HP\\Documents\\laravel\\workunity-app\\vendor\\laravel\\framework\\src\\Illuminate\\Pipeline\\Pipeline.php(183): Illuminate\\Http\\Middleware\\TrustProxies->handle(Object(Illuminate\\Http\\Request), Object(Closure))
#60 C:\\Users\\HP\\Documents\\laravel\\workunity-app\\vendor\\laravel\\framework\\src\\Illuminate\\Pipeline\\Pipeline.php(119): Illuminate\\Pipeline\\Pipeline->Illuminate\\Pipeline\\{closure}(Object(Illuminate\\Http\\Request))
#61 C:\\Users\\HP\\Documents\\laravel\\workunity-app\\vendor\\laravel\\framework\\src\\Illuminate\\Foundation\\Http\\Kernel.php(175): Illuminate\\Pipeline\\Pipeline->then(Object(Closure))
#62 C:\\Users\\HP\\Documents\\laravel\\workunity-app\\vendor\\laravel\\framework\\src\\Illuminate\\Foundation\\Http\\Kernel.php(144): Illuminate\\Foundation\\Http\\Kernel->sendRequestThroughRouter(Object(Illuminate\\Http\\Request))
#63 C:\\Users\\HP\\Documents\\laravel\\workunity-app\\public\\index.php(51): Illuminate\\Foundation\\Http\\Kernel->handle(Object(Illuminate\\Http\\Request))
#64 C:\\Users\\HP\\Documents\\laravel\\workunity-app\\vendor\\laravel\\framework\\src\\Illuminate\\Foundation\\resources\\server.php(16): require_once('C:\\\\Users\\\\HP\\\\Doc...')
#65 {main}
"} 
[2025-10-24 22:05:06] local.ERROR: SQLSTATE[HY000] [1049] Unknown database 'workunity_db' (Connection: mysql, SQL: select count(*) as aggregate from `employees`) {"exception":"[object] (Illuminate\\Database\\QueryException(code: 1049): SQLSTATE[HY000] [1049] Unknown database 'workunity_db' (Connection: mysql, SQL: select count(*) as aggregate from `employees`) at C:\\Users\\HP\\Documents\\laravel\\workunity-app\\vendor\\laravel\\framework\\src\\Illuminate\\Database\\Connection.php:829)
[stacktrace]
#0 C:\\Users\\HP\\Documents\\laravel\\workunity-app\\vendor\\laravel\\framework\\src\\Illuminate\\Database\\Connection.php(783): Illuminate\\Database\\Connection->runQueryCallback('select count(*)...', Array, Object(Closure))
#1 C:\\Users\\HP\\Documents\\laravel\\workunity-app\\vendor\\laravel\\framework\\src\\Illuminate\\Database\\Connection.php(414): Illuminate\\Database\\Connection->run('select count(*)...', Array, Object(Closure))
#2 C:\\Users\\HP\\Documents\\laravel\\workunity-app\\vendor\\laravel\\framework\\src\\Illuminate\\Database\\Query\\Builder.php(2913): Illuminate\\Database\\Connection->select('select count(*)...', Array, true)
#3 C:\\Users\\HP\\Documents\\laravel\\workunity-app\\vendor\\laravel\\framework\\src\\Illuminate\\Database\\Query\\Builder.php(2902): Illuminate\\Database\\Query\\Builder->runSelect()
#4 C:\\Users\\HP\\Documents\\laravel\\workunity-app\\vendor\\laravel\\framework\\src\\Illuminate\\Database\\Query\\Builder.php(3456): Illuminate\\Database\\Query\\Builder->Illuminate\\Database\\Query\\{closure}()
#5 C:\\Users\\HP\\Documents\\laravel\\workunity-app\\vendor\\laravel\\framework\\src\\Illuminate\\Database\\Query\\Builder.php(2901): Illuminate\\Database\\Query\\Builder->onceWithColumns(Array, Object(Closure))
#6 C:\\Users\\HP\\Documents\\laravel\\workunity-app\\vendor\\laravel\\framework\\src\\Illuminate\\Database\\Query\\Builder.php(3066): Illuminate\\Database\\Query\\Builder->get()
#7 C:\\Users\\HP\\Documents\\laravel\\workunity-app\\vendor\\laravel\\framework\\src\\Illuminate\\Database\\Query\\Builder.php(3025): Illuminate\\Database\\Query\\Builder->runPaginationCountQuery(Array)
#8 C:\\Users\\HP\\Documents\\laravel\\workunity-app\\vendor\\laravel\\framework\\src\\Illuminate\\Database\\Eloquent\\Builder.php(923): Illuminate\\Database\\Query\\Builder->getCountForPagination()
#9 C:\\Users\\HP\\Documents\\laravel\\workunity-app\\app\\Http\\Controllers\\EmployeeController.php(12): Illuminate\\Database\\Eloquent\\Builder->paginate(15)
#10 C:\\Users\\HP\\Documents\\laravel\\workunity-app\\vendor\\laravel\\framework\\src\\Illuminate\\Routing\\Controller.php(54): App\\Http\\Controllers\\EmployeeController->index()
#11 C:\\Users\\HP\\Documents\\laravel\\workunity-app\\vendor\\laravel\\framework\\src\\Illuminate\\Routing\\ControllerDispatcher.php(43): Illuminate\\Routing\\Controller->callAction('index', Array)
#12 C:\\Users\\HP\\Documents\\laravel\\workunity-app\\vendor\\laravel\\framework\\src\\Illuminate\\Routing\\Route.php(259): Illuminate\\Routing\\ControllerDispatcher->dispatch(Object(Illuminate\\Routing\\Route), Object(App\\Http\\Controllers\\EmployeeController), 'index')
#13 C:\\Users\\HP\\Documents\\laravel\\workunity-app\\vendor\\laravel\\framework\\src\\Illuminate\\Routing\\Route.php(205): Illuminate\\Routing\\Route->runController()
#14 C:\\Users\\HP\\Documents\\laravel\\workunity-app\\vendor\\laravel\\framework\\src\\Illuminate\\Routing\\Router.php(806): Illuminate\\Routing\\Route->run()
#15 C:\\Users\\HP\\Documents\\laravel\\workunity-app\\vendor\\laravel\\framework\\src\\Illuminate\\Pipeline\\Pipeline.php(144): Illuminate\\Routing\\Router->Illuminate\\Routing\\{closure}(Object(Illuminate\\Http\\Request))
#16 C:\\Users\\HP\\Documents\\laravel\\workunity-app\\vendor\\laravel\\framework\\src\\Illuminate\\Routing\\Middleware\\SubstituteBindings.php(50): Illuminate\\Pipeline\\Pipeline->Illuminate\\Pipeline\\{closure}(Object(Illuminate\\Http\\Request))
#17 C:\\Users\\HP\\Documents\\laravel\\workunity-app\\vendor\\laravel\\framework\\src\\Illuminate\\Pipeline\\Pipeline.php(183): Illuminate\\Routing\\Middleware\\SubstituteBindings->handle(Object(Illuminate\\Http\\Request), Object(Closure))
#18 C:\\Users\\HP\\Documents\\laravel\\workunity-app\\vendor\\laravel\\framework\\src\\Illuminate\\Foundation\\Http\\Middleware\\VerifyCsrfToken.php(78): Illuminate\\Pipeline\\Pipeline->Illuminate\\Pipeline\\{closure}(Object(Illuminate\\Http\\Request))
#19 C:\\Users\\HP\\Documents\\laravel\\workunity-app\\vendor\\laravel\\framework\\src\\Illuminate\\Pipeline\\Pipeline.php(183): Illuminate\\Foundation\\Http\\Middleware\\VerifyCsrfToken->handle(Object(Illuminate\\Http\\Request), Object(Closure))
#20 C:\\Users\\HP\\Documents\\laravel\\workunity-app\\vendor\\laravel\\framework\\src\\Illuminate\\View\\Middleware\\ShareErrorsFromSession.php(49): Illuminate\\Pipeline\\Pipeline->Illuminate\\Pipeline\\{closure}(Object(Illuminate\\Http\\Request))
#21 C:\\Users\\HP\\Documents\\laravel\\workunity-app\\vendor\\laravel\\framework\\src\\Illuminate\\Pipeline\\Pipeline.php(183): Illuminate\\View\\Middleware\\ShareErrorsFromSession->handle(Object(Illuminate\\Http\\Request), Object(Closure))
#22 C:\\Users\\HP\\Documents\\laravel\\workunity-app\\vendor\\laravel\\framework\\src\\Illuminate\\Session\\Middleware\\StartSession.php(121): Illuminate\\Pipeline\\Pipeline->Illuminate\\Pipeline\\{closure}(Object(Illuminate\\Http\\Request))
#23 C:\\Users\\HP\\Documents\\laravel\\workunity-app\\vendor\\laravel\\framework\\src\\Illuminate\\Session\\Middleware\\StartSession.php(64): Illuminate\\Session\\Middleware\\StartSession->handleStatefulRequest(Object(Illuminate\\Http\\Request), Object(Illuminate\\Session\\Store), Object(Closure))
#24 C:\\Users\\HP\\Documents\\laravel\\workunity-app\\vendor\\laravel\\framework\\src\\Illuminate\\Pipeline\\Pipeline.php(183): Illuminate\\Session\\Middleware\\StartSession->handle(Object(Illuminate\\Http\\Request), Object(Closure))
#25 C:\\Users\\HP\\Documents\\laravel\\workunity-app\\vendor\\laravel\\framework\\src\\Illuminate\\Cookie\\Middleware\\AddQueuedCookiesToResponse.php(37): Illuminate\\Pipeline\\Pipeline->Illuminate\\Pipeline\\{closure}(Object(Illuminate\\Http\\Request))
#26 C:\\Users\\HP\\Documents\\laravel\\workunity-app\\vendor\\laravel\\framework\\src\\Illuminate\\Pipeline\\Pipeline.php(183): Illuminate\\Cookie\\Middleware\\AddQueuedCookiesToResponse->handle(Object(Illuminate\\Http\\Request), Object(Closure))
#27 C:\\Users\\HP\\Documents\\laravel\\workunity-app\\vendor\\laravel\\framework\\src\\Illuminate\\Cookie\\Middleware\\EncryptCookies.php(67): Illuminate\\Pipeline\\Pipeline->Illuminate\\Pipeline\\{closure}(Object(Illuminate\\Http\\Request))
#28 C:\\Users\\HP\\Documents\\laravel\\workunity-app\\vendor\\laravel\\framework\\src\\Illuminate\\Pipeline\\Pipeline.php(183): Illuminate\\Cookie\\Middleware\\EncryptCookies->handle(Object(Illuminate\\Http\\Request), Object(Closure))
#29 C:\\Users\\HP\\Documents\\laravel\\workunity-app\\vendor\\laravel\\framework\\src\\Illuminate\\Pipeline\\Pipeline.php(119): Illuminate\\Pipeline\\Pipeline->Illuminate\\Pipeline\\{closure}(Object(Illuminate\\Http\\Request))
#30 C:\\Users\\HP\\Documents\\laravel\\workunity-app\\vendor\\laravel\\framework\\src\\Illuminate\\Routing\\Router.php(805): Illuminate\\Pipeline\\Pipeline->then(Object(Closure))
#31 C:\\Users\\HP\\Documents\\laravel\\workunity-app\\vendor\\laravel\\framework\\src\\Illuminate\\Routing\\Router.php(784): Illuminate\\Routing\\Router->runRouteWithinStack(Object(Illuminate\\Routing\\Route), Object(Illuminate\\Http\\Request))
#32 C:\\Users\\HP\\Documents\\laravel\\workunity-app\\vendor\\laravel\\framework\\src\\Illuminate\\Routing\\Router.php(748): Illuminate\\Routing\\Router->runRoute(Object(Illuminate\\Http\\Request), Object(Illuminate\\Routing\\Route))
#33 C:\\Users\\HP\\Documents\\laravel\\workunity-app\\vendor\\laravel\\framework\\src\\Illuminate\\Routing\\Router.php(737): Illuminate\\Routing\\Router->dispatchToRoute(Object(Illuminate\\Http\\Request))
#34 C:\\Users\\HP\\Documents\\laravel\\workunity-app\\vendor\\laravel\\framework\\src\\Illuminate\\Foundation\\Http\\Kernel.php(200): Illuminate\\Routing\\Router->dispatch(Object(Illuminate\\Http\\Request))
#35 C:\\Users\\HP\\Documents\\laravel\\workunity-app\\vendor\\laravel\\framework\\src\\Illuminate\\Pipeline\\Pipeline.php(144): Illuminate\\Foundation\\Http\\Kernel->Illuminate\\Foundation\\Http\\{closure}(Object(Illuminate\\Http\\Request))
#36 C:\\Users\\HP\\Documents\\laravel\\workunity-app\\vendor\\laravel\\framework\\src\\Illuminate\\Foundation\\Http\\Middleware\\TransformsRequest.php(21): Illuminate\\Pipeline\\Pipeline->Illuminate\\Pipeline\\{closure}(Object(Illuminate\\Http\\Request))
#37 C:\\Users\\HP\\Documents\\laravel\\workunity-app\\vendor\\laravel\\framework\\src\\Illuminate\\Foundation\\Http\\Middleware\\ConvertEmptyStringsToNull.php(31): Illuminate\\Foundation\\Http\\Middleware\\TransformsRequest->handle(Object(Illuminate\\Http\\Request), Object(Closure))
#38 C:\\Users\\HP\\Documents\\laravel\\workunity-app\\vendor\\laravel\\framework\\src\\Illuminate\\Pipeline\\Pipeline.php(183): Illuminate\\Foundation\\Http\\Middleware\\ConvertEmptyStringsToNull->handle(Object(Illuminate\\Http\\Request), Object(Closure))
#39 C:\\Users\\HP\\Documents\\laravel\\workunity-app\\vendor\\laravel\\framework\\src\\Illuminate\\Foundation\\Http\\Middleware\\TransformsRequest.php(21): Illuminate\\Pipeline\\Pipeline->Illuminate\\Pipeline\\{closure}(Object(Illuminate\\Http\\Request))
#40 C:\\Users\\HP\\Documents\\laravel\\workunity-app\\vendor\\laravel\\framework\\src\\Illuminate\\Foundation\\Http\\Middleware\\TrimStrings.php(40): Illuminate\\Foundation\\Http\\Middleware\\TransformsRequest->handle(Object(Illuminate\\Http\\Request), Object(Closure))
#41 C:\\Users\\HP\\Documents\\laravel\\workunity-app\\vendor\\laravel\\framework\\src\\Illuminate\\Pipeline\\Pipeline.php(183): Illuminate\\Foundation\\Http\\Middleware\\TrimStrings->handle(Object(Illuminate\\Http\\Request), Object(Closure))
#42 C:\\Users\\HP\\Documents\\laravel\\workunity-app\\vendor\\laravel\\framework\\src\\Illuminate\\Foundation\\Http\\Middleware\\ValidatePostSize.php(27): Illuminate\\Pipeline\\Pipeline->Illuminate\\Pipeline\\{closure}(Object(Illuminate\\Http\\Request))
#43 C:\\Users\\HP\\Documents\\laravel\\workunity-app\\vendor\\laravel\\framework\\src\\Illuminate\\Pipeline\\Pipeline.php(183): Illuminate\\Foundation\\Http\\Middleware\\ValidatePostSize->handle(Object(Illuminate\\Http\\Request), Object(Closure))
#44 C:\\Users\\HP\\Documents\\laravel\\workunity-app\\vendor\\laravel\\framework\\src\\Illuminate\\Foundation\\Http\\Middleware\\PreventRequestsDuringMaintenance.php(99): Illuminate\\Pipeline\\Pipeline->Illuminate\\Pipeline\\{closure}(Object(Illuminate\\Http\\Request))
#45 C:\\Users\\HP\\Documents\\laravel\\workunity-app\\vendor\\laravel\\framework\\src\\Illuminate\\Pipeline\\Pipeline.php(183): Illuminate\\Foundation\\Http\\Middleware\\PreventRequestsDuringMaintenance->handle(Object(Illuminate\\Http\\Request), Object(Closure))
#46 C:\\Users\\HP\\Documents\\laravel\\workunity-app\\vendor\\laravel\\framework\\src\\Illuminate\\Http\\Middleware\\HandleCors.php(49): Illuminate\\Pipeline\\Pipeline->Illuminate\\Pipeline\\{closure}(Object(Illuminate\\Http\\Request))
#47 C:\\Users\\HP\\Documents\\laravel\\workunity-app\\vendor\\laravel\\framework\\src\\Illuminate\\Pipeline\\Pipeline.php(183): Illuminate\\Http\\Middleware\\HandleCors->handle(Object(Illuminate\\Http\\Request), Object(Closure))
#48 C:\\Users\\HP\\Documents\\laravel\\workunity-app\\vendor\\laravel\\framework\\src\\Illuminate\\Http\\Middleware\\TrustProxies.php(39): Illuminate\\Pipeline\\Pipeline->Illuminate\\Pipeline\\{closure}(Object(Illuminate\\Http\\Request))
#49 C:\\Users\\HP\\Documents\\laravel\\workunity-app\\vendor\\laravel\\framework\\src\\Illuminate\\Pipeline\\Pipeline.php(183): Illuminate\\Http\\Middleware\\TrustProxies->handle(Object(Illuminate\\Http\\Request), Object(Closure))
#50 C:\\Users\\HP\\Documents\\laravel\\workunity-app\\vendor\\laravel\\framework\\src\\Illuminate\\Pipeline\\Pipeline.php(119): Illuminate\\Pipeline\\Pipeline->Illuminate\\Pipeline\\{closure}(Object(Illuminate\\Http\\Request))
#51 C:\\Users\\HP\\Documents\\laravel\\workunity-app\\vendor\\laravel\\framework\\src\\Illuminate\\Foundation\\Http\\Kernel.php(175): Illuminate\\Pipeline\\Pipeline->then(Object(Closure))
#52 C:\\Users\\HP\\Documents\\laravel\\workunity-app\\vendor\\laravel\\framework\\src\\Illuminate\\Foundation\\Http\\Kernel.php(144): Illuminate\\Foundation\\Http\\Kernel->sendRequestThroughRouter(Object(Illuminate\\Http\\Request))
#53 C:\\Users\\HP\\Documents\\laravel\\workunity-app\\public\\index.php(51): Illuminate\\Foundation\\Http\\Kernel->handle(Object(Illuminate\\Http\\Request))
#54 C:\\Users\\HP\\Documents\\laravel\\workunity-app\\vendor\\laravel\\framework\\src\\Illuminate\\Foundation\\resources\\server.php(16): require_once('C:\\\\Users\\\\HP\\\\Doc...')
#55 {main}

[previous exception] [object] (PDOException(code: 1049): SQLSTATE[HY000] [1049] Unknown database 'workunity_db' at C:\\Users\\HP\\Documents\\laravel\\workunity-app\\vendor\\laravel\\framework\\src\\Illuminate\\Database\\Connectors\\Connector.php:65)
[stacktrace]
#0 C:\\Users\\HP\\Documents\\laravel\\workunity-app\\vendor\\laravel\\framework\\src\\Illuminate\\Database\\Connectors\\Connector.php(65): PDO->__construct('mysql:host=127....', 'root', Object(SensitiveParameterValue), Array)
#1 C:\\Users\\HP\\Documents\\laravel\\workunity-app\\vendor\\laravel\\framework\\src\\Illuminate\\Database\\Connectors\\Connector.php(44): Illuminate\\Database\\Connectors\\Connector->createPdoConnection('mysql:host=127....', 'root', '', Array)
#2 C:\\Users\\HP\\Documents\\laravel\\workunity-app\\vendor\\laravel\\framework\\src\\Illuminate\\Database\\Connectors\\MySqlConnector.php(24): Illuminate\\Database\\Connectors\\Connector->createConnection('mysql:host=127....', Array, Array)
#3 C:\\Users\\HP\\Documents\\laravel\\workunity-app\\vendor\\laravel\\framework\\src\\Illuminate\\Database\\Connectors\\ConnectionFactory.php(184): Illuminate\\Database\\Connectors\\MySqlConnector->connect(Array)
#4 [internal function]: Illuminate\\Database\\Connectors\\ConnectionFactory->Illuminate\\Database\\Connectors\\{closure}()
#5 C:\\Users\\HP\\Documents\\laravel\\workunity-app\\vendor\\laravel\\framework\\src\\Illuminate\\Database\\Connection.php(1339): call_user_func(Object(Closure))
#6 C:\\Users\\HP\\Documents\\laravel\\workunity-app\\vendor\\laravel\\framework\\src\\Illuminate\\Database\\Connection.php(1375): Illuminate\\Database\\Connection->getPdo()
#7 C:\\Users\\HP\\Documents\\laravel\\workunity-app\\vendor\\laravel\\framework\\src\\Illuminate\\Database\\Connection.php(528): Illuminate\\Database\\Connection->getReadPdo()
#8 C:\\Users\\HP\\Documents\\laravel\\workunity-app\\vendor\\laravel\\framework\\src\\Illuminate\\Database\\Connection.php(423): Illuminate\\Database\\Connection->getPdoForSelect(true)
#9 C:\\Users\\HP\\Documents\\laravel\\workunity-app\\vendor\\laravel\\framework\\src\\Illuminate\\Database\\Connection.php(816): Illuminate\\Database\\Connection->Illuminate\\Database\\{closure}('select count(*)...', Array)
#10 C:\\Users\\HP\\Documents\\laravel\\workunity-app\\vendor\\laravel\\framework\\src\\Illuminate\\Database\\Connection.php(783): Illuminate\\Database\\Connection->runQueryCallback('select count(*)...', Array, Object(Closure))
#11 C:\\Users\\HP\\Documents\\laravel\\workunity-app\\vendor\\laravel\\framework\\src\\Illuminate\\Database\\Connection.php(414): Illuminate\\Database\\Connection->run('select count(*)...', Array, Object(Closure))
#12 C:\\Users\\HP\\Documents\\laravel\\workunity-app\\vendor\\laravel\\framework\\src\\Illuminate\\Database\\Query\\Builder.php(2913): Illuminate\\Database\\Connection->select('select count(*)...', Array, true)
#13 C:\\Users\\HP\\Documents\\laravel\\workunity-app\\vendor\\laravel\\framework\\src\\Illuminate\\Database\\Query\\Builder.php(2902): Illuminate\\Database\\Query\\Builder->runSelect()
#14 C:\\Users\\HP\\Documents\\laravel\\workunity-app\\vendor\\laravel\\framework\\src\\Illuminate\\Database\\Query\\Builder.php(3456): Illuminate\\Database\\Query\\Builder->Illuminate\\Database\\Query\\{closure}()
#15 C:\\Users\\HP\\Documents\\laravel\\workunity-app\\vendor\\laravel\\framework\\src\\Illuminate\\Database\\Query\\Builder.php(2901): Illuminate\\Database\\Query\\Builder->onceWithColumns(Array, Object(Closure))
#16 C:\\Users\\HP\\Documents\\laravel\\workunity-app\\vendor\\laravel\\framework\\src\\Illuminate\\Database\\Query\\Builder.php(3066): Illuminate\\Database\\Query\\Builder->get()
#17 C:\\Users\\HP\\Documents\\laravel\\workunity-app\\vendor\\laravel\\framework\\src\\Illuminate\\Database\\Query\\Builder.php(3025): Illuminate\\Database\\Query\\Builder->runPaginationCountQuery(Array)
#18 C:\\Users\\HP\\Documents\\laravel\\workunity-app\\vendor\\laravel\\framework\\src\\Illuminate\\Database\\Eloquent\\Builder.php(923): Illuminate\\Database\\Query\\Builder->getCountForPagination()
#19 C:\\Users\\HP\\Documents\\laravel\\workunity-app\\app\\Http\\Controllers\\EmployeeController.php(12): Illuminate\\Database\\Eloquent\\Builder->paginate(15)
#20 C:\\Users\\HP\\Documents\\laravel\\workunity-app\\vendor\\laravel\\framework\\src\\Illuminate\\Routing\\Controller.php(54): App\\Http\\Controllers\\EmployeeController->index()
#21 C:\\Users\\HP\\Documents\\laravel\\workunity-app\\vendor\\laravel\\framework\\src\\Illuminate\\Routing\\ControllerDispatcher.php(43): Illuminate\\Routing\\Controller->callAction('index', Array)
#22 C:\\Users\\HP\\Documents\\laravel\\workunity-app\\vendor\\laravel\\framework\\src\\Illuminate\\Routing\\Route.php(259): Illuminate\\Routing\\ControllerDispatcher->dispatch(Object(Illuminate\\Routing\\Route), Object(App\\Http\\Controllers\\EmployeeController), 'index')
#23 C:\\Users\\HP\\Documents\\laravel\\workunity-app\\vendor\\laravel\\framework\\src\\Illuminate\\Routing\\Route.php(205): Illuminate\\Routing\\Route->runController()
#24 C:\\Users\\HP\\Documents\\laravel\\workunity-app\\vendor\\laravel\\framework\\src\\Illuminate\\Routing\\Router.php(806): Illuminate\\Routing\\Route->run()
#25 C:\\Users\\HP\\Documents\\laravel\\workunity-app\\vendor\\laravel\\framework\\src\\Illuminate\\Pipeline\\Pipeline.php(144): Illuminate\\Routing\\Router->Illuminate\\Routing\\{closure}(Object(Illuminate\\Http\\Request))
#26 C:\\Users\\HP\\Documents\\laravel\\workunity-app\\vendor\\laravel\\framework\\src\\Illuminate\\Routing\\Middleware\\SubstituteBindings.php(50): Illuminate\\Pipeline\\Pipeline->Illuminate\\Pipeline\\{closure}(Object(Illuminate\\Http\\Request))
#27 C:\\Users\\HP\\Documents\\laravel\\workunity-app\\vendor\\laravel\\framework\\src\\Illuminate\\Pipeline\\Pipeline.php(183): Illuminate\\Routing\\Middleware\\SubstituteBindings->handle(Object(Illuminate\\Http\\Request), Object(Closure))
#28 C:\\Users\\HP\\Documents\\laravel\\workunity-app\\vendor\\laravel\\framework\\src\\Illuminate\\Foundation\\Http\\Middleware\\VerifyCsrfToken.php(78): Illuminate\\Pipeline\\Pipeline->Illuminate\\Pipeline\\{closure}(Object(Illuminate\\Http\\Request))
#29 C:\\Users\\HP\\Documents\\laravel\\workunity-app\\vendor\\laravel\\framework\\src\\Illuminate\\Pipeline\\Pipeline.php(183): Illuminate\\Foundation\\Http\\Middleware\\VerifyCsrfToken->handle(Object(Illuminate\\Http\\Request), Object(Closure))
#30 C:\\Users\\HP\\Documents\\laravel\\workunity-app\\vendor\\laravel\\framework\\src\\Illuminate\\View\\Middleware\\ShareErrorsFromSession.php(49): Illuminate\\Pipeline\\Pipeline->Illuminate\\Pipeline\\{closure}(Object(Illuminate\\Http\\Request))
#31 C:\\Users\\HP\\Documents\\laravel\\workunity-app\\vendor\\laravel\\framework\\src\\Illuminate\\Pipeline\\Pipeline.php(183): Illuminate\\View\\Middleware\\ShareErrorsFromSession->handle(Object(Illuminate\\Http\\Request), Object(Closure))
#32 C:\\Users\\HP\\Documents\\laravel\\workunity-app\\vendor\\laravel\\framework\\src\\Illuminate\\Session\\Middleware\\StartSession.php(121): Illuminate\\Pipeline\\Pipeline->Illuminate\\Pipeline\\{closure}(Object(Illuminate\\Http\\Request))
#33 C:\\Users\\HP\\Documents\\laravel\\workunity-app\\vendor\\laravel\\framework\\src\\Illuminate\\Session\\Middleware\\StartSession.php(64): Illuminate\\Session\\Middleware\\StartSession->handleStatefulRequest(Object(Illuminate\\Http\\Request), Object(Illuminate\\Session\\Store), Object(Closure))
#34 C:\\Users\\HP\\Documents\\laravel\\workunity-app\\vendor\\laravel\\framework\\src\\Illuminate\\Pipeline\\Pipeline.php(183): Illuminate\\Session\\Middleware\\StartSession->handle(Object(Illuminate\\Http\\Request), Object(Closure))
#35 C:\\Users\\HP\\Documents\\laravel\\workunity-app\\vendor\\laravel\\framework\\src\\Illuminate\\Cookie\\Middleware\\AddQueuedCookiesToResponse.php(37): Illuminate\\Pipeline\\Pipeline->Illuminate\\Pipeline\\{closure}(Object(Illuminate\\Http\\Request))
#36 C:\\Users\\HP\\Documents\\laravel\\workunity-app\\vendor\\laravel\\framework\\src\\Illuminate\\Pipeline\\Pipeline.php(183): Illuminate\\Cookie\\Middleware\\AddQueuedCookiesToResponse->handle(Object(Illuminate\\Http\\Request), Object(Closure))
#37 C:\\Users\\HP\\Documents\\laravel\\workunity-app\\vendor\\laravel\\framework\\src\\Illuminate\\Cookie\\Middleware\\EncryptCookies.php(67): Illuminate\\Pipeline\\Pipeline->Illuminate\\Pipeline\\{closure}(Object(Illuminate\\Http\\Request))
#38 C:\\Users\\HP\\Documents\\laravel\\workunity-app\\vendor\\laravel\\framework\\src\\Illuminate\\Pipeline\\Pipeline.php(183): Illuminate\\Cookie\\Middleware\\EncryptCookies->handle(Object(Illuminate\\Http\\Request), Object(Closure))
#39 C:\\Users\\HP\\Documents\\laravel\\workunity-app\\vendor\\laravel\\framework\\src\\Illuminate\\Pipeline\\Pipeline.php(119): Illuminate\\Pipeline\\Pipeline->Illuminate\\Pipeline\\{closure}(Object(Illuminate\\Http\\Request))
#40 C:\\Users\\HP\\Documents\\laravel\\workunity-app\\vendor\\laravel\\framework\\src\\Illuminate\\Routing\\Router.php(805): Illuminate\\Pipeline\\Pipeline->then(Object(Closure))
#41 C:\\Users\\HP\\Documents\\laravel\\workunity-app\\vendor\\laravel\\framework\\src\\Illuminate\\Routing\\Router.php(784): Illuminate\\Routing\\Router->runRouteWithinStack(Object(Illuminate\\Routing\\Route), Object(Illuminate\\Http\\Request))
#42 C:\\Users\\HP\\Documents\\laravel\\workunity-app\\vendor\\laravel\\framework\\src\\Illuminate\\Routing\\Router.php(748): Illuminate\\Routing\\Router->runRoute(Object(Illuminate\\Http\\Request), Object(Illuminate\\Routing\\Route))
#43 C:\\Users\\HP\\Documents\\laravel\\workunity-app\\vendor\\laravel\\framework\\src\\Illuminate\\Routing\\Router.php(737): Illuminate\\Routing\\Router->dispatchToRoute(Object(Illuminate\\Http\\Request))
#44 C:\\Users\\HP\\Documents\\laravel\\workunity-app\\vendor\\laravel\\framework\\src\\Illuminate\\Foundation\\Http\\Kernel.php(200): Illuminate\\Routing\\Router->dispatch(Object(Illuminate\\Http\\Request))
#45 C:\\Users\\HP\\Documents\\laravel\\workunity-app\\vendor\\laravel\\framework\\src\\Illuminate\\Pipeline\\Pipeline.php(144): Illuminate\\Foundation\\Http\\Kernel->Illuminate\\Foundation\\Http\\{closure}(Object(Illuminate\\Http\\Request))
#46 C:\\Users\\HP\\Documents\\laravel\\workunity-app\\vendor\\laravel\\framework\\src\\Illuminate\\Foundation\\Http\\Middleware\\TransformsRequest.php(21): Illuminate\\Pipeline\\Pipeline->Illuminate\\Pipeline\\{closure}(Object(Illuminate\\Http\\Request))
#47 C:\\Users\\HP\\Documents\\laravel\\workunity-app\\vendor\\laravel\\framework\\src\\Illuminate\\Foundation\\Http\\Middleware\\ConvertEmptyStringsToNull.php(31): Illuminate\\Foundation\\Http\\Middleware\\TransformsRequest->handle(Object(Illuminate\\Http\\Request), Object(Closure))
#48 C:\\Users\\HP\\Documents\\laravel\\workunity-app\\vendor\\laravel\\framework\\src\\Illuminate\\Pipeline\\Pipeline.php(183): Illuminate\\Foundation\\Http\\Middleware\\ConvertEmptyStringsToNull->handle(Object(Illuminate\\Http\\Request), Object(Closure))
#49 C:\\Users\\HP\\Documents\\laravel\\workunity-app\\vendor\\laravel\\framework\\src\\Illuminate\\Foundation\\Http\\Middleware\\TransformsRequest.php(21): Illuminate\\Pipeline\\Pipeline->Illuminate\\Pipeline\\{closure}(Object(Illuminate\\Http\\Request))
#50 C:\\Users\\HP\\Documents\\laravel\\workunity-app\\vendor\\laravel\\framework\\src\\Illuminate\\Foundation\\Http\\Middleware\\TrimStrings.php(40): Illuminate\\Foundation\\Http\\Middleware\\TransformsRequest->handle(Object(Illuminate\\Http\\Request), Object(Closure))
#51 C:\\Users\\HP\\Documents\\laravel\\workunity-app\\vendor\\laravel\\framework\\src\\Illuminate\\Pipeline\\Pipeline.php(183): Illuminate\\Foundation\\Http\\Middleware\\TrimStrings->handle(Object(Illuminate\\Http\\Request), Object(Closure))
#52 C:\\Users\\HP\\Documents\\laravel\\workunity-app\\vendor\\laravel\\framework\\src\\Illuminate\\Foundation\\Http\\Middleware\\ValidatePostSize.php(27): Illuminate\\Pipeline\\Pipeline->Illuminate\\Pipeline\\{closure}(Object(Illuminate\\Http\\Request))
#53 C:\\Users\\HP\\Documents\\laravel\\workunity-app\\vendor\\laravel\\framework\\src\\Illuminate\\Pipeline\\Pipeline.php(183): Illuminate\\Foundation\\Http\\Middleware\\ValidatePostSize->handle(Object(Illuminate\\Http\\Request), Object(Closure))
#54 C:\\Users\\HP\\Documents\\laravel\\workunity-app\\vendor\\laravel\\framework\\src\\Illuminate\\Foundation\\Http\\Middleware\\PreventRequestsDuringMaintenance.php(99): Illuminate\\Pipeline\\Pipeline->Illuminate\\Pipeline\\{closure}(Object(Illuminate\\Http\\Request))
#55 C:\\Users\\HP\\Documents\\laravel\\workunity-app\\vendor\\laravel\\framework\\src\\Illuminate\\Pipeline\\Pipeline.php(183): Illuminate\\Foundation\\Http\\Middleware\\PreventRequestsDuringMaintenance->handle(Object(Illuminate\\Http\\Request), Object(Closure))
#56 C:\\Users\\HP\\Documents\\laravel\\workunity-app\\vendor\\laravel\\framework\\src\\Illuminate\\Http\\Middleware\\HandleCors.php(49): Illuminate\\Pipeline\\Pipeline->Illuminate\\Pipeline\\{closure}(Object(Illuminate\\Http\\Request))
#57 C:\\Users\\HP\\Documents\\laravel\\workunity-app\\vendor\\laravel\\framework\\src\\Illuminate\\Pipeline\\Pipeline.php(183): Illuminate\\Http\\Middleware\\HandleCors->handle(Object(Illuminate\\Http\\Request), Object(Closure))
#58 C:\\Users\\HP\\Documents\\laravel\\workunity-app\\vendor\\laravel\\framework\\src\\Illuminate\\Http\\Middleware\\TrustProxies.php(39): Illuminate\\Pipeline\\Pipeline->Illuminate\\Pipeline\\{closure}(Object(Illuminate\\Http\\Request))
#59 C:\\Users\\HP\\Documents\\laravel\\workunity-app\\vendor\\laravel\\framework\\src\\Illuminate\\Pipeline\\Pipeline.php(183): Illuminate\\Http\\Middleware\\TrustProxies->handle(Object(Illuminate\\Http\\Request), Object(Closure))
#60 C:\\Users\\HP\\Documents\\laravel\\workunity-app\\vendor\\laravel\\framework\\src\\Illuminate\\Pipeline\\Pipeline.php(119): Illuminate\\Pipeline\\Pipeline->Illuminate\\Pipeline\\{closure}(Object(Illuminate\\Http\\Request))
#61 C:\\Users\\HP\\Documents\\laravel\\workunity-app\\vendor\\laravel\\framework\\src\\Illuminate\\Foundation\\Http\\Kernel.php(175): Illuminate\\Pipeline\\Pipeline->then(Object(Closure))
#62 C:\\Users\\HP\\Documents\\laravel\\workunity-app\\vendor\\laravel\\framework\\src\\Illuminate\\Foundation\\Http\\Kernel.php(144): Illuminate\\Foundation\\Http\\Kernel->sendRequestThroughRouter(Object(Illuminate\\Http\\Request))
#63 C:\\Users\\HP\\Documents\\laravel\\workunity-app\\public\\index.php(51): Illuminate\\Foundation\\Http\\Kernel->handle(Object(Illuminate\\Http\\Request))
#64 C:\\Users\\HP\\Documents\\laravel\\workunity-app\\vendor\\laravel\\framework\\src\\Illuminate\\Foundation\\resources\\server.php(16): require_once('C:\\\\Users\\\\HP\\\\Doc...')
#65 {main}
"} 
[2025-10-24 22:05:17] local.ERROR: SQLSTATE[HY000] [1049] Unknown database 'workunity_app' (Connection: mysql, SQL: select count(*) as aggregate from `employees`) {"exception":"[object] (Illuminate\\Database\\QueryException(code: 1049): SQLSTATE[HY000] [1049] Unknown database 'workunity_app' (Connection: mysql, SQL: select count(*) as aggregate from `employees`) at C:\\Users\\HP\\Documents\\laravel\\workunity-app\\vendor\\laravel\\framework\\src\\Illuminate\\Database\\Connection.php:829)
[stacktrace]
#0 C:\\Users\\HP\\Documents\\laravel\\workunity-app\\vendor\\laravel\\framework\\src\\Illuminate\\Database\\Connection.php(783): Illuminate\\Database\\Connection->runQueryCallback('select count(*)...', Array, Object(Closure))
#1 C:\\Users\\HP\\Documents\\laravel\\workunity-app\\vendor\\laravel\\framework\\src\\Illuminate\\Database\\Connection.php(414): Illuminate\\Database\\Connection->run('select count(*)...', Array, Object(Closure))
#2 C:\\Users\\HP\\Documents\\laravel\\workunity-app\\vendor\\laravel\\framework\\src\\Illuminate\\Database\\Query\\Builder.php(2913): Illuminate\\Database\\Connection->select('select count(*)...', Array, true)
#3 C:\\Users\\HP\\Documents\\laravel\\workunity-app\\vendor\\laravel\\framework\\src\\Illuminate\\Database\\Query\\Builder.php(2902): Illuminate\\Database\\Query\\Builder->runSelect()
#4 C:\\Users\\HP\\Documents\\laravel\\workunity-app\\vendor\\laravel\\framework\\src\\Illuminate\\Database\\Query\\Builder.php(3456): Illuminate\\Database\\Query\\Builder->Illuminate\\Database\\Query\\{closure}()
#5 C:\\Users\\HP\\Documents\\laravel\\workunity-app\\vendor\\laravel\\framework\\src\\Illuminate\\Database\\Query\\Builder.php(2901): Illuminate\\Database\\Query\\Builder->onceWithColumns(Array, Object(Closure))
#6 C:\\Users\\HP\\Documents\\laravel\\workunity-app\\vendor\\laravel\\framework\\src\\Illuminate\\Database\\Query\\Builder.php(3066): Illuminate\\Database\\Query\\Builder->get()
#7 C:\\Users\\HP\\Documents\\laravel\\workunity-app\\vendor\\laravel\\framework\\src\\Illuminate\\Database\\Query\\Builder.php(3025): Illuminate\\Database\\Query\\Builder->runPaginationCountQuery(Array)
#8 C:\\Users\\HP\\Documents\\laravel\\workunity-app\\vendor\\laravel\\framework\\src\\Illuminate\\Database\\Eloquent\\Builder.php(923): Illuminate\\Database\\Query\\Builder->getCountForPagination()
#9 C:\\Users\\HP\\Documents\\laravel\\workunity-app\\app\\Http\\Controllers\\EmployeeController.php(12): Illuminate\\Database\\Eloquent\\Builder->paginate(15)
#10 C:\\Users\\HP\\Documents\\laravel\\workunity-app\\vendor\\laravel\\framework\\src\\Illuminate\\Routing\\Controller.php(54): App\\Http\\Controllers\\EmployeeController->index()
#11 C:\\Users\\HP\\Documents\\laravel\\workunity-app\\vendor\\laravel\\framework\\src\\Illuminate\\Routing\\ControllerDispatcher.php(43): Illuminate\\Routing\\Controller->callAction('index', Array)
#12 C:\\Users\\HP\\Documents\\laravel\\workunity-app\\vendor\\laravel\\framework\\src\\Illuminate\\Routing\\Route.php(259): Illuminate\\Routing\\ControllerDispatcher->dispatch(Object(Illuminate\\Routing\\Route), Object(App\\Http\\Controllers\\EmployeeController), 'index')
#13 C:\\Users\\HP\\Documents\\laravel\\workunity-app\\vendor\\laravel\\framework\\src\\Illuminate\\Routing\\Route.php(205): Illuminate\\Routing\\Route->runController()
#14 C:\\Users\\HP\\Documents\\laravel\\workunity-app\\vendor\\laravel\\framework\\src\\Illuminate\\Routing\\Router.php(806): Illuminate\\Routing\\Route->run()
#15 C:\\Users\\HP\\Documents\\laravel\\workunity-app\\vendor\\laravel\\framework\\src\\Illuminate\\Pipeline\\Pipeline.php(144): Illuminate\\Routing\\Router->Illuminate\\Routing\\{closure}(Object(Illuminate\\Http\\Request))
#16 C:\\Users\\HP\\Documents\\laravel\\workunity-app\\vendor\\laravel\\framework\\src\\Illuminate\\Routing\\Middleware\\SubstituteBindings.php(50): Illuminate\\Pipeline\\Pipeline->Illuminate\\Pipeline\\{closure}(Object(Illuminate\\Http\\Request))
#17 C:\\Users\\HP\\Documents\\laravel\\workunity-app\\vendor\\laravel\\framework\\src\\Illuminate\\Pipeline\\Pipeline.php(183): Illuminate\\Routing\\Middleware\\SubstituteBindings->handle(Object(Illuminate\\Http\\Request), Object(Closure))
#18 C:\\Users\\HP\\Documents\\laravel\\workunity-app\\vendor\\laravel\\framework\\src\\Illuminate\\Foundation\\Http\\Middleware\\VerifyCsrfToken.php(78): Illuminate\\Pipeline\\Pipeline->Illuminate\\Pipeline\\{closure}(Object(Illuminate\\Http\\Request))
#19 C:\\Users\\HP\\Documents\\laravel\\workunity-app\\vendor\\laravel\\framework\\src\\Illuminate\\Pipeline\\Pipeline.php(183): Illuminate\\Foundation\\Http\\Middleware\\VerifyCsrfToken->handle(Object(Illuminate\\Http\\Request), Object(Closure))
#20 C:\\Users\\HP\\Documents\\laravel\\workunity-app\\vendor\\laravel\\framework\\src\\Illuminate\\View\\Middleware\\ShareErrorsFromSession.php(49): Illuminate\\Pipeline\\Pipeline->Illuminate\\Pipeline\\{closure}(Object(Illuminate\\Http\\Request))
#21 C:\\Users\\HP\\Documents\\laravel\\workunity-app\\vendor\\laravel\\framework\\src\\Illuminate\\Pipeline\\Pipeline.php(183): Illuminate\\View\\Middleware\\ShareErrorsFromSession->handle(Object(Illuminate\\Http\\Request), Object(Closure))
#22 C:\\Users\\HP\\Documents\\laravel\\workunity-app\\vendor\\laravel\\framework\\src\\Illuminate\\Session\\Middleware\\StartSession.php(121): Illuminate\\Pipeline\\Pipeline->Illuminate\\Pipeline\\{closure}(Object(Illuminate\\Http\\Request))
#23 C:\\Users\\HP\\Documents\\laravel\\workunity-app\\vendor\\laravel\\framework\\src\\Illuminate\\Session\\Middleware\\StartSession.php(64): Illuminate\\Session\\Middleware\\StartSession->handleStatefulRequest(Object(Illuminate\\Http\\Request), Object(Illuminate\\Session\\Store), Object(Closure))
#24 C:\\Users\\HP\\Documents\\laravel\\workunity-app\\vendor\\laravel\\framework\\src\\Illuminate\\Pipeline\\Pipeline.php(183): Illuminate\\Session\\Middleware\\StartSession->handle(Object(Illuminate\\Http\\Request), Object(Closure))
#25 C:\\Users\\HP\\Documents\\laravel\\workunity-app\\vendor\\laravel\\framework\\src\\Illuminate\\Cookie\\Middleware\\AddQueuedCookiesToResponse.php(37): Illuminate\\Pipeline\\Pipeline->Illuminate\\Pipeline\\{closure}(Object(Illuminate\\Http\\Request))
#26 C:\\Users\\HP\\Documents\\laravel\\workunity-app\\vendor\\laravel\\framework\\src\\Illuminate\\Pipeline\\Pipeline.php(183): Illuminate\\Cookie\\Middleware\\AddQueuedCookiesToResponse->handle(Object(Illuminate\\Http\\Request), Object(Closure))
#27 C:\\Users\\HP\\Documents\\laravel\\workunity-app\\vendor\\laravel\\framework\\src\\Illuminate\\Cookie\\Middleware\\EncryptCookies.php(67): Illuminate\\Pipeline\\Pipeline->Illuminate\\Pipeline\\{closure}(Object(Illuminate\\Http\\Request))
#28 C:\\Users\\HP\\Documents\\laravel\\workunity-app\\vendor\\laravel\\framework\\src\\Illuminate\\Pipeline\\Pipeline.php(183): Illuminate\\Cookie\\Middleware\\EncryptCookies->handle(Object(Illuminate\\Http\\Request), Object(Closure))
#29 C:\\Users\\HP\\Documents\\laravel\\workunity-app\\vendor\\laravel\\framework\\src\\Illuminate\\Pipeline\\Pipeline.php(119): Illuminate\\Pipeline\\Pipeline->Illuminate\\Pipeline\\{closure}(Object(Illuminate\\Http\\Request))
#30 C:\\Users\\HP\\Documents\\laravel\\workunity-app\\vendor\\laravel\\framework\\src\\Illuminate\\Routing\\Router.php(805): Illuminate\\Pipeline\\Pipeline->then(Object(Closure))
#31 C:\\Users\\HP\\Documents\\laravel\\workunity-app\\vendor\\laravel\\framework\\src\\Illuminate\\Routing\\Router.php(784): Illuminate\\Routing\\Router->runRouteWithinStack(Object(Illuminate\\Routing\\Route), Object(Illuminate\\Http\\Request))
#32 C:\\Users\\HP\\Documents\\laravel\\workunity-app\\vendor\\laravel\\framework\\src\\Illuminate\\Routing\\Router.php(748): Illuminate\\Routing\\Router->runRoute(Object(Illuminate\\Http\\Request), Object(Illuminate\\Routing\\Route))
#33 C:\\Users\\HP\\Documents\\laravel\\workunity-app\\vendor\\laravel\\framework\\src\\Illuminate\\Routing\\Router.php(737): Illuminate\\Routing\\Router->dispatchToRoute(Object(Illuminate\\Http\\Request))
#34 C:\\Users\\HP\\Documents\\laravel\\workunity-app\\vendor\\laravel\\framework\\src\\Illuminate\\Foundation\\Http\\Kernel.php(200): Illuminate\\Routing\\Router->dispatch(Object(Illuminate\\Http\\Request))
#35 C:\\Users\\HP\\Documents\\laravel\\workunity-app\\vendor\\laravel\\framework\\src\\Illuminate\\Pipeline\\Pipeline.php(144): Illuminate\\Foundation\\Http\\Kernel->Illuminate\\Foundation\\Http\\{closure}(Object(Illuminate\\Http\\Request))
#36 C:\\Users\\HP\\Documents\\laravel\\workunity-app\\vendor\\laravel\\framework\\src\\Illuminate\\Foundation\\Http\\Middleware\\TransformsRequest.php(21): Illuminate\\Pipeline\\Pipeline->Illuminate\\Pipeline\\{closure}(Object(Illuminate\\Http\\Request))
#37 C:\\Users\\HP\\Documents\\laravel\\workunity-app\\vendor\\laravel\\framework\\src\\Illuminate\\Foundation\\Http\\Middleware\\ConvertEmptyStringsToNull.php(31): Illuminate\\Foundation\\Http\\Middleware\\TransformsRequest->handle(Object(Illuminate\\Http\\Request), Object(Closure))
#38 C:\\Users\\HP\\Documents\\laravel\\workunity-app\\vendor\\laravel\\framework\\src\\Illuminate\\Pipeline\\Pipeline.php(183): Illuminate\\Foundation\\Http\\Middleware\\ConvertEmptyStringsToNull->handle(Object(Illuminate\\Http\\Request), Object(Closure))
#39 C:\\Users\\HP\\Documents\\laravel\\workunity-app\\vendor\\laravel\\framework\\src\\Illuminate\\Foundation\\Http\\Middleware\\TransformsRequest.php(21): Illuminate\\Pipeline\\Pipeline->Illuminate\\Pipeline\\{closure}(Object(Illuminate\\Http\\Request))
#40 C:\\Users\\HP\\Documents\\laravel\\workunity-app\\vendor\\laravel\\framework\\src\\Illuminate\\Foundation\\Http\\Middleware\\TrimStrings.php(40): Illuminate\\Foundation\\Http\\Middleware\\TransformsRequest->handle(Object(Illuminate\\Http\\Request), Object(Closure))
#41 C:\\Users\\HP\\Documents\\laravel\\workunity-app\\vendor\\laravel\\framework\\src\\Illuminate\\Pipeline\\Pipeline.php(183): Illuminate\\Foundation\\Http\\Middleware\\TrimStrings->handle(Object(Illuminate\\Http\\Request), Object(Closure))
#42 C:\\Users\\HP\\Documents\\laravel\\workunity-app\\vendor\\laravel\\framework\\src\\Illuminate\\Foundation\\Http\\Middleware\\ValidatePostSize.php(27): Illuminate\\Pipeline\\Pipeline->Illuminate\\Pipeline\\{closure}(Object(Illuminate\\Http\\Request))
#43 C:\\Users\\HP\\Documents\\laravel\\workunity-app\\vendor\\laravel\\framework\\src\\Illuminate\\Pipeline\\Pipeline.php(183): Illuminate\\Foundation\\Http\\Middleware\\ValidatePostSize->handle(Object(Illuminate\\Http\\Request), Object(Closure))
#44 C:\\Users\\HP\\Documents\\laravel\\workunity-app\\vendor\\laravel\\framework\\src\\Illuminate\\Foundation\\Http\\Middleware\\PreventRequestsDuringMaintenance.php(99): Illuminate\\Pipeline\\Pipeline->Illuminate\\Pipeline\\{closure}(Object(Illuminate\\Http\\Request))
#45 C:\\Users\\HP\\Documents\\laravel\\workunity-app\\vendor\\laravel\\framework\\src\\Illuminate\\Pipeline\\Pipeline.php(183): Illuminate\\Foundation\\Http\\Middleware\\PreventRequestsDuringMaintenance->handle(Object(Illuminate\\Http\\Request), Object(Closure))
#46 C:\\Users\\HP\\Documents\\laravel\\workunity-app\\vendor\\laravel\\framework\\src\\Illuminate\\Http\\Middleware\\HandleCors.php(49): Illuminate\\Pipeline\\Pipeline->Illuminate\\Pipeline\\{closure}(Object(Illuminate\\Http\\Request))
#47 C:\\Users\\HP\\Documents\\laravel\\workunity-app\\vendor\\laravel\\framework\\src\\Illuminate\\Pipeline\\Pipeline.php(183): Illuminate\\Http\\Middleware\\HandleCors->handle(Object(Illuminate\\Http\\Request), Object(Closure))
#48 C:\\Users\\HP\\Documents\\laravel\\workunity-app\\vendor\\laravel\\framework\\src\\Illuminate\\Http\\Middleware\\TrustProxies.php(39): Illuminate\\Pipeline\\Pipeline->Illuminate\\Pipeline\\{closure}(Object(Illuminate\\Http\\Request))
#49 C:\\Users\\HP\\Documents\\laravel\\workunity-app\\vendor\\laravel\\framework\\src\\Illuminate\\Pipeline\\Pipeline.php(183): Illuminate\\Http\\Middleware\\TrustProxies->handle(Object(Illuminate\\Http\\Request), Object(Closure))
#50 C:\\Users\\HP\\Documents\\laravel\\workunity-app\\vendor\\laravel\\framework\\src\\Illuminate\\Pipeline\\Pipeline.php(119): Illuminate\\Pipeline\\Pipeline->Illuminate\\Pipeline\\{closure}(Object(Illuminate\\Http\\Request))
#51 C:\\Users\\HP\\Documents\\laravel\\workunity-app\\vendor\\laravel\\framework\\src\\Illuminate\\Foundation\\Http\\Kernel.php(175): Illuminate\\Pipeline\\Pipeline->then(Object(Closure))
#52 C:\\Users\\HP\\Documents\\laravel\\workunity-app\\vendor\\laravel\\framework\\src\\Illuminate\\Foundation\\Http\\Kernel.php(144): Illuminate\\Foundation\\Http\\Kernel->sendRequestThroughRouter(Object(Illuminate\\Http\\Request))
#53 C:\\Users\\HP\\Documents\\laravel\\workunity-app\\public\\index.php(51): Illuminate\\Foundation\\Http\\Kernel->handle(Object(Illuminate\\Http\\Request))
#54 C:\\Users\\HP\\Documents\\laravel\\workunity-app\\vendor\\laravel\\framework\\src\\Illuminate\\Foundation\\resources\\server.php(16): require_once('C:\\\\Users\\\\HP\\\\Doc...')
#55 {main}

[previous exception] [object] (PDOException(code: 1049): SQLSTATE[HY000] [1049] Unknown database 'workunity_app' at C:\\Users\\HP\\Documents\\laravel\\workunity-app\\vendor\\laravel\\framework\\src\\Illuminate\\Database\\Connectors\\Connector.php:65)
[stacktrace]
#0 C:\\Users\\HP\\Documents\\laravel\\workunity-app\\vendor\\laravel\\framework\\src\\Illuminate\\Database\\Connectors\\Connector.php(65): PDO->__construct('mysql:host=127....', 'root', Object(SensitiveParameterValue), Array)
#1 C:\\Users\\HP\\Documents\\laravel\\workunity-app\\vendor\\laravel\\framework\\src\\Illuminate\\Database\\Connectors\\Connector.php(44): Illuminate\\Database\\Connectors\\Connector->createPdoConnection('mysql:host=127....', 'root', '', Array)
#2 C:\\Users\\HP\\Documents\\laravel\\workunity-app\\vendor\\laravel\\framework\\src\\Illuminate\\Database\\Connectors\\MySqlConnector.php(24): Illuminate\\Database\\Connectors\\Connector->createConnection('mysql:host=127....', Array, Array)
#3 C:\\Users\\HP\\Documents\\laravel\\workunity-app\\vendor\\laravel\\framework\\src\\Illuminate\\Database\\Connectors\\ConnectionFactory.php(184): Illuminate\\Database\\Connectors\\MySqlConnector->connect(Array)
#4 [internal function]: Illuminate\\Database\\Connectors\\ConnectionFactory->Illuminate\\Database\\Connectors\\{closure}()
#5 C:\\Users\\HP\\Documents\\laravel\\workunity-app\\vendor\\laravel\\framework\\src\\Illuminate\\Database\\Connection.php(1339): call_user_func(Object(Closure))
#6 C:\\Users\\HP\\Documents\\laravel\\workunity-app\\vendor\\laravel\\framework\\src\\Illuminate\\Database\\Connection.php(1375): Illuminate\\Database\\Connection->getPdo()
#7 C:\\Users\\HP\\Documents\\laravel\\workunity-app\\vendor\\laravel\\framework\\src\\Illuminate\\Database\\Connection.php(528): Illuminate\\Database\\Connection->getReadPdo()
#8 C:\\Users\\HP\\Documents\\laravel\\workunity-app\\vendor\\laravel\\framework\\src\\Illuminate\\Database\\Connection.php(423): Illuminate\\Database\\Connection->getPdoForSelect(true)
#9 C:\\Users\\HP\\Documents\\laravel\\workunity-app\\vendor\\laravel\\framework\\src\\Illuminate\\Database\\Connection.php(816): Illuminate\\Database\\Connection->Illuminate\\Database\\{closure}('select count(*)...', Array)
#10 C:\\Users\\HP\\Documents\\laravel\\workunity-app\\vendor\\laravel\\framework\\src\\Illuminate\\Database\\Connection.php(783): Illuminate\\Database\\Connection->runQueryCallback('select count(*)...', Array, Object(Closure))
#11 C:\\Users\\HP\\Documents\\laravel\\workunity-app\\vendor\\laravel\\framework\\src\\Illuminate\\Database\\Connection.php(414): Illuminate\\Database\\Connection->run('select count(*)...', Array, Object(Closure))
#12 C:\\Users\\HP\\Documents\\laravel\\workunity-app\\vendor\\laravel\\framework\\src\\Illuminate\\Database\\Query\\Builder.php(2913): Illuminate\\Database\\Connection->select('select count(*)...', Array, true)
#13 C:\\Users\\HP\\Documents\\laravel\\workunity-app\\vendor\\laravel\\framework\\src\\Illuminate\\Database\\Query\\Builder.php(2902): Illuminate\\Database\\Query\\Builder->runSelect()
#14 C:\\Users\\HP\\Documents\\laravel\\workunity-app\\vendor\\laravel\\framework\\src\\Illuminate\\Database\\Query\\Builder.php(3456): Illuminate\\Database\\Query\\Builder->Illuminate\\Database\\Query\\{closure}()
#15 C:\\Users\\HP\\Documents\\laravel\\workunity-app\\vendor\\laravel\\framework\\src\\Illuminate\\Database\\Query\\Builder.php(2901): Illuminate\\Database\\Query\\Builder->onceWithColumns(Array, Object(Closure))
#16 C:\\Users\\HP\\Documents\\laravel\\workunity-app\\vendor\\laravel\\framework\\src\\Illuminate\\Database\\Query\\Builder.php(3066): Illuminate\\Database\\Query\\Builder->get()
#17 C:\\Users\\HP\\Documents\\laravel\\workunity-app\\vendor\\laravel\\framework\\src\\Illuminate\\Database\\Query\\Builder.php(3025): Illuminate\\Database\\Query\\Builder->runPaginationCountQuery(Array)
#18 C:\\Users\\HP\\Documents\\laravel\\workunity-app\\vendor\\laravel\\framework\\src\\Illuminate\\Database\\Eloquent\\Builder.php(923): Illuminate\\Database\\Query\\Builder->getCountForPagination()
#19 C:\\Users\\HP\\Documents\\laravel\\workunity-app\\app\\Http\\Controllers\\EmployeeController.php(12): Illuminate\\Database\\Eloquent\\Builder->paginate(15)
#20 C:\\Users\\HP\\Documents\\laravel\\workunity-app\\vendor\\laravel\\framework\\src\\Illuminate\\Routing\\Controller.php(54): App\\Http\\Controllers\\EmployeeController->index()
#21 C:\\Users\\HP\\Documents\\laravel\\workunity-app\\vendor\\laravel\\framework\\src\\Illuminate\\Routing\\ControllerDispatcher.php(43): Illuminate\\Routing\\Controller->callAction('index', Array)
#22 C:\\Users\\HP\\Documents\\laravel\\workunity-app\\vendor\\laravel\\framework\\src\\Illuminate\\Routing\\Route.php(259): Illuminate\\Routing\\ControllerDispatcher->dispatch(Object(Illuminate\\Routing\\Route), Object(App\\Http\\Controllers\\EmployeeController), 'index')
#23 C:\\Users\\HP\\Documents\\laravel\\workunity-app\\vendor\\laravel\\framework\\src\\Illuminate\\Routing\\Route.php(205): Illuminate\\Routing\\Route->runController()
#24 C:\\Users\\HP\\Documents\\laravel\\workunity-app\\vendor\\laravel\\framework\\src\\Illuminate\\Routing\\Router.php(806): Illuminate\\Routing\\Route->run()
#25 C:\\Users\\HP\\Documents\\laravel\\workunity-app\\vendor\\laravel\\framework\\src\\Illuminate\\Pipeline\\Pipeline.php(144): Illuminate\\Routing\\Router->Illuminate\\Routing\\{closure}(Object(Illuminate\\Http\\Request))
#26 C:\\Users\\HP\\Documents\\laravel\\workunity-app\\vendor\\laravel\\framework\\src\\Illuminate\\Routing\\Middleware\\SubstituteBindings.php(50): Illuminate\\Pipeline\\Pipeline->Illuminate\\Pipeline\\{closure}(Object(Illuminate\\Http\\Request))
#27 C:\\Users\\HP\\Documents\\laravel\\workunity-app\\vendor\\laravel\\framework\\src\\Illuminate\\Pipeline\\Pipeline.php(183): Illuminate\\Routing\\Middleware\\SubstituteBindings->handle(Object(Illuminate\\Http\\Request), Object(Closure))
#28 C:\\Users\\HP\\Documents\\laravel\\workunity-app\\vendor\\laravel\\framework\\src\\Illuminate\\Foundation\\Http\\Middleware\\VerifyCsrfToken.php(78): Illuminate\\Pipeline\\Pipeline->Illuminate\\Pipeline\\{closure}(Object(Illuminate\\Http\\Request))
#29 C:\\Users\\HP\\Documents\\laravel\\workunity-app\\vendor\\laravel\\framework\\src\\Illuminate\\Pipeline\\Pipeline.php(183): Illuminate\\Foundation\\Http\\Middleware\\VerifyCsrfToken->handle(Object(Illuminate\\Http\\Request), Object(Closure))
#30 C:\\Users\\HP\\Documents\\laravel\\workunity-app\\vendor\\laravel\\framework\\src\\Illuminate\\View\\Middleware\\ShareErrorsFromSession.php(49): Illuminate\\Pipeline\\Pipeline->Illuminate\\Pipeline\\{closure}(Object(Illuminate\\Http\\Request))
#31 C:\\Users\\HP\\Documents\\laravel\\workunity-app\\vendor\\laravel\\framework\\src\\Illuminate\\Pipeline\\Pipeline.php(183): Illuminate\\View\\Middleware\\ShareErrorsFromSession->handle(Object(Illuminate\\Http\\Request), Object(Closure))
#32 C:\\Users\\HP\\Documents\\laravel\\workunity-app\\vendor\\laravel\\framework\\src\\Illuminate\\Session\\Middleware\\StartSession.php(121): Illuminate\\Pipeline\\Pipeline->Illuminate\\Pipeline\\{closure}(Object(Illuminate\\Http\\Request))
#33 C:\\Users\\HP\\Documents\\laravel\\workunity-app\\vendor\\laravel\\framework\\src\\Illuminate\\Session\\Middleware\\StartSession.php(64): Illuminate\\Session\\Middleware\\StartSession->handleStatefulRequest(Object(Illuminate\\Http\\Request), Object(Illuminate\\Session\\Store), Object(Closure))
#34 C:\\Users\\HP\\Documents\\laravel\\workunity-app\\vendor\\laravel\\framework\\src\\Illuminate\\Pipeline\\Pipeline.php(183): Illuminate\\Session\\Middleware\\StartSession->handle(Object(Illuminate\\Http\\Request), Object(Closure))
#35 C:\\Users\\HP\\Documents\\laravel\\workunity-app\\vendor\\laravel\\framework\\src\\Illuminate\\Cookie\\Middleware\\AddQueuedCookiesToResponse.php(37): Illuminate\\Pipeline\\Pipeline->Illuminate\\Pipeline\\{closure}(Object(Illuminate\\Http\\Request))
#36 C:\\Users\\HP\\Documents\\laravel\\workunity-app\\vendor\\laravel\\framework\\src\\Illuminate\\Pipeline\\Pipeline.php(183): Illuminate\\Cookie\\Middleware\\AddQueuedCookiesToResponse->handle(Object(Illuminate\\Http\\Request), Object(Closure))
#37 C:\\Users\\HP\\Documents\\laravel\\workunity-app\\vendor\\laravel\\framework\\src\\Illuminate\\Cookie\\Middleware\\EncryptCookies.php(67): Illuminate\\Pipeline\\Pipeline->Illuminate\\Pipeline\\{closure}(Object(Illuminate\\Http\\Request))
#38 C:\\Users\\HP\\Documents\\laravel\\workunity-app\\vendor\\laravel\\framework\\src\\Illuminate\\Pipeline\\Pipeline.php(183): Illuminate\\Cookie\\Middleware\\EncryptCookies->handle(Object(Illuminate\\Http\\Request), Object(Closure))
#39 C:\\Users\\HP\\Documents\\laravel\\workunity-app\\vendor\\laravel\\framework\\src\\Illuminate\\Pipeline\\Pipeline.php(119): Illuminate\\Pipeline\\Pipeline->Illuminate\\Pipeline\\{closure}(Object(Illuminate\\Http\\Request))
#40 C:\\Users\\HP\\Documents\\laravel\\workunity-app\\vendor\\laravel\\framework\\src\\Illuminate\\Routing\\Router.php(805): Illuminate\\Pipeline\\Pipeline->then(Object(Closure))
#41 C:\\Users\\HP\\Documents\\laravel\\workunity-app\\vendor\\laravel\\framework\\src\\Illuminate\\Routing\\Router.php(784): Illuminate\\Routing\\Router->runRouteWithinStack(Object(Illuminate\\Routing\\Route), Object(Illuminate\\Http\\Request))
#42 C:\\Users\\HP\\Documents\\laravel\\workunity-app\\vendor\\laravel\\framework\\src\\Illuminate\\Routing\\Router.php(748): Illuminate\\Routing\\Router->runRoute(Object(Illuminate\\Http\\Request), Object(Illuminate\\Routing\\Route))
#43 C:\\Users\\HP\\Documents\\laravel\\workunity-app\\vendor\\laravel\\framework\\src\\Illuminate\\Routing\\Router.php(737): Illuminate\\Routing\\Router->dispatchToRoute(Object(Illuminate\\Http\\Request))
#44 C:\\Users\\HP\\Documents\\laravel\\workunity-app\\vendor\\laravel\\framework\\src\\Illuminate\\Foundation\\Http\\Kernel.php(200): Illuminate\\Routing\\Router->dispatch(Object(Illuminate\\Http\\Request))
#45 C:\\Users\\HP\\Documents\\laravel\\workunity-app\\vendor\\laravel\\framework\\src\\Illuminate\\Pipeline\\Pipeline.php(144): Illuminate\\Foundation\\Http\\Kernel->Illuminate\\Foundation\\Http\\{closure}(Object(Illuminate\\Http\\Request))
#46 C:\\Users\\HP\\Documents\\laravel\\workunity-app\\vendor\\laravel\\framework\\src\\Illuminate\\Foundation\\Http\\Middleware\\TransformsRequest.php(21): Illuminate\\Pipeline\\Pipeline->Illuminate\\Pipeline\\{closure}(Object(Illuminate\\Http\\Request))
#47 C:\\Users\\HP\\Documents\\laravel\\workunity-app\\vendor\\laravel\\framework\\src\\Illuminate\\Foundation\\Http\\Middleware\\ConvertEmptyStringsToNull.php(31): Illuminate\\Foundation\\Http\\Middleware\\TransformsRequest->handle(Object(Illuminate\\Http\\Request), Object(Closure))
#48 C:\\Users\\HP\\Documents\\laravel\\workunity-app\\vendor\\laravel\\framework\\src\\Illuminate\\Pipeline\\Pipeline.php(183): Illuminate\\Foundation\\Http\\Middleware\\ConvertEmptyStringsToNull->handle(Object(Illuminate\\Http\\Request), Object(Closure))
#49 C:\\Users\\HP\\Documents\\laravel\\workunity-app\\vendor\\laravel\\framework\\src\\Illuminate\\Foundation\\Http\\Middleware\\TransformsRequest.php(21): Illuminate\\Pipeline\\Pipeline->Illuminate\\Pipeline\\{closure}(Object(Illuminate\\Http\\Request))
#50 C:\\Users\\HP\\Documents\\laravel\\workunity-app\\vendor\\laravel\\framework\\src\\Illuminate\\Foundation\\Http\\Middleware\\TrimStrings.php(40): Illuminate\\Foundation\\Http\\Middleware\\TransformsRequest->handle(Object(Illuminate\\Http\\Request), Object(Closure))
#51 C:\\Users\\HP\\Documents\\laravel\\workunity-app\\vendor\\laravel\\framework\\src\\Illuminate\\Pipeline\\Pipeline.php(183): Illuminate\\Foundation\\Http\\Middleware\\TrimStrings->handle(Object(Illuminate\\Http\\Request), Object(Closure))
#52 C:\\Users\\HP\\Documents\\laravel\\workunity-app\\vendor\\laravel\\framework\\src\\Illuminate\\Foundation\\Http\\Middleware\\ValidatePostSize.php(27): Illuminate\\Pipeline\\Pipeline->Illuminate\\Pipeline\\{closure}(Object(Illuminate\\Http\\Request))
#53 C:\\Users\\HP\\Documents\\laravel\\workunity-app\\vendor\\laravel\\framework\\src\\Illuminate\\Pipeline\\Pipeline.php(183): Illuminate\\Foundation\\Http\\Middleware\\ValidatePostSize->handle(Object(Illuminate\\Http\\Request), Object(Closure))
#54 C:\\Users\\HP\\Documents\\laravel\\workunity-app\\vendor\\laravel\\framework\\src\\Illuminate\\Foundation\\Http\\Middleware\\PreventRequestsDuringMaintenance.php(99): Illuminate\\Pipeline\\Pipeline->Illuminate\\Pipeline\\{closure}(Object(Illuminate\\Http\\Request))
#55 C:\\Users\\HP\\Documents\\laravel\\workunity-app\\vendor\\laravel\\framework\\src\\Illuminate\\Pipeline\\Pipeline.php(183): Illuminate\\Foundation\\Http\\Middleware\\PreventRequestsDuringMaintenance->handle(Object(Illuminate\\Http\\Request), Object(Closure))
#56 C:\\Users\\HP\\Documents\\laravel\\workunity-app\\vendor\\laravel\\framework\\src\\Illuminate\\Http\\Middleware\\HandleCors.php(49): Illuminate\\Pipeline\\Pipeline->Illuminate\\Pipeline\\{closure}(Object(Illuminate\\Http\\Request))
#57 C:\\Users\\HP\\Documents\\laravel\\workunity-app\\vendor\\laravel\\framework\\src\\Illuminate\\Pipeline\\Pipeline.php(183): Illuminate\\Http\\Middleware\\HandleCors->handle(Object(Illuminate\\Http\\Request), Object(Closure))
#58 C:\\Users\\HP\\Documents\\laravel\\workunity-app\\vendor\\laravel\\framework\\src\\Illuminate\\Http\\Middleware\\TrustProxies.php(39): Illuminate\\Pipeline\\Pipeline->Illuminate\\Pipeline\\{closure}(Object(Illuminate\\Http\\Request))
#59 C:\\Users\\HP\\Documents\\laravel\\workunity-app\\vendor\\laravel\\framework\\src\\Illuminate\\Pipeline\\Pipeline.php(183): Illuminate\\Http\\Middleware\\TrustProxies->handle(Object(Illuminate\\Http\\Request), Object(Closure))
#60 C:\\Users\\HP\\Documents\\laravel\\workunity-app\\vendor\\laravel\\framework\\src\\Illuminate\\Pipeline\\Pipeline.php(119): Illuminate\\Pipeline\\Pipeline->Illuminate\\Pipeline\\{closure}(Object(Illuminate\\Http\\Request))
#61 C:\\Users\\HP\\Documents\\laravel\\workunity-app\\vendor\\laravel\\framework\\src\\Illuminate\\Foundation\\Http\\Kernel.php(175): Illuminate\\Pipeline\\Pipeline->then(Object(Closure))
#62 C:\\Users\\HP\\Documents\\laravel\\workunity-app\\vendor\\laravel\\framework\\src\\Illuminate\\Foundation\\Http\\Kernel.php(144): Illuminate\\Foundation\\Http\\Kernel->sendRequestThroughRouter(Object(Illuminate\\Http\\Request))
#63 C:\\Users\\HP\\Documents\\laravel\\workunity-app\\public\\index.php(51): Illuminate\\Foundation\\Http\\Kernel->handle(Object(Illuminate\\Http\\Request))
#64 C:\\Users\\HP\\Documents\\laravel\\workunity-app\\vendor\\laravel\\framework\\src\\Illuminate\\Foundation\\resources\\server.php(16): require_once('C:\\\\Users\\\\HP\\\\Doc...')
#65 {main}
"} 
[2025-10-24 22:05:29] local.ERROR: SQLSTATE[3D000]: Invalid catalog name: 1046 No database selected (Connection: mysql, SQL: select count(*) as aggregate from `employees`) {"exception":"[object] (Illuminate\\Database\\QueryException(code: 3D000): SQLSTATE[3D000]: Invalid catalog name: 1046 No database selected (Connection: mysql, SQL: select count(*) as aggregate from `employees`) at C:\\Users\\HP\\Documents\\laravel\\workunity-app\\vendor\\laravel\\framework\\src\\Illuminate\\Database\\Connection.php:829)
[stacktrace]
#0 C:\\Users\\HP\\Documents\\laravel\\workunity-app\\vendor\\laravel\\framework\\src\\Illuminate\\Database\\Connection.php(783): Illuminate\\Database\\Connection->runQueryCallback('select count(*)...', Array, Object(Closure))
#1 C:\\Users\\HP\\Documents\\laravel\\workunity-app\\vendor\\laravel\\framework\\src\\Illuminate\\Database\\Connection.php(414): Illuminate\\Database\\Connection->run('select count(*)...', Array, Object(Closure))
#2 C:\\Users\\HP\\Documents\\laravel\\workunity-app\\vendor\\laravel\\framework\\src\\Illuminate\\Database\\Query\\Builder.php(2913): Illuminate\\Database\\Connection->select('select count(*)...', Array, true)
#3 C:\\Users\\HP\\Documents\\laravel\\workunity-app\\vendor\\laravel\\framework\\src\\Illuminate\\Database\\Query\\Builder.php(2902): Illuminate\\Database\\Query\\Builder->runSelect()
#4 C:\\Users\\HP\\Documents\\laravel\\workunity-app\\vendor\\laravel\\framework\\src\\Illuminate\\Database\\Query\\Builder.php(3456): Illuminate\\Database\\Query\\Builder->Illuminate\\Database\\Query\\{closure}()
#5 C:\\Users\\HP\\Documents\\laravel\\workunity-app\\vendor\\laravel\\framework\\src\\Illuminate\\Database\\Query\\Builder.php(2901): Illuminate\\Database\\Query\\Builder->onceWithColumns(Array, Object(Closure))
#6 C:\\Users\\HP\\Documents\\laravel\\workunity-app\\vendor\\laravel\\framework\\src\\Illuminate\\Database\\Query\\Builder.php(3066): Illuminate\\Database\\Query\\Builder->get()
#7 C:\\Users\\HP\\Documents\\laravel\\workunity-app\\vendor\\laravel\\framework\\src\\Illuminate\\Database\\Query\\Builder.php(3025): Illuminate\\Database\\Query\\Builder->runPaginationCountQuery(Array)
#8 C:\\Users\\HP\\Documents\\laravel\\workunity-app\\vendor\\laravel\\framework\\src\\Illuminate\\Database\\Eloquent\\Builder.php(923): Illuminate\\Database\\Query\\Builder->getCountForPagination()
#9 C:\\Users\\HP\\Documents\\laravel\\workunity-app\\app\\Http\\Controllers\\EmployeeController.php(12): Illuminate\\Database\\Eloquent\\Builder->paginate(15)
#10 C:\\Users\\HP\\Documents\\laravel\\workunity-app\\vendor\\laravel\\framework\\src\\Illuminate\\Routing\\Controller.php(54): App\\Http\\Controllers\\EmployeeController->index()
#11 C:\\Users\\HP\\Documents\\laravel\\workunity-app\\vendor\\laravel\\framework\\src\\Illuminate\\Routing\\ControllerDispatcher.php(43): Illuminate\\Routing\\Controller->callAction('index', Array)
#12 C:\\Users\\HP\\Documents\\laravel\\workunity-app\\vendor\\laravel\\framework\\src\\Illuminate\\Routing\\Route.php(259): Illuminate\\Routing\\ControllerDispatcher->dispatch(Object(Illuminate\\Routing\\Route), Object(App\\Http\\Controllers\\EmployeeController), 'index')
#13 C:\\Users\\HP\\Documents\\laravel\\workunity-app\\vendor\\laravel\\framework\\src\\Illuminate\\Routing\\Route.php(205): Illuminate\\Routing\\Route->runController()
#14 C:\\Users\\HP\\Documents\\laravel\\workunity-app\\vendor\\laravel\\framework\\src\\Illuminate\\Routing\\Router.php(806): Illuminate\\Routing\\Route->run()
#15 C:\\Users\\HP\\Documents\\laravel\\workunity-app\\vendor\\laravel\\framework\\src\\Illuminate\\Pipeline\\Pipeline.php(144): Illuminate\\Routing\\Router->Illuminate\\Routing\\{closure}(Object(Illuminate\\Http\\Request))
#16 C:\\Users\\HP\\Documents\\laravel\\workunity-app\\vendor\\laravel\\framework\\src\\Illuminate\\Routing\\Middleware\\SubstituteBindings.php(50): Illuminate\\Pipeline\\Pipeline->Illuminate\\Pipeline\\{closure}(Object(Illuminate\\Http\\Request))
#17 C:\\Users\\HP\\Documents\\laravel\\workunity-app\\vendor\\laravel\\framework\\src\\Illuminate\\Pipeline\\Pipeline.php(183): Illuminate\\Routing\\Middleware\\SubstituteBindings->handle(Object(Illuminate\\Http\\Request), Object(Closure))
#18 C:\\Users\\HP\\Documents\\laravel\\workunity-app\\vendor\\laravel\\framework\\src\\Illuminate\\Foundation\\Http\\Middleware\\VerifyCsrfToken.php(78): Illuminate\\Pipeline\\Pipeline->Illuminate\\Pipeline\\{closure}(Object(Illuminate\\Http\\Request))
#19 C:\\Users\\HP\\Documents\\laravel\\workunity-app\\vendor\\laravel\\framework\\src\\Illuminate\\Pipeline\\Pipeline.php(183): Illuminate\\Foundation\\Http\\Middleware\\VerifyCsrfToken->handle(Object(Illuminate\\Http\\Request), Object(Closure))
#20 C:\\Users\\HP\\Documents\\laravel\\workunity-app\\vendor\\laravel\\framework\\src\\Illuminate\\View\\Middleware\\ShareErrorsFromSession.php(49): Illuminate\\Pipeline\\Pipeline->Illuminate\\Pipeline\\{closure}(Object(Illuminate\\Http\\Request))
#21 C:\\Users\\HP\\Documents\\laravel\\workunity-app\\vendor\\laravel\\framework\\src\\Illuminate\\Pipeline\\Pipeline.php(183): Illuminate\\View\\Middleware\\ShareErrorsFromSession->handle(Object(Illuminate\\Http\\Request), Object(Closure))
#22 C:\\Users\\HP\\Documents\\laravel\\workunity-app\\vendor\\laravel\\framework\\src\\Illuminate\\Session\\Middleware\\StartSession.php(121): Illuminate\\Pipeline\\Pipeline->Illuminate\\Pipeline\\{closure}(Object(Illuminate\\Http\\Request))
#23 C:\\Users\\HP\\Documents\\laravel\\workunity-app\\vendor\\laravel\\framework\\src\\Illuminate\\Session\\Middleware\\StartSession.php(64): Illuminate\\Session\\Middleware\\StartSession->handleStatefulRequest(Object(Illuminate\\Http\\Request), Object(Illuminate\\Session\\Store), Object(Closure))
#24 C:\\Users\\HP\\Documents\\laravel\\workunity-app\\vendor\\laravel\\framework\\src\\Illuminate\\Pipeline\\Pipeline.php(183): Illuminate\\Session\\Middleware\\StartSession->handle(Object(Illuminate\\Http\\Request), Object(Closure))
#25 C:\\Users\\HP\\Documents\\laravel\\workunity-app\\vendor\\laravel\\framework\\src\\Illuminate\\Cookie\\Middleware\\AddQueuedCookiesToResponse.php(37): Illuminate\\Pipeline\\Pipeline->Illuminate\\Pipeline\\{closure}(Object(Illuminate\\Http\\Request))
#26 C:\\Users\\HP\\Documents\\laravel\\workunity-app\\vendor\\laravel\\framework\\src\\Illuminate\\Pipeline\\Pipeline.php(183): Illuminate\\Cookie\\Middleware\\AddQueuedCookiesToResponse->handle(Object(Illuminate\\Http\\Request), Object(Closure))
#27 C:\\Users\\HP\\Documents\\laravel\\workunity-app\\vendor\\laravel\\framework\\src\\Illuminate\\Cookie\\Middleware\\EncryptCookies.php(67): Illuminate\\Pipeline\\Pipeline->Illuminate\\Pipeline\\{closure}(Object(Illuminate\\Http\\Request))
#28 C:\\Users\\HP\\Documents\\laravel\\workunity-app\\vendor\\laravel\\framework\\src\\Illuminate\\Pipeline\\Pipeline.php(183): Illuminate\\Cookie\\Middleware\\EncryptCookies->handle(Object(Illuminate\\Http\\Request), Object(Closure))
#29 C:\\Users\\HP\\Documents\\laravel\\workunity-app\\vendor\\laravel\\framework\\src\\Illuminate\\Pipeline\\Pipeline.php(119): Illuminate\\Pipeline\\Pipeline->Illuminate\\Pipeline\\{closure}(Object(Illuminate\\Http\\Request))
#30 C:\\Users\\HP\\Documents\\laravel\\workunity-app\\vendor\\laravel\\framework\\src\\Illuminate\\Routing\\Router.php(805): Illuminate\\Pipeline\\Pipeline->then(Object(Closure))
#31 C:\\Users\\HP\\Documents\\laravel\\workunity-app\\vendor\\laravel\\framework\\src\\Illuminate\\Routing\\Router.php(784): Illuminate\\Routing\\Router->runRouteWithinStack(Object(Illuminate\\Routing\\Route), Object(Illuminate\\Http\\Request))
#32 C:\\Users\\HP\\Documents\\laravel\\workunity-app\\vendor\\laravel\\framework\\src\\Illuminate\\Routing\\Router.php(748): Illuminate\\Routing\\Router->runRoute(Object(Illuminate\\Http\\Request), Object(Illuminate\\Routing\\Route))
#33 C:\\Users\\HP\\Documents\\laravel\\workunity-app\\vendor\\laravel\\framework\\src\\Illuminate\\Routing\\Router.php(737): Illuminate\\Routing\\Router->dispatchToRoute(Object(Illuminate\\Http\\Request))
#34 C:\\Users\\HP\\Documents\\laravel\\workunity-app\\vendor\\laravel\\framework\\src\\Illuminate\\Foundation\\Http\\Kernel.php(200): Illuminate\\Routing\\Router->dispatch(Object(Illuminate\\Http\\Request))
#35 C:\\Users\\HP\\Documents\\laravel\\workunity-app\\vendor\\laravel\\framework\\src\\Illuminate\\Pipeline\\Pipeline.php(144): Illuminate\\Foundation\\Http\\Kernel->Illuminate\\Foundation\\Http\\{closure}(Object(Illuminate\\Http\\Request))
#36 C:\\Users\\HP\\Documents\\laravel\\workunity-app\\vendor\\laravel\\framework\\src\\Illuminate\\Foundation\\Http\\Middleware\\TransformsRequest.php(21): Illuminate\\Pipeline\\Pipeline->Illuminate\\Pipeline\\{closure}(Object(Illuminate\\Http\\Request))
#37 C:\\Users\\HP\\Documents\\laravel\\workunity-app\\vendor\\laravel\\framework\\src\\Illuminate\\Foundation\\Http\\Middleware\\ConvertEmptyStringsToNull.php(31): Illuminate\\Foundation\\Http\\Middleware\\TransformsRequest->handle(Object(Illuminate\\Http\\Request), Object(Closure))
#38 C:\\Users\\HP\\Documents\\laravel\\workunity-app\\vendor\\laravel\\framework\\src\\Illuminate\\Pipeline\\Pipeline.php(183): Illuminate\\Foundation\\Http\\Middleware\\ConvertEmptyStringsToNull->handle(Object(Illuminate\\Http\\Request), Object(Closure))
#39 C:\\Users\\HP\\Documents\\laravel\\workunity-app\\vendor\\laravel\\framework\\src\\Illuminate\\Foundation\\Http\\Middleware\\TransformsRequest.php(21): Illuminate\\Pipeline\\Pipeline->Illuminate\\Pipeline\\{closure}(Object(Illuminate\\Http\\Request))
#40 C:\\Users\\HP\\Documents\\laravel\\workunity-app\\vendor\\laravel\\framework\\src\\Illuminate\\Foundation\\Http\\Middleware\\TrimStrings.php(40): Illuminate\\Foundation\\Http\\Middleware\\TransformsRequest->handle(Object(Illuminate\\Http\\Request), Object(Closure))
#41 C:\\Users\\HP\\Documents\\laravel\\workunity-app\\vendor\\laravel\\framework\\src\\Illuminate\\Pipeline\\Pipeline.php(183): Illuminate\\Foundation\\Http\\Middleware\\TrimStrings->handle(Object(Illuminate\\Http\\Request), Object(Closure))
#42 C:\\Users\\HP\\Documents\\laravel\\workunity-app\\vendor\\laravel\\framework\\src\\Illuminate\\Foundation\\Http\\Middleware\\ValidatePostSize.php(27): Illuminate\\Pipeline\\Pipeline->Illuminate\\Pipeline\\{closure}(Object(Illuminate\\Http\\Request))
#43 C:\\Users\\HP\\Documents\\laravel\\workunity-app\\vendor\\laravel\\framework\\src\\Illuminate\\Pipeline\\Pipeline.php(183): Illuminate\\Foundation\\Http\\Middleware\\ValidatePostSize->handle(Object(Illuminate\\Http\\Request), Object(Closure))
#44 C:\\Users\\HP\\Documents\\laravel\\workunity-app\\vendor\\laravel\\framework\\src\\Illuminate\\Foundation\\Http\\Middleware\\PreventRequestsDuringMaintenance.php(99): Illuminate\\Pipeline\\Pipeline->Illuminate\\Pipeline\\{closure}(Object(Illuminate\\Http\\Request))
#45 C:\\Users\\HP\\Documents\\laravel\\workunity-app\\vendor\\laravel\\framework\\src\\Illuminate\\Pipeline\\Pipeline.php(183): Illuminate\\Foundation\\Http\\Middleware\\PreventRequestsDuringMaintenance->handle(Object(Illuminate\\Http\\Request), Object(Closure))
#46 C:\\Users\\HP\\Documents\\laravel\\workunity-app\\vendor\\laravel\\framework\\src\\Illuminate\\Http\\Middleware\\HandleCors.php(49): Illuminate\\Pipeline\\Pipeline->Illuminate\\Pipeline\\{closure}(Object(Illuminate\\Http\\Request))
#47 C:\\Users\\HP\\Documents\\laravel\\workunity-app\\vendor\\laravel\\framework\\src\\Illuminate\\Pipeline\\Pipeline.php(183): Illuminate\\Http\\Middleware\\HandleCors->handle(Object(Illuminate\\Http\\Request), Object(Closure))
#48 C:\\Users\\HP\\Documents\\laravel\\workunity-app\\vendor\\laravel\\framework\\src\\Illuminate\\Http\\Middleware\\TrustProxies.php(39): Illuminate\\Pipeline\\Pipeline->Illuminate\\Pipeline\\{closure}(Object(Illuminate\\Http\\Request))
#49 C:\\Users\\HP\\Documents\\laravel\\workunity-app\\vendor\\laravel\\framework\\src\\Illuminate\\Pipeline\\Pipeline.php(183): Illuminate\\Http\\Middleware\\TrustProxies->handle(Object(Illuminate\\Http\\Request), Object(Closure))
#50 C:\\Users\\HP\\Documents\\laravel\\workunity-app\\vendor\\laravel\\framework\\src\\Illuminate\\Pipeline\\Pipeline.php(119): Illuminate\\Pipeline\\Pipeline->Illuminate\\Pipeline\\{closure}(Object(Illuminate\\Http\\Request))
#51 C:\\Users\\HP\\Documents\\laravel\\workunity-app\\vendor\\laravel\\framework\\src\\Illuminate\\Foundation\\Http\\Kernel.php(175): Illuminate\\Pipeline\\Pipeline->then(Object(Closure))
#52 C:\\Users\\HP\\Documents\\laravel\\workunity-app\\vendor\\laravel\\framework\\src\\Illuminate\\Foundation\\Http\\Kernel.php(144): Illuminate\\Foundation\\Http\\Kernel->sendRequestThroughRouter(Object(Illuminate\\Http\\Request))
#53 C:\\Users\\HP\\Documents\\laravel\\workunity-app\\public\\index.php(51): Illuminate\\Foundation\\Http\\Kernel->handle(Object(Illuminate\\Http\\Request))
#54 C:\\Users\\HP\\Documents\\laravel\\workunity-app\\vendor\\laravel\\framework\\src\\Illuminate\\Foundation\\resources\\server.php(16): require_once('C:\\\\Users\\\\HP\\\\Doc...')
#55 {main}

[previous exception] [object] (PDOException(code: 3D000): SQLSTATE[3D000]: Invalid catalog name: 1046 No database selected at C:\\Users\\HP\\Documents\\laravel\\workunity-app\\vendor\\laravel\\framework\\src\\Illuminate\\Database\\Connection.php:423)
[stacktrace]
#0 C:\\Users\\HP\\Documents\\laravel\\workunity-app\\vendor\\laravel\\framework\\src\\Illuminate\\Database\\Connection.php(423): PDO->prepare('select count(*)...')
#1 C:\\Users\\HP\\Documents\\laravel\\workunity-app\\vendor\\laravel\\framework\\src\\Illuminate\\Database\\Connection.php(816): Illuminate\\Database\\Connection->Illuminate\\Database\\{closure}('select count(*)...', Array)
#2 C:\\Users\\HP\\Documents\\laravel\\workunity-app\\vendor\\laravel\\framework\\src\\Illuminate\\Database\\Connection.php(783): Illuminate\\Database\\Connection->runQueryCallback('select count(*)...', Array, Object(Closure))
#3 C:\\Users\\HP\\Documents\\laravel\\workunity-app\\vendor\\laravel\\framework\\src\\Illuminate\\Database\\Connection.php(414): Illuminate\\Database\\Connection->run('select count(*)...', Array, Object(Closure))
#4 C:\\Users\\HP\\Documents\\laravel\\workunity-app\\vendor\\laravel\\framework\\src\\Illuminate\\Database\\Query\\Builder.php(2913): Illuminate\\Database\\Connection->select('select count(*)...', Array, true)
#5 C:\\Users\\HP\\Documents\\laravel\\workunity-app\\vendor\\laravel\\framework\\src\\Illuminate\\Database\\Query\\Builder.php(2902): Illuminate\\Database\\Query\\Builder->runSelect()
#6 C:\\Users\\HP\\Documents\\laravel\\workunity-app\\vendor\\laravel\\framework\\src\\Illuminate\\Database\\Query\\Builder.php(3456): Illuminate\\Database\\Query\\Builder->Illuminate\\Database\\Query\\{closure}()
#7 C:\\Users\\HP\\Documents\\laravel\\workunity-app\\vendor\\laravel\\framework\\src\\Illuminate\\Database\\Query\\Builder.php(2901): Illuminate\\Database\\Query\\Builder->onceWithColumns(Array, Object(Closure))
#8 C:\\Users\\HP\\Documents\\laravel\\workunity-app\\vendor\\laravel\\framework\\src\\Illuminate\\Database\\Query\\Builder.php(3066): Illuminate\\Database\\Query\\Builder->get()
#9 C:\\Users\\HP\\Documents\\laravel\\workunity-app\\vendor\\laravel\\framework\\src\\Illuminate\\Database\\Query\\Builder.php(3025): Illuminate\\Database\\Query\\Builder->runPaginationCountQuery(Array)
#10 C:\\Users\\HP\\Documents\\laravel\\workunity-app\\vendor\\laravel\\framework\\src\\Illuminate\\Database\\Eloquent\\Builder.php(923): Illuminate\\Database\\Query\\Builder->getCountForPagination()
#11 C:\\Users\\HP\\Documents\\laravel\\workunity-app\\app\\Http\\Controllers\\EmployeeController.php(12): Illuminate\\Database\\Eloquent\\Builder->paginate(15)
#12 C:\\Users\\HP\\Documents\\laravel\\workunity-app\\vendor\\laravel\\framework\\src\\Illuminate\\Routing\\Controller.php(54): App\\Http\\Controllers\\EmployeeController->index()
#13 C:\\Users\\HP\\Documents\\laravel\\workunity-app\\vendor\\laravel\\framework\\src\\Illuminate\\Routing\\ControllerDispatcher.php(43): Illuminate\\Routing\\Controller->callAction('index', Array)
#14 C:\\Users\\HP\\Documents\\laravel\\workunity-app\\vendor\\laravel\\framework\\src\\Illuminate\\Routing\\Route.php(259): Illuminate\\Routing\\ControllerDispatcher->dispatch(Object(Illuminate\\Routing\\Route), Object(App\\Http\\Controllers\\EmployeeController), 'index')
#15 C:\\Users\\HP\\Documents\\laravel\\workunity-app\\vendor\\laravel\\framework\\src\\Illuminate\\Routing\\Route.php(205): Illuminate\\Routing\\Route->runController()
#16 C:\\Users\\HP\\Documents\\laravel\\workunity-app\\vendor\\laravel\\framework\\src\\Illuminate\\Routing\\Router.php(806): Illuminate\\Routing\\Route->run()
#17 C:\\Users\\HP\\Documents\\laravel\\workunity-app\\vendor\\laravel\\framework\\src\\Illuminate\\Pipeline\\Pipeline.php(144): Illuminate\\Routing\\Router->Illuminate\\Routing\\{closure}(Object(Illuminate\\Http\\Request))
#18 C:\\Users\\HP\\Documents\\laravel\\workunity-app\\vendor\\laravel\\framework\\src\\Illuminate\\Routing\\Middleware\\SubstituteBindings.php(50): Illuminate\\Pipeline\\Pipeline->Illuminate\\Pipeline\\{closure}(Object(Illuminate\\Http\\Request))
#19 C:\\Users\\HP\\Documents\\laravel\\workunity-app\\vendor\\laravel\\framework\\src\\Illuminate\\Pipeline\\Pipeline.php(183): Illuminate\\Routing\\Middleware\\SubstituteBindings->handle(Object(Illuminate\\Http\\Request), Object(Closure))
#20 C:\\Users\\HP\\Documents\\laravel\\workunity-app\\vendor\\laravel\\framework\\src\\Illuminate\\Foundation\\Http\\Middleware\\VerifyCsrfToken.php(78): Illuminate\\Pipeline\\Pipeline->Illuminate\\Pipeline\\{closure}(Object(Illuminate\\Http\\Request))
#21 C:\\Users\\HP\\Documents\\laravel\\workunity-app\\vendor\\laravel\\framework\\src\\Illuminate\\Pipeline\\Pipeline.php(183): Illuminate\\Foundation\\Http\\Middleware\\VerifyCsrfToken->handle(Object(Illuminate\\Http\\Request), Object(Closure))
#22 C:\\Users\\HP\\Documents\\laravel\\workunity-app\\vendor\\laravel\\framework\\src\\Illuminate\\View\\Middleware\\ShareErrorsFromSession.php(49): Illuminate\\Pipeline\\Pipeline->Illuminate\\Pipeline\\{closure}(Object(Illuminate\\Http\\Request))
#23 C:\\Users\\HP\\Documents\\laravel\\workunity-app\\vendor\\laravel\\framework\\src\\Illuminate\\Pipeline\\Pipeline.php(183): Illuminate\\View\\Middleware\\ShareErrorsFromSession->handle(Object(Illuminate\\Http\\Request), Object(Closure))
#24 C:\\Users\\HP\\Documents\\laravel\\workunity-app\\vendor\\laravel\\framework\\src\\Illuminate\\Session\\Middleware\\StartSession.php(121): Illuminate\\Pipeline\\Pipeline->Illuminate\\Pipeline\\{closure}(Object(Illuminate\\Http\\Request))
#25 C:\\Users\\HP\\Documents\\laravel\\workunity-app\\vendor\\laravel\\framework\\src\\Illuminate\\Session\\Middleware\\StartSession.php(64): Illuminate\\Session\\Middleware\\StartSession->handleStatefulRequest(Object(Illuminate\\Http\\Request), Object(Illuminate\\Session\\Store), Object(Closure))
#26 C:\\Users\\HP\\Documents\\laravel\\workunity-app\\vendor\\laravel\\framework\\src\\Illuminate\\Pipeline\\Pipeline.php(183): Illuminate\\Session\\Middleware\\StartSession->handle(Object(Illuminate\\Http\\Request), Object(Closure))
#27 C:\\Users\\HP\\Documents\\laravel\\workunity-app\\vendor\\laravel\\framework\\src\\Illuminate\\Cookie\\Middleware\\AddQueuedCookiesToResponse.php(37): Illuminate\\Pipeline\\Pipeline->Illuminate\\Pipeline\\{closure}(Object(Illuminate\\Http\\Request))
#28 C:\\Users\\HP\\Documents\\laravel\\workunity-app\\vendor\\laravel\\framework\\src\\Illuminate\\Pipeline\\Pipeline.php(183): Illuminate\\Cookie\\Middleware\\AddQueuedCookiesToResponse->handle(Object(Illuminate\\Http\\Request), Object(Closure))
#29 C:\\Users\\HP\\Documents\\laravel\\workunity-app\\vendor\\laravel\\framework\\src\\Illuminate\\Cookie\\Middleware\\EncryptCookies.php(67): Illuminate\\Pipeline\\Pipeline->Illuminate\\Pipeline\\{closure}(Object(Illuminate\\Http\\Request))
#30 C:\\Users\\HP\\Documents\\laravel\\workunity-app\\vendor\\laravel\\framework\\src\\Illuminate\\Pipeline\\Pipeline.php(183): Illuminate\\Cookie\\Middleware\\EncryptCookies->handle(Object(Illuminate\\Http\\Request), Object(Closure))
#31 C:\\Users\\HP\\Documents\\laravel\\workunity-app\\vendor\\laravel\\framework\\src\\Illuminate\\Pipeline\\Pipeline.php(119): Illuminate\\Pipeline\\Pipeline->Illuminate\\Pipeline\\{closure}(Object(Illuminate\\Http\\Request))
#32 C:\\Users\\HP\\Documents\\laravel\\workunity-app\\vendor\\laravel\\framework\\src\\Illuminate\\Routing\\Router.php(805): Illuminate\\Pipeline\\Pipeline->then(Object(Closure))
#33 C:\\Users\\HP\\Documents\\laravel\\workunity-app\\vendor\\laravel\\framework\\src\\Illuminate\\Routing\\Router.php(784): Illuminate\\Routing\\Router->runRouteWithinStack(Object(Illuminate\\Routing\\Route), Object(Illuminate\\Http\\Request))
#34 C:\\Users\\HP\\Documents\\laravel\\workunity-app\\vendor\\laravel\\framework\\src\\Illuminate\\Routing\\Router.php(748): Illuminate\\Routing\\Router->runRoute(Object(Illuminate\\Http\\Request), Object(Illuminate\\Routing\\Route))
#35 C:\\Users\\HP\\Documents\\laravel\\workunity-app\\vendor\\laravel\\framework\\src\\Illuminate\\Routing\\Router.php(737): Illuminate\\Routing\\Router->dispatchToRoute(Object(Illuminate\\Http\\Request))
#36 C:\\Users\\HP\\Documents\\laravel\\workunity-app\\vendor\\laravel\\framework\\src\\Illuminate\\Foundation\\Http\\Kernel.php(200): Illuminate\\Routing\\Router->dispatch(Object(Illuminate\\Http\\Request))
#37 C:\\Users\\HP\\Documents\\laravel\\workunity-app\\vendor\\laravel\\framework\\src\\Illuminate\\Pipeline\\Pipeline.php(144): Illuminate\\Foundation\\Http\\Kernel->Illuminate\\Foundation\\Http\\{closure}(Object(Illuminate\\Http\\Request))
#38 C:\\Users\\HP\\Documents\\laravel\\workunity-app\\vendor\\laravel\\framework\\src\\Illuminate\\Foundation\\Http\\Middleware\\TransformsRequest.php(21): Illuminate\\Pipeline\\Pipeline->Illuminate\\Pipeline\\{closure}(Object(Illuminate\\Http\\Request))
#39 C:\\Users\\HP\\Documents\\laravel\\workunity-app\\vendor\\laravel\\framework\\src\\Illuminate\\Foundation\\Http\\Middleware\\ConvertEmptyStringsToNull.php(31): Illuminate\\Foundation\\Http\\Middleware\\TransformsRequest->handle(Object(Illuminate\\Http\\Request), Object(Closure))
#40 C:\\Users\\HP\\Documents\\laravel\\workunity-app\\vendor\\laravel\\framework\\src\\Illuminate\\Pipeline\\Pipeline.php(183): Illuminate\\Foundation\\Http\\Middleware\\ConvertEmptyStringsToNull->handle(Object(Illuminate\\Http\\Request), Object(Closure))
#41 C:\\Users\\HP\\Documents\\laravel\\workunity-app\\vendor\\laravel\\framework\\src\\Illuminate\\Foundation\\Http\\Middleware\\TransformsRequest.php(21): Illuminate\\Pipeline\\Pipeline->Illuminate\\Pipeline\\{closure}(Object(Illuminate\\Http\\Request))
#42 C:\\Users\\HP\\Documents\\laravel\\workunity-app\\vendor\\laravel\\framework\\src\\Illuminate\\Foundation\\Http\\Middleware\\TrimStrings.php(40): Illuminate\\Foundation\\Http\\Middleware\\TransformsRequest->handle(Object(Illuminate\\Http\\Request), Object(Closure))
#43 C:\\Users\\HP\\Documents\\laravel\\workunity-app\\vendor\\laravel\\framework\\src\\Illuminate\\Pipeline\\Pipeline.php(183): Illuminate\\Foundation\\Http\\Middleware\\TrimStrings->handle(Object(Illuminate\\Http\\Request), Object(Closure))
#44 C:\\Users\\HP\\Documents\\laravel\\workunity-app\\vendor\\laravel\\framework\\src\\Illuminate\\Foundation\\Http\\Middleware\\ValidatePostSize.php(27): Illuminate\\Pipeline\\Pipeline->Illuminate\\Pipeline\\{closure}(Object(Illuminate\\Http\\Request))
#45 C:\\Users\\HP\\Documents\\laravel\\workunity-app\\vendor\\laravel\\framework\\src\\Illuminate\\Pipeline\\Pipeline.php(183): Illuminate\\Foundation\\Http\\Middleware\\ValidatePostSize->handle(Object(Illuminate\\Http\\Request), Object(Closure))
#46 C:\\Users\\HP\\Documents\\laravel\\workunity-app\\vendor\\laravel\\framework\\src\\Illuminate\\Foundation\\Http\\Middleware\\PreventRequestsDuringMaintenance.php(99): Illuminate\\Pipeline\\Pipeline->Illuminate\\Pipeline\\{closure}(Object(Illuminate\\Http\\Request))
#47 C:\\Users\\HP\\Documents\\laravel\\workunity-app\\vendor\\laravel\\framework\\src\\Illuminate\\Pipeline\\Pipeline.php(183): Illuminate\\Foundation\\Http\\Middleware\\PreventRequestsDuringMaintenance->handle(Object(Illuminate\\Http\\Request), Object(Closure))
#48 C:\\Users\\HP\\Documents\\laravel\\workunity-app\\vendor\\laravel\\framework\\src\\Illuminate\\Http\\Middleware\\HandleCors.php(49): Illuminate\\Pipeline\\Pipeline->Illuminate\\Pipeline\\{closure}(Object(Illuminate\\Http\\Request))
#49 C:\\Users\\HP\\Documents\\laravel\\workunity-app\\vendor\\laravel\\framework\\src\\Illuminate\\Pipeline\\Pipeline.php(183): Illuminate\\Http\\Middleware\\HandleCors->handle(Object(Illuminate\\Http\\Request), Object(Closure))
#50 C:\\Users\\HP\\Documents\\laravel\\workunity-app\\vendor\\laravel\\framework\\src\\Illuminate\\Http\\Middleware\\TrustProxies.php(39): Illuminate\\Pipeline\\Pipeline->Illuminate\\Pipeline\\{closure}(Object(Illuminate\\Http\\Request))
#51 C:\\Users\\HP\\Documents\\laravel\\workunity-app\\vendor\\laravel\\framework\\src\\Illuminate\\Pipeline\\Pipeline.php(183): Illuminate\\Http\\Middleware\\TrustProxies->handle(Object(Illuminate\\Http\\Request), Object(Closure))
#52 C:\\Users\\HP\\Documents\\laravel\\workunity-app\\vendor\\laravel\\framework\\src\\Illuminate\\Pipeline\\Pipeline.php(119): Illuminate\\Pipeline\\Pipeline->Illuminate\\Pipeline\\{closure}(Object(Illuminate\\Http\\Request))
#53 C:\\Users\\HP\\Documents\\laravel\\workunity-app\\vendor\\laravel\\framework\\src\\Illuminate\\Foundation\\Http\\Kernel.php(175): Illuminate\\Pipeline\\Pipeline->then(Object(Closure))
#54 C:\\Users\\HP\\Documents\\laravel\\workunity-app\\vendor\\laravel\\framework\\src\\Illuminate\\Foundation\\Http\\Kernel.php(144): Illuminate\\Foundation\\Http\\Kernel->sendRequestThroughRouter(Object(Illuminate\\Http\\Request))
#55 C:\\Users\\HP\\Documents\\laravel\\workunity-app\\public\\index.php(51): Illuminate\\Foundation\\Http\\Kernel->handle(Object(Illuminate\\Http\\Request))
#56 C:\\Users\\HP\\Documents\\laravel\\workunity-app\\vendor\\laravel\\framework\\src\\Illuminate\\Foundation\\resources\\server.php(16): require_once('C:\\\\Users\\\\HP\\\\Doc...')
#57 {main}
"} 
[2025-10-24 22:05:38] local.ERROR: SQLSTATE[HY000] [1049] Unknown database 'wor' (Connection: mysql, SQL: select count(*) as aggregate from `employees`) {"exception":"[object] (Illuminate\\Database\\QueryException(code: 1049): SQLSTATE[HY000] [1049] Unknown database 'wor' (Connection: mysql, SQL: select count(*) as aggregate from `employees`) at C:\\Users\\HP\\Documents\\laravel\\workunity-app\\vendor\\laravel\\framework\\src\\Illuminate\\Database\\Connection.php:829)
[stacktrace]
#0 C:\\Users\\HP\\Documents\\laravel\\workunity-app\\vendor\\laravel\\framework\\src\\Illuminate\\Database\\Connection.php(783): Illuminate\\Database\\Connection->runQueryCallback('select count(*)...', Array, Object(Closure))
#1 C:\\Users\\HP\\Documents\\laravel\\workunity-app\\vendor\\laravel\\framework\\src\\Illuminate\\Database\\Connection.php(414): Illuminate\\Database\\Connection->run('select count(*)...', Array, Object(Closure))
#2 C:\\Users\\HP\\Documents\\laravel\\workunity-app\\vendor\\laravel\\framework\\src\\Illuminate\\Database\\Query\\Builder.php(2913): Illuminate\\Database\\Connection->select('select count(*)...', Array, true)
#3 C:\\Users\\HP\\Documents\\laravel\\workunity-app\\vendor\\laravel\\framework\\src\\Illuminate\\Database\\Query\\Builder.php(2902): Illuminate\\Database\\Query\\Builder->runSelect()
#4 C:\\Users\\HP\\Documents\\laravel\\workunity-app\\vendor\\laravel\\framework\\src\\Illuminate\\Database\\Query\\Builder.php(3456): Illuminate\\Database\\Query\\Builder->Illuminate\\Database\\Query\\{closure}()
#5 C:\\Users\\HP\\Documents\\laravel\\workunity-app\\vendor\\laravel\\framework\\src\\Illuminate\\Database\\Query\\Builder.php(2901): Illuminate\\Database\\Query\\Builder->onceWithColumns(Array, Object(Closure))
#6 C:\\Users\\HP\\Documents\\laravel\\workunity-app\\vendor\\laravel\\framework\\src\\Illuminate\\Database\\Query\\Builder.php(3066): Illuminate\\Database\\Query\\Builder->get()
#7 C:\\Users\\HP\\Documents\\laravel\\workunity-app\\vendor\\laravel\\framework\\src\\Illuminate\\Database\\Query\\Builder.php(3025): Illuminate\\Database\\Query\\Builder->runPaginationCountQuery(Array)
#8 C:\\Users\\HP\\Documents\\laravel\\workunity-app\\vendor\\laravel\\framework\\src\\Illuminate\\Database\\Eloquent\\Builder.php(923): Illuminate\\Database\\Query\\Builder->getCountForPagination()
#9 C:\\Users\\HP\\Documents\\laravel\\workunity-app\\app\\Http\\Controllers\\EmployeeController.php(12): Illuminate\\Database\\Eloquent\\Builder->paginate(15)
#10 C:\\Users\\HP\\Documents\\laravel\\workunity-app\\vendor\\laravel\\framework\\src\\Illuminate\\Routing\\Controller.php(54): App\\Http\\Controllers\\EmployeeController->index()
#11 C:\\Users\\HP\\Documents\\laravel\\workunity-app\\vendor\\laravel\\framework\\src\\Illuminate\\Routing\\ControllerDispatcher.php(43): Illuminate\\Routing\\Controller->callAction('index', Array)
#12 C:\\Users\\HP\\Documents\\laravel\\workunity-app\\vendor\\laravel\\framework\\src\\Illuminate\\Routing\\Route.php(259): Illuminate\\Routing\\ControllerDispatcher->dispatch(Object(Illuminate\\Routing\\Route), Object(App\\Http\\Controllers\\EmployeeController), 'index')
#13 C:\\Users\\HP\\Documents\\laravel\\workunity-app\\vendor\\laravel\\framework\\src\\Illuminate\\Routing\\Route.php(205): Illuminate\\Routing\\Route->runController()
#14 C:\\Users\\HP\\Documents\\laravel\\workunity-app\\vendor\\laravel\\framework\\src\\Illuminate\\Routing\\Router.php(806): Illuminate\\Routing\\Route->run()
#15 C:\\Users\\HP\\Documents\\laravel\\workunity-app\\vendor\\laravel\\framework\\src\\Illuminate\\Pipeline\\Pipeline.php(144): Illuminate\\Routing\\Router->Illuminate\\Routing\\{closure}(Object(Illuminate\\Http\\Request))
#16 C:\\Users\\HP\\Documents\\laravel\\workunity-app\\vendor\\laravel\\framework\\src\\Illuminate\\Routing\\Middleware\\SubstituteBindings.php(50): Illuminate\\Pipeline\\Pipeline->Illuminate\\Pipeline\\{closure}(Object(Illuminate\\Http\\Request))
#17 C:\\Users\\HP\\Documents\\laravel\\workunity-app\\vendor\\laravel\\framework\\src\\Illuminate\\Pipeline\\Pipeline.php(183): Illuminate\\Routing\\Middleware\\SubstituteBindings->handle(Object(Illuminate\\Http\\Request), Object(Closure))
#18 C:\\Users\\HP\\Documents\\laravel\\workunity-app\\vendor\\laravel\\framework\\src\\Illuminate\\Foundation\\Http\\Middleware\\VerifyCsrfToken.php(78): Illuminate\\Pipeline\\Pipeline->Illuminate\\Pipeline\\{closure}(Object(Illuminate\\Http\\Request))
#19 C:\\Users\\HP\\Documents\\laravel\\workunity-app\\vendor\\laravel\\framework\\src\\Illuminate\\Pipeline\\Pipeline.php(183): Illuminate\\Foundation\\Http\\Middleware\\VerifyCsrfToken->handle(Object(Illuminate\\Http\\Request), Object(Closure))
#20 C:\\Users\\HP\\Documents\\laravel\\workunity-app\\vendor\\laravel\\framework\\src\\Illuminate\\View\\Middleware\\ShareErrorsFromSession.php(49): Illuminate\\Pipeline\\Pipeline->Illuminate\\Pipeline\\{closure}(Object(Illuminate\\Http\\Request))
#21 C:\\Users\\HP\\Documents\\laravel\\workunity-app\\vendor\\laravel\\framework\\src\\Illuminate\\Pipeline\\Pipeline.php(183): Illuminate\\View\\Middleware\\ShareErrorsFromSession->handle(Object(Illuminate\\Http\\Request), Object(Closure))
#22 C:\\Users\\HP\\Documents\\laravel\\workunity-app\\vendor\\laravel\\framework\\src\\Illuminate\\Session\\Middleware\\StartSession.php(121): Illuminate\\Pipeline\\Pipeline->Illuminate\\Pipeline\\{closure}(Object(Illuminate\\Http\\Request))
#23 C:\\Users\\HP\\Documents\\laravel\\workunity-app\\vendor\\laravel\\framework\\src\\Illuminate\\Session\\Middleware\\StartSession.php(64): Illuminate\\Session\\Middleware\\StartSession->handleStatefulRequest(Object(Illuminate\\Http\\Request), Object(Illuminate\\Session\\Store), Object(Closure))
#24 C:\\Users\\HP\\Documents\\laravel\\workunity-app\\vendor\\laravel\\framework\\src\\Illuminate\\Pipeline\\Pipeline.php(183): Illuminate\\Session\\Middleware\\StartSession->handle(Object(Illuminate\\Http\\Request), Object(Closure))
#25 C:\\Users\\HP\\Documents\\laravel\\workunity-app\\vendor\\laravel\\framework\\src\\Illuminate\\Cookie\\Middleware\\AddQueuedCookiesToResponse.php(37): Illuminate\\Pipeline\\Pipeline->Illuminate\\Pipeline\\{closure}(Object(Illuminate\\Http\\Request))
#26 C:\\Users\\HP\\Documents\\laravel\\workunity-app\\vendor\\laravel\\framework\\src\\Illuminate\\Pipeline\\Pipeline.php(183): Illuminate\\Cookie\\Middleware\\AddQueuedCookiesToResponse->handle(Object(Illuminate\\Http\\Request), Object(Closure))
#27 C:\\Users\\HP\\Documents\\laravel\\workunity-app\\vendor\\laravel\\framework\\src\\Illuminate\\Cookie\\Middleware\\EncryptCookies.php(67): Illuminate\\Pipeline\\Pipeline->Illuminate\\Pipeline\\{closure}(Object(Illuminate\\Http\\Request))
#28 C:\\Users\\HP\\Documents\\laravel\\workunity-app\\vendor\\laravel\\framework\\src\\Illuminate\\Pipeline\\Pipeline.php(183): Illuminate\\Cookie\\Middleware\\EncryptCookies->handle(Object(Illuminate\\Http\\Request), Object(Closure))
#29 C:\\Users\\HP\\Documents\\laravel\\workunity-app\\vendor\\laravel\\framework\\src\\Illuminate\\Pipeline\\Pipeline.php(119): Illuminate\\Pipeline\\Pipeline->Illuminate\\Pipeline\\{closure}(Object(Illuminate\\Http\\Request))
#30 C:\\Users\\HP\\Documents\\laravel\\workunity-app\\vendor\\laravel\\framework\\src\\Illuminate\\Routing\\Router.php(805): Illuminate\\Pipeline\\Pipeline->then(Object(Closure))
#31 C:\\Users\\HP\\Documents\\laravel\\workunity-app\\vendor\\laravel\\framework\\src\\Illuminate\\Routing\\Router.php(784): Illuminate\\Routing\\Router->runRouteWithinStack(Object(Illuminate\\Routing\\Route), Object(Illuminate\\Http\\Request))
#32 C:\\Users\\HP\\Documents\\laravel\\workunity-app\\vendor\\laravel\\framework\\src\\Illuminate\\Routing\\Router.php(748): Illuminate\\Routing\\Router->runRoute(Object(Illuminate\\Http\\Request), Object(Illuminate\\Routing\\Route))
#33 C:\\Users\\HP\\Documents\\laravel\\workunity-app\\vendor\\laravel\\framework\\src\\Illuminate\\Routing\\Router.php(737): Illuminate\\Routing\\Router->dispatchToRoute(Object(Illuminate\\Http\\Request))
#34 C:\\Users\\HP\\Documents\\laravel\\workunity-app\\vendor\\laravel\\framework\\src\\Illuminate\\Foundation\\Http\\Kernel.php(200): Illuminate\\Routing\\Router->dispatch(Object(Illuminate\\Http\\Request))
#35 C:\\Users\\HP\\Documents\\laravel\\workunity-app\\vendor\\laravel\\framework\\src\\Illuminate\\Pipeline\\Pipeline.php(144): Illuminate\\Foundation\\Http\\Kernel->Illuminate\\Foundation\\Http\\{closure}(Object(Illuminate\\Http\\Request))
#36 C:\\Users\\HP\\Documents\\laravel\\workunity-app\\vendor\\laravel\\framework\\src\\Illuminate\\Foundation\\Http\\Middleware\\TransformsRequest.php(21): Illuminate\\Pipeline\\Pipeline->Illuminate\\Pipeline\\{closure}(Object(Illuminate\\Http\\Request))
#37 C:\\Users\\HP\\Documents\\laravel\\workunity-app\\vendor\\laravel\\framework\\src\\Illuminate\\Foundation\\Http\\Middleware\\ConvertEmptyStringsToNull.php(31): Illuminate\\Foundation\\Http\\Middleware\\TransformsRequest->handle(Object(Illuminate\\Http\\Request), Object(Closure))
#38 C:\\Users\\HP\\Documents\\laravel\\workunity-app\\vendor\\laravel\\framework\\src\\Illuminate\\Pipeline\\Pipeline.php(183): Illuminate\\Foundation\\Http\\Middleware\\ConvertEmptyStringsToNull->handle(Object(Illuminate\\Http\\Request), Object(Closure))
#39 C:\\Users\\HP\\Documents\\laravel\\workunity-app\\vendor\\laravel\\framework\\src\\Illuminate\\Foundation\\Http\\Middleware\\TransformsRequest.php(21): Illuminate\\Pipeline\\Pipeline->Illuminate\\Pipeline\\{closure}(Object(Illuminate\\Http\\Request))
#40 C:\\Users\\HP\\Documents\\laravel\\workunity-app\\vendor\\laravel\\framework\\src\\Illuminate\\Foundation\\Http\\Middleware\\TrimStrings.php(40): Illuminate\\Foundation\\Http\\Middleware\\TransformsRequest->handle(Object(Illuminate\\Http\\Request), Object(Closure))
#41 C:\\Users\\HP\\Documents\\laravel\\workunity-app\\vendor\\laravel\\framework\\src\\Illuminate\\Pipeline\\Pipeline.php(183): Illuminate\\Foundation\\Http\\Middleware\\TrimStrings->handle(Object(Illuminate\\Http\\Request), Object(Closure))
#42 C:\\Users\\HP\\Documents\\laravel\\workunity-app\\vendor\\laravel\\framework\\src\\Illuminate\\Foundation\\Http\\Middleware\\ValidatePostSize.php(27): Illuminate\\Pipeline\\Pipeline->Illuminate\\Pipeline\\{closure}(Object(Illuminate\\Http\\Request))
#43 C:\\Users\\HP\\Documents\\laravel\\workunity-app\\vendor\\laravel\\framework\\src\\Illuminate\\Pipeline\\Pipeline.php(183): Illuminate\\Foundation\\Http\\Middleware\\ValidatePostSize->handle(Object(Illuminate\\Http\\Request), Object(Closure))
#44 C:\\Users\\HP\\Documents\\laravel\\workunity-app\\vendor\\laravel\\framework\\src\\Illuminate\\Foundation\\Http\\Middleware\\PreventRequestsDuringMaintenance.php(99): Illuminate\\Pipeline\\Pipeline->Illuminate\\Pipeline\\{closure}(Object(Illuminate\\Http\\Request))
#45 C:\\Users\\HP\\Documents\\laravel\\workunity-app\\vendor\\laravel\\framework\\src\\Illuminate\\Pipeline\\Pipeline.php(183): Illuminate\\Foundation\\Http\\Middleware\\PreventRequestsDuringMaintenance->handle(Object(Illuminate\\Http\\Request), Object(Closure))
#46 C:\\Users\\HP\\Documents\\laravel\\workunity-app\\vendor\\laravel\\framework\\src\\Illuminate\\Http\\Middleware\\HandleCors.php(49): Illuminate\\Pipeline\\Pipeline->Illuminate\\Pipeline\\{closure}(Object(Illuminate\\Http\\Request))
#47 C:\\Users\\HP\\Documents\\laravel\\workunity-app\\vendor\\laravel\\framework\\src\\Illuminate\\Pipeline\\Pipeline.php(183): Illuminate\\Http\\Middleware\\HandleCors->handle(Object(Illuminate\\Http\\Request), Object(Closure))
#48 C:\\Users\\HP\\Documents\\laravel\\workunity-app\\vendor\\laravel\\framework\\src\\Illuminate\\Http\\Middleware\\TrustProxies.php(39): Illuminate\\Pipeline\\Pipeline->Illuminate\\Pipeline\\{closure}(Object(Illuminate\\Http\\Request))
#49 C:\\Users\\HP\\Documents\\laravel\\workunity-app\\vendor\\laravel\\framework\\src\\Illuminate\\Pipeline\\Pipeline.php(183): Illuminate\\Http\\Middleware\\TrustProxies->handle(Object(Illuminate\\Http\\Request), Object(Closure))
#50 C:\\Users\\HP\\Documents\\laravel\\workunity-app\\vendor\\laravel\\framework\\src\\Illuminate\\Pipeline\\Pipeline.php(119): Illuminate\\Pipeline\\Pipeline->Illuminate\\Pipeline\\{closure}(Object(Illuminate\\Http\\Request))
#51 C:\\Users\\HP\\Documents\\laravel\\workunity-app\\vendor\\laravel\\framework\\src\\Illuminate\\Foundation\\Http\\Kernel.php(175): Illuminate\\Pipeline\\Pipeline->then(Object(Closure))
#52 C:\\Users\\HP\\Documents\\laravel\\workunity-app\\vendor\\laravel\\framework\\src\\Illuminate\\Foundation\\Http\\Kernel.php(144): Illuminate\\Foundation\\Http\\Kernel->sendRequestThroughRouter(Object(Illuminate\\Http\\Request))
#53 C:\\Users\\HP\\Documents\\laravel\\workunity-app\\public\\index.php(51): Illuminate\\Foundation\\Http\\Kernel->handle(Object(Illuminate\\Http\\Request))
#54 C:\\Users\\HP\\Documents\\laravel\\workunity-app\\vendor\\laravel\\framework\\src\\Illuminate\\Foundation\\resources\\server.php(16): require_once('C:\\\\Users\\\\HP\\\\Doc...')
#55 {main}

[previous exception] [object] (PDOException(code: 1049): SQLSTATE[HY000] [1049] Unknown database 'wor' at C:\\Users\\HP\\Documents\\laravel\\workunity-app\\vendor\\laravel\\framework\\src\\Illuminate\\Database\\Connectors\\Connector.php:65)
[stacktrace]
#0 C:\\Users\\HP\\Documents\\laravel\\workunity-app\\vendor\\laravel\\framework\\src\\Illuminate\\Database\\Connectors\\Connector.php(65): PDO->__construct('mysql:host=127....', 'root', Object(SensitiveParameterValue), Array)
#1 C:\\Users\\HP\\Documents\\laravel\\workunity-app\\vendor\\laravel\\framework\\src\\Illuminate\\Database\\Connectors\\Connector.php(44): Illuminate\\Database\\Connectors\\Connector->createPdoConnection('mysql:host=127....', 'root', '', Array)
#2 C:\\Users\\HP\\Documents\\laravel\\workunity-app\\vendor\\laravel\\framework\\src\\Illuminate\\Database\\Connectors\\MySqlConnector.php(24): Illuminate\\Database\\Connectors\\Connector->createConnection('mysql:host=127....', Array, Array)
#3 C:\\Users\\HP\\Documents\\laravel\\workunity-app\\vendor\\laravel\\framework\\src\\Illuminate\\Database\\Connectors\\ConnectionFactory.php(184): Illuminate\\Database\\Connectors\\MySqlConnector->connect(Array)
#4 [internal function]: Illuminate\\Database\\Connectors\\ConnectionFactory->Illuminate\\Database\\Connectors\\{closure}()
#5 C:\\Users\\HP\\Documents\\laravel\\workunity-app\\vendor\\laravel\\framework\\src\\Illuminate\\Database\\Connection.php(1339): call_user_func(Object(Closure))
#6 C:\\Users\\HP\\Documents\\laravel\\workunity-app\\vendor\\laravel\\framework\\src\\Illuminate\\Database\\Connection.php(1375): Illuminate\\Database\\Connection->getPdo()
#7 C:\\Users\\HP\\Documents\\laravel\\workunity-app\\vendor\\laravel\\framework\\src\\Illuminate\\Database\\Connection.php(528): Illuminate\\Database\\Connection->getReadPdo()
#8 C:\\Users\\HP\\Documents\\laravel\\workunity-app\\vendor\\laravel\\framework\\src\\Illuminate\\Database\\Connection.php(423): Illuminate\\Database\\Connection->getPdoForSelect(true)
#9 C:\\Users\\HP\\Documents\\laravel\\workunity-app\\vendor\\laravel\\framework\\src\\Illuminate\\Database\\Connection.php(816): Illuminate\\Database\\Connection->Illuminate\\Database\\{closure}('select count(*)...', Array)
#10 C:\\Users\\HP\\Documents\\laravel\\workunity-app\\vendor\\laravel\\framework\\src\\Illuminate\\Database\\Connection.php(783): Illuminate\\Database\\Connection->runQueryCallback('select count(*)...', Array, Object(Closure))
#11 C:\\Users\\HP\\Documents\\laravel\\workunity-app\\vendor\\laravel\\framework\\src\\Illuminate\\Database\\Connection.php(414): Illuminate\\Database\\Connection->run('select count(*)...', Array, Object(Closure))
#12 C:\\Users\\HP\\Documents\\laravel\\workunity-app\\vendor\\laravel\\framework\\src\\Illuminate\\Database\\Query\\Builder.php(2913): Illuminate\\Database\\Connection->select('select count(*)...', Array, true)
#13 C:\\Users\\HP\\Documents\\laravel\\workunity-app\\vendor\\laravel\\framework\\src\\Illuminate\\Database\\Query\\Builder.php(2902): Illuminate\\Database\\Query\\Builder->runSelect()
#14 C:\\Users\\HP\\Documents\\laravel\\workunity-app\\vendor\\laravel\\framework\\src\\Illuminate\\Database\\Query\\Builder.php(3456): Illuminate\\Database\\Query\\Builder->Illuminate\\Database\\Query\\{closure}()
#15 C:\\Users\\HP\\Documents\\laravel\\workunity-app\\vendor\\laravel\\framework\\src\\Illuminate\\Database\\Query\\Builder.php(2901): Illuminate\\Database\\Query\\Builder->onceWithColumns(Array, Object(Closure))
#16 C:\\Users\\HP\\Documents\\laravel\\workunity-app\\vendor\\laravel\\framework\\src\\Illuminate\\Database\\Query\\Builder.php(3066): Illuminate\\Database\\Query\\Builder->get()
#17 C:\\Users\\HP\\Documents\\laravel\\workunity-app\\vendor\\laravel\\framework\\src\\Illuminate\\Database\\Query\\Builder.php(3025): Illuminate\\Database\\Query\\Builder->runPaginationCountQuery(Array)
#18 C:\\Users\\HP\\Documents\\laravel\\workunity-app\\vendor\\laravel\\framework\\src\\Illuminate\\Database\\Eloquent\\Builder.php(923): Illuminate\\Database\\Query\\Builder->getCountForPagination()
#19 C:\\Users\\HP\\Documents\\laravel\\workunity-app\\app\\Http\\Controllers\\EmployeeController.php(12): Illuminate\\Database\\Eloquent\\Builder->paginate(15)
#20 C:\\Users\\HP\\Documents\\laravel\\workunity-app\\vendor\\laravel\\framework\\src\\Illuminate\\Routing\\Controller.php(54): App\\Http\\Controllers\\EmployeeController->index()
#21 C:\\Users\\HP\\Documents\\laravel\\workunity-app\\vendor\\laravel\\framework\\src\\Illuminate\\Routing\\ControllerDispatcher.php(43): Illuminate\\Routing\\Controller->callAction('index', Array)
#22 C:\\Users\\HP\\Documents\\laravel\\workunity-app\\vendor\\laravel\\framework\\src\\Illuminate\\Routing\\Route.php(259): Illuminate\\Routing\\ControllerDispatcher->dispatch(Object(Illuminate\\Routing\\Route), Object(App\\Http\\Controllers\\EmployeeController), 'index')
#23 C:\\Users\\HP\\Documents\\laravel\\workunity-app\\vendor\\laravel\\framework\\src\\Illuminate\\Routing\\Route.php(205): Illuminate\\Routing\\Route->runController()
#24 C:\\Users\\HP\\Documents\\laravel\\workunity-app\\vendor\\laravel\\framework\\src\\Illuminate\\Routing\\Router.php(806): Illuminate\\Routing\\Route->run()
#25 C:\\Users\\HP\\Documents\\laravel\\workunity-app\\vendor\\laravel\\framework\\src\\Illuminate\\Pipeline\\Pipeline.php(144): Illuminate\\Routing\\Router->Illuminate\\Routing\\{closure}(Object(Illuminate\\Http\\Request))
#26 C:\\Users\\HP\\Documents\\laravel\\workunity-app\\vendor\\laravel\\framework\\src\\Illuminate\\Routing\\Middleware\\SubstituteBindings.php(50): Illuminate\\Pipeline\\Pipeline->Illuminate\\Pipeline\\{closure}(Object(Illuminate\\Http\\Request))
#27 C:\\Users\\HP\\Documents\\laravel\\workunity-app\\vendor\\laravel\\framework\\src\\Illuminate\\Pipeline\\Pipeline.php(183): Illuminate\\Routing\\Middleware\\SubstituteBindings->handle(Object(Illuminate\\Http\\Request), Object(Closure))
#28 C:\\Users\\HP\\Documents\\laravel\\workunity-app\\vendor\\laravel\\framework\\src\\Illuminate\\Foundation\\Http\\Middleware\\VerifyCsrfToken.php(78): Illuminate\\Pipeline\\Pipeline->Illuminate\\Pipeline\\{closure}(Object(Illuminate\\Http\\Request))
#29 C:\\Users\\HP\\Documents\\laravel\\workunity-app\\vendor\\laravel\\framework\\src\\Illuminate\\Pipeline\\Pipeline.php(183): Illuminate\\Foundation\\Http\\Middleware\\VerifyCsrfToken->handle(Object(Illuminate\\Http\\Request), Object(Closure))
#30 C:\\Users\\HP\\Documents\\laravel\\workunity-app\\vendor\\laravel\\framework\\src\\Illuminate\\View\\Middleware\\ShareErrorsFromSession.php(49): Illuminate\\Pipeline\\Pipeline->Illuminate\\Pipeline\\{closure}(Object(Illuminate\\Http\\Request))
#31 C:\\Users\\HP\\Documents\\laravel\\workunity-app\\vendor\\laravel\\framework\\src\\Illuminate\\Pipeline\\Pipeline.php(183): Illuminate\\View\\Middleware\\ShareErrorsFromSession->handle(Object(Illuminate\\Http\\Request), Object(Closure))
#32 C:\\Users\\HP\\Documents\\laravel\\workunity-app\\vendor\\laravel\\framework\\src\\Illuminate\\Session\\Middleware\\StartSession.php(121): Illuminate\\Pipeline\\Pipeline->Illuminate\\Pipeline\\{closure}(Object(Illuminate\\Http\\Request))
#33 C:\\Users\\HP\\Documents\\laravel\\workunity-app\\vendor\\laravel\\framework\\src\\Illuminate\\Session\\Middleware\\StartSession.php(64): Illuminate\\Session\\Middleware\\StartSession->handleStatefulRequest(Object(Illuminate\\Http\\Request), Object(Illuminate\\Session\\Store), Object(Closure))
#34 C:\\Users\\HP\\Documents\\laravel\\workunity-app\\vendor\\laravel\\framework\\src\\Illuminate\\Pipeline\\Pipeline.php(183): Illuminate\\Session\\Middleware\\StartSession->handle(Object(Illuminate\\Http\\Request), Object(Closure))
#35 C:\\Users\\HP\\Documents\\laravel\\workunity-app\\vendor\\laravel\\framework\\src\\Illuminate\\Cookie\\Middleware\\AddQueuedCookiesToResponse.php(37): Illuminate\\Pipeline\\Pipeline->Illuminate\\Pipeline\\{closure}(Object(Illuminate\\Http\\Request))
#36 C:\\Users\\HP\\Documents\\laravel\\workunity-app\\vendor\\laravel\\framework\\src\\Illuminate\\Pipeline\\Pipeline.php(183): Illuminate\\Cookie\\Middleware\\AddQueuedCookiesToResponse->handle(Object(Illuminate\\Http\\Request), Object(Closure))
#37 C:\\Users\\HP\\Documents\\laravel\\workunity-app\\vendor\\laravel\\framework\\src\\Illuminate\\Cookie\\Middleware\\EncryptCookies.php(67): Illuminate\\Pipeline\\Pipeline->Illuminate\\Pipeline\\{closure}(Object(Illuminate\\Http\\Request))
#38 C:\\Users\\HP\\Documents\\laravel\\workunity-app\\vendor\\laravel\\framework\\src\\Illuminate\\Pipeline\\Pipeline.php(183): Illuminate\\Cookie\\Middleware\\EncryptCookies->handle(Object(Illuminate\\Http\\Request), Object(Closure))
#39 C:\\Users\\HP\\Documents\\laravel\\workunity-app\\vendor\\laravel\\framework\\src\\Illuminate\\Pipeline\\Pipeline.php(119): Illuminate\\Pipeline\\Pipeline->Illuminate\\Pipeline\\{closure}(Object(Illuminate\\Http\\Request))
#40 C:\\Users\\HP\\Documents\\laravel\\workunity-app\\vendor\\laravel\\framework\\src\\Illuminate\\Routing\\Router.php(805): Illuminate\\Pipeline\\Pipeline->then(Object(Closure))
#41 C:\\Users\\HP\\Documents\\laravel\\workunity-app\\vendor\\laravel\\framework\\src\\Illuminate\\Routing\\Router.php(784): Illuminate\\Routing\\Router->runRouteWithinStack(Object(Illuminate\\Routing\\Route), Object(Illuminate\\Http\\Request))
#42 C:\\Users\\HP\\Documents\\laravel\\workunity-app\\vendor\\laravel\\framework\\src\\Illuminate\\Routing\\Router.php(748): Illuminate\\Routing\\Router->runRoute(Object(Illuminate\\Http\\Request), Object(Illuminate\\Routing\\Route))
#43 C:\\Users\\HP\\Documents\\laravel\\workunity-app\\vendor\\laravel\\framework\\src\\Illuminate\\Routing\\Router.php(737): Illuminate\\Routing\\Router->dispatchToRoute(Object(Illuminate\\Http\\Request))
#44 C:\\Users\\HP\\Documents\\laravel\\workunity-app\\vendor\\laravel\\framework\\src\\Illuminate\\Foundation\\Http\\Kernel.php(200): Illuminate\\Routing\\Router->dispatch(Object(Illuminate\\Http\\Request))
#45 C:\\Users\\HP\\Documents\\laravel\\workunity-app\\vendor\\laravel\\framework\\src\\Illuminate\\Pipeline\\Pipeline.php(144): Illuminate\\Foundation\\Http\\Kernel->Illuminate\\Foundation\\Http\\{closure}(Object(Illuminate\\Http\\Request))
#46 C:\\Users\\HP\\Documents\\laravel\\workunity-app\\vendor\\laravel\\framework\\src\\Illuminate\\Foundation\\Http\\Middleware\\TransformsRequest.php(21): Illuminate\\Pipeline\\Pipeline->Illuminate\\Pipeline\\{closure}(Object(Illuminate\\Http\\Request))
#47 C:\\Users\\HP\\Documents\\laravel\\workunity-app\\vendor\\laravel\\framework\\src\\Illuminate\\Foundation\\Http\\Middleware\\ConvertEmptyStringsToNull.php(31): Illuminate\\Foundation\\Http\\Middleware\\TransformsRequest->handle(Object(Illuminate\\Http\\Request), Object(Closure))
#48 C:\\Users\\HP\\Documents\\laravel\\workunity-app\\vendor\\laravel\\framework\\src\\Illuminate\\Pipeline\\Pipeline.php(183): Illuminate\\Foundation\\Http\\Middleware\\ConvertEmptyStringsToNull->handle(Object(Illuminate\\Http\\Request), Object(Closure))
#49 C:\\Users\\HP\\Documents\\laravel\\workunity-app\\vendor\\laravel\\framework\\src\\Illuminate\\Foundation\\Http\\Middleware\\TransformsRequest.php(21): Illuminate\\Pipeline\\Pipeline->Illuminate\\Pipeline\\{closure}(Object(Illuminate\\Http\\Request))
#50 C:\\Users\\HP\\Documents\\laravel\\workunity-app\\vendor\\laravel\\framework\\src\\Illuminate\\Foundation\\Http\\Middleware\\TrimStrings.php(40): Illuminate\\Foundation\\Http\\Middleware\\TransformsRequest->handle(Object(Illuminate\\Http\\Request), Object(Closure))
#51 C:\\Users\\HP\\Documents\\laravel\\workunity-app\\vendor\\laravel\\framework\\src\\Illuminate\\Pipeline\\Pipeline.php(183): Illuminate\\Foundation\\Http\\Middleware\\TrimStrings->handle(Object(Illuminate\\Http\\Request), Object(Closure))
#52 C:\\Users\\HP\\Documents\\laravel\\workunity-app\\vendor\\laravel\\framework\\src\\Illuminate\\Foundation\\Http\\Middleware\\ValidatePostSize.php(27): Illuminate\\Pipeline\\Pipeline->Illuminate\\Pipeline\\{closure}(Object(Illuminate\\Http\\Request))
#53 C:\\Users\\HP\\Documents\\laravel\\workunity-app\\vendor\\laravel\\framework\\src\\Illuminate\\Pipeline\\Pipeline.php(183): Illuminate\\Foundation\\Http\\Middleware\\ValidatePostSize->handle(Object(Illuminate\\Http\\Request), Object(Closure))
#54 C:\\Users\\HP\\Documents\\laravel\\workunity-app\\vendor\\laravel\\framework\\src\\Illuminate\\Foundation\\Http\\Middleware\\PreventRequestsDuringMaintenance.php(99): Illuminate\\Pipeline\\Pipeline->Illuminate\\Pipeline\\{closure}(Object(Illuminate\\Http\\Request))
#55 C:\\Users\\HP\\Documents\\laravel\\workunity-app\\vendor\\laravel\\framework\\src\\Illuminate\\Pipeline\\Pipeline.php(183): Illuminate\\Foundation\\Http\\Middleware\\PreventRequestsDuringMaintenance->handle(Object(Illuminate\\Http\\Request), Object(Closure))
#56 C:\\Users\\HP\\Documents\\laravel\\workunity-app\\vendor\\laravel\\framework\\src\\Illuminate\\Http\\Middleware\\HandleCors.php(49): Illuminate\\Pipeline\\Pipeline->Illuminate\\Pipeline\\{closure}(Object(Illuminate\\Http\\Request))
#57 C:\\Users\\HP\\Documents\\laravel\\workunity-app\\vendor\\laravel\\framework\\src\\Illuminate\\Pipeline\\Pipeline.php(183): Illuminate\\Http\\Middleware\\HandleCors->handle(Object(Illuminate\\Http\\Request), Object(Closure))
#58 C:\\Users\\HP\\Documents\\laravel\\workunity-app\\vendor\\laravel\\framework\\src\\Illuminate\\Http\\Middleware\\TrustProxies.php(39): Illuminate\\Pipeline\\Pipeline->Illuminate\\Pipeline\\{closure}(Object(Illuminate\\Http\\Request))
#59 C:\\Users\\HP\\Documents\\laravel\\workunity-app\\vendor\\laravel\\framework\\src\\Illuminate\\Pipeline\\Pipeline.php(183): Illuminate\\Http\\Middleware\\TrustProxies->handle(Object(Illuminate\\Http\\Request), Object(Closure))
#60 C:\\Users\\HP\\Documents\\laravel\\workunity-app\\vendor\\laravel\\framework\\src\\Illuminate\\Pipeline\\Pipeline.php(119): Illuminate\\Pipeline\\Pipeline->Illuminate\\Pipeline\\{closure}(Object(Illuminate\\Http\\Request))
#61 C:\\Users\\HP\\Documents\\laravel\\workunity-app\\vendor\\laravel\\framework\\src\\Illuminate\\Foundation\\Http\\Kernel.php(175): Illuminate\\Pipeline\\Pipeline->then(Object(Closure))
#62 C:\\Users\\HP\\Documents\\laravel\\workunity-app\\vendor\\laravel\\framework\\src\\Illuminate\\Foundation\\Http\\Kernel.php(144): Illuminate\\Foundation\\Http\\Kernel->sendRequestThroughRouter(Object(Illuminate\\Http\\Request))
#63 C:\\Users\\HP\\Documents\\laravel\\workunity-app\\public\\index.php(51): Illuminate\\Foundation\\Http\\Kernel->handle(Object(Illuminate\\Http\\Request))
#64 C:\\Users\\HP\\Documents\\laravel\\workunity-app\\vendor\\laravel\\framework\\src\\Illuminate\\Foundation\\resources\\server.php(16): require_once('C:\\\\Users\\\\HP\\\\Doc...')
#65 {main}
"} 
[2025-10-24 22:05:45] local.ERROR: SQLSTATE[HY000] [1049] Unknown database 'workunity_' (Connection: mysql, SQL: select count(*) as aggregate from `employees`) {"exception":"[object] (Illuminate\\Database\\QueryException(code: 1049): SQLSTATE[HY000] [1049] Unknown database 'workunity_' (Connection: mysql, SQL: select count(*) as aggregate from `employees`) at C:\\Users\\HP\\Documents\\laravel\\workunity-app\\vendor\\laravel\\framework\\src\\Illuminate\\Database\\Connection.php:829)
[stacktrace]
#0 C:\\Users\\HP\\Documents\\laravel\\workunity-app\\vendor\\laravel\\framework\\src\\Illuminate\\Database\\Connection.php(783): Illuminate\\Database\\Connection->runQueryCallback('select count(*)...', Array, Object(Closure))
#1 C:\\Users\\HP\\Documents\\laravel\\workunity-app\\vendor\\laravel\\framework\\src\\Illuminate\\Database\\Connection.php(414): Illuminate\\Database\\Connection->run('select count(*)...', Array, Object(Closure))
#2 C:\\Users\\HP\\Documents\\laravel\\workunity-app\\vendor\\laravel\\framework\\src\\Illuminate\\Database\\Query\\Builder.php(2913): Illuminate\\Database\\Connection->select('select count(*)...', Array, true)
#3 C:\\Users\\HP\\Documents\\laravel\\workunity-app\\vendor\\laravel\\framework\\src\\Illuminate\\Database\\Query\\Builder.php(2902): Illuminate\\Database\\Query\\Builder->runSelect()
#4 C:\\Users\\HP\\Documents\\laravel\\workunity-app\\vendor\\laravel\\framework\\src\\Illuminate\\Database\\Query\\Builder.php(3456): Illuminate\\Database\\Query\\Builder->Illuminate\\Database\\Query\\{closure}()
#5 C:\\Users\\HP\\Documents\\laravel\\workunity-app\\vendor\\laravel\\framework\\src\\Illuminate\\Database\\Query\\Builder.php(2901): Illuminate\\Database\\Query\\Builder->onceWithColumns(Array, Object(Closure))
#6 C:\\Users\\HP\\Documents\\laravel\\workunity-app\\vendor\\laravel\\framework\\src\\Illuminate\\Database\\Query\\Builder.php(3066): Illuminate\\Database\\Query\\Builder->get()
#7 C:\\Users\\HP\\Documents\\laravel\\workunity-app\\vendor\\laravel\\framework\\src\\Illuminate\\Database\\Query\\Builder.php(3025): Illuminate\\Database\\Query\\Builder->runPaginationCountQuery(Array)
#8 C:\\Users\\HP\\Documents\\laravel\\workunity-app\\vendor\\laravel\\framework\\src\\Illuminate\\Database\\Eloquent\\Builder.php(923): Illuminate\\Database\\Query\\Builder->getCountForPagination()
#9 C:\\Users\\HP\\Documents\\laravel\\workunity-app\\app\\Http\\Controllers\\EmployeeController.php(12): Illuminate\\Database\\Eloquent\\Builder->paginate(15)
#10 C:\\Users\\HP\\Documents\\laravel\\workunity-app\\vendor\\laravel\\framework\\src\\Illuminate\\Routing\\Controller.php(54): App\\Http\\Controllers\\EmployeeController->index()
#11 C:\\Users\\HP\\Documents\\laravel\\workunity-app\\vendor\\laravel\\framework\\src\\Illuminate\\Routing\\ControllerDispatcher.php(43): Illuminate\\Routing\\Controller->callAction('index', Array)
#12 C:\\Users\\HP\\Documents\\laravel\\workunity-app\\vendor\\laravel\\framework\\src\\Illuminate\\Routing\\Route.php(259): Illuminate\\Routing\\ControllerDispatcher->dispatch(Object(Illuminate\\Routing\\Route), Object(App\\Http\\Controllers\\EmployeeController), 'index')
#13 C:\\Users\\HP\\Documents\\laravel\\workunity-app\\vendor\\laravel\\framework\\src\\Illuminate\\Routing\\Route.php(205): Illuminate\\Routing\\Route->runController()
#14 C:\\Users\\HP\\Documents\\laravel\\workunity-app\\vendor\\laravel\\framework\\src\\Illuminate\\Routing\\Router.php(806): Illuminate\\Routing\\Route->run()
#15 C:\\Users\\HP\\Documents\\laravel\\workunity-app\\vendor\\laravel\\framework\\src\\Illuminate\\Pipeline\\Pipeline.php(144): Illuminate\\Routing\\Router->Illuminate\\Routing\\{closure}(Object(Illuminate\\Http\\Request))
#16 C:\\Users\\HP\\Documents\\laravel\\workunity-app\\vendor\\laravel\\framework\\src\\Illuminate\\Routing\\Middleware\\SubstituteBindings.php(50): Illuminate\\Pipeline\\Pipeline->Illuminate\\Pipeline\\{closure}(Object(Illuminate\\Http\\Request))
#17 C:\\Users\\HP\\Documents\\laravel\\workunity-app\\vendor\\laravel\\framework\\src\\Illuminate\\Pipeline\\Pipeline.php(183): Illuminate\\Routing\\Middleware\\SubstituteBindings->handle(Object(Illuminate\\Http\\Request), Object(Closure))
#18 C:\\Users\\HP\\Documents\\laravel\\workunity-app\\vendor\\laravel\\framework\\src\\Illuminate\\Foundation\\Http\\Middleware\\VerifyCsrfToken.php(78): Illuminate\\Pipeline\\Pipeline->Illuminate\\Pipeline\\{closure}(Object(Illuminate\\Http\\Request))
#19 C:\\Users\\HP\\Documents\\laravel\\workunity-app\\vendor\\laravel\\framework\\src\\Illuminate\\Pipeline\\Pipeline.php(183): Illuminate\\Foundation\\Http\\Middleware\\VerifyCsrfToken->handle(Object(Illuminate\\Http\\Request), Object(Closure))
#20 C:\\Users\\HP\\Documents\\laravel\\workunity-app\\vendor\\laravel\\framework\\src\\Illuminate\\View\\Middleware\\ShareErrorsFromSession.php(49): Illuminate\\Pipeline\\Pipeline->Illuminate\\Pipeline\\{closure}(Object(Illuminate\\Http\\Request))
#21 C:\\Users\\HP\\Documents\\laravel\\workunity-app\\vendor\\laravel\\framework\\src\\Illuminate\\Pipeline\\Pipeline.php(183): Illuminate\\View\\Middleware\\ShareErrorsFromSession->handle(Object(Illuminate\\Http\\Request), Object(Closure))
#22 C:\\Users\\HP\\Documents\\laravel\\workunity-app\\vendor\\laravel\\framework\\src\\Illuminate\\Session\\Middleware\\StartSession.php(121): Illuminate\\Pipeline\\Pipeline->Illuminate\\Pipeline\\{closure}(Object(Illuminate\\Http\\Request))
#23 C:\\Users\\HP\\Documents\\laravel\\workunity-app\\vendor\\laravel\\framework\\src\\Illuminate\\Session\\Middleware\\StartSession.php(64): Illuminate\\Session\\Middleware\\StartSession->handleStatefulRequest(Object(Illuminate\\Http\\Request), Object(Illuminate\\Session\\Store), Object(Closure))
#24 C:\\Users\\HP\\Documents\\laravel\\workunity-app\\vendor\\laravel\\framework\\src\\Illuminate\\Pipeline\\Pipeline.php(183): Illuminate\\Session\\Middleware\\StartSession->handle(Object(Illuminate\\Http\\Request), Object(Closure))
#25 C:\\Users\\HP\\Documents\\laravel\\workunity-app\\vendor\\laravel\\framework\\src\\Illuminate\\Cookie\\Middleware\\AddQueuedCookiesToResponse.php(37): Illuminate\\Pipeline\\Pipeline->Illuminate\\Pipeline\\{closure}(Object(Illuminate\\Http\\Request))
#26 C:\\Users\\HP\\Documents\\laravel\\workunity-app\\vendor\\laravel\\framework\\src\\Illuminate\\Pipeline\\Pipeline.php(183): Illuminate\\Cookie\\Middleware\\AddQueuedCookiesToResponse->handle(Object(Illuminate\\Http\\Request), Object(Closure))
#27 C:\\Users\\HP\\Documents\\laravel\\workunity-app\\vendor\\laravel\\framework\\src\\Illuminate\\Cookie\\Middleware\\EncryptCookies.php(67): Illuminate\\Pipeline\\Pipeline->Illuminate\\Pipeline\\{closure}(Object(Illuminate\\Http\\Request))
#28 C:\\Users\\HP\\Documents\\laravel\\workunity-app\\vendor\\laravel\\framework\\src\\Illuminate\\Pipeline\\Pipeline.php(183): Illuminate\\Cookie\\Middleware\\EncryptCookies->handle(Object(Illuminate\\Http\\Request), Object(Closure))
#29 C:\\Users\\HP\\Documents\\laravel\\workunity-app\\vendor\\laravel\\framework\\src\\Illuminate\\Pipeline\\Pipeline.php(119): Illuminate\\Pipeline\\Pipeline->Illuminate\\Pipeline\\{closure}(Object(Illuminate\\Http\\Request))
#30 C:\\Users\\HP\\Documents\\laravel\\workunity-app\\vendor\\laravel\\framework\\src\\Illuminate\\Routing\\Router.php(805): Illuminate\\Pipeline\\Pipeline->then(Object(Closure))
#31 C:\\Users\\HP\\Documents\\laravel\\workunity-app\\vendor\\laravel\\framework\\src\\Illuminate\\Routing\\Router.php(784): Illuminate\\Routing\\Router->runRouteWithinStack(Object(Illuminate\\Routing\\Route), Object(Illuminate\\Http\\Request))
#32 C:\\Users\\HP\\Documents\\laravel\\workunity-app\\vendor\\laravel\\framework\\src\\Illuminate\\Routing\\Router.php(748): Illuminate\\Routing\\Router->runRoute(Object(Illuminate\\Http\\Request), Object(Illuminate\\Routing\\Route))
#33 C:\\Users\\HP\\Documents\\laravel\\workunity-app\\vendor\\laravel\\framework\\src\\Illuminate\\Routing\\Router.php(737): Illuminate\\Routing\\Router->dispatchToRoute(Object(Illuminate\\Http\\Request))
#34 C:\\Users\\HP\\Documents\\laravel\\workunity-app\\vendor\\laravel\\framework\\src\\Illuminate\\Foundation\\Http\\Kernel.php(200): Illuminate\\Routing\\Router->dispatch(Object(Illuminate\\Http\\Request))
#35 C:\\Users\\HP\\Documents\\laravel\\workunity-app\\vendor\\laravel\\framework\\src\\Illuminate\\Pipeline\\Pipeline.php(144): Illuminate\\Foundation\\Http\\Kernel->Illuminate\\Foundation\\Http\\{closure}(Object(Illuminate\\Http\\Request))
#36 C:\\Users\\HP\\Documents\\laravel\\workunity-app\\vendor\\laravel\\framework\\src\\Illuminate\\Foundation\\Http\\Middleware\\TransformsRequest.php(21): Illuminate\\Pipeline\\Pipeline->Illuminate\\Pipeline\\{closure}(Object(Illuminate\\Http\\Request))
#37 C:\\Users\\HP\\Documents\\laravel\\workunity-app\\vendor\\laravel\\framework\\src\\Illuminate\\Foundation\\Http\\Middleware\\ConvertEmptyStringsToNull.php(31): Illuminate\\Foundation\\Http\\Middleware\\TransformsRequest->handle(Object(Illuminate\\Http\\Request), Object(Closure))
#38 C:\\Users\\HP\\Documents\\laravel\\workunity-app\\vendor\\laravel\\framework\\src\\Illuminate\\Pipeline\\Pipeline.php(183): Illuminate\\Foundation\\Http\\Middleware\\ConvertEmptyStringsToNull->handle(Object(Illuminate\\Http\\Request), Object(Closure))
#39 C:\\Users\\HP\\Documents\\laravel\\workunity-app\\vendor\\laravel\\framework\\src\\Illuminate\\Foundation\\Http\\Middleware\\TransformsRequest.php(21): Illuminate\\Pipeline\\Pipeline->Illuminate\\Pipeline\\{closure}(Object(Illuminate\\Http\\Request))
#40 C:\\Users\\HP\\Documents\\laravel\\workunity-app\\vendor\\laravel\\framework\\src\\Illuminate\\Foundation\\Http\\Middleware\\TrimStrings.php(40): Illuminate\\Foundation\\Http\\Middleware\\TransformsRequest->handle(Object(Illuminate\\Http\\Request), Object(Closure))
#41 C:\\Users\\HP\\Documents\\laravel\\workunity-app\\vendor\\laravel\\framework\\src\\Illuminate\\Pipeline\\Pipeline.php(183): Illuminate\\Foundation\\Http\\Middleware\\TrimStrings->handle(Object(Illuminate\\Http\\Request), Object(Closure))
#42 C:\\Users\\HP\\Documents\\laravel\\workunity-app\\vendor\\laravel\\framework\\src\\Illuminate\\Foundation\\Http\\Middleware\\ValidatePostSize.php(27): Illuminate\\Pipeline\\Pipeline->Illuminate\\Pipeline\\{closure}(Object(Illuminate\\Http\\Request))
#43 C:\\Users\\HP\\Documents\\laravel\\workunity-app\\vendor\\laravel\\framework\\src\\Illuminate\\Pipeline\\Pipeline.php(183): Illuminate\\Foundation\\Http\\Middleware\\ValidatePostSize->handle(Object(Illuminate\\Http\\Request), Object(Closure))
#44 C:\\Users\\HP\\Documents\\laravel\\workunity-app\\vendor\\laravel\\framework\\src\\Illuminate\\Foundation\\Http\\Middleware\\PreventRequestsDuringMaintenance.php(99): Illuminate\\Pipeline\\Pipeline->Illuminate\\Pipeline\\{closure}(Object(Illuminate\\Http\\Request))
#45 C:\\Users\\HP\\Documents\\laravel\\workunity-app\\vendor\\laravel\\framework\\src\\Illuminate\\Pipeline\\Pipeline.php(183): Illuminate\\Foundation\\Http\\Middleware\\PreventRequestsDuringMaintenance->handle(Object(Illuminate\\Http\\Request), Object(Closure))
#46 C:\\Users\\HP\\Documents\\laravel\\workunity-app\\vendor\\laravel\\framework\\src\\Illuminate\\Http\\Middleware\\HandleCors.php(49): Illuminate\\Pipeline\\Pipeline->Illuminate\\Pipeline\\{closure}(Object(Illuminate\\Http\\Request))
#47 C:\\Users\\HP\\Documents\\laravel\\workunity-app\\vendor\\laravel\\framework\\src\\Illuminate\\Pipeline\\Pipeline.php(183): Illuminate\\Http\\Middleware\\HandleCors->handle(Object(Illuminate\\Http\\Request), Object(Closure))
#48 C:\\Users\\HP\\Documents\\laravel\\workunity-app\\vendor\\laravel\\framework\\src\\Illuminate\\Http\\Middleware\\TrustProxies.php(39): Illuminate\\Pipeline\\Pipeline->Illuminate\\Pipeline\\{closure}(Object(Illuminate\\Http\\Request))
#49 C:\\Users\\HP\\Documents\\laravel\\workunity-app\\vendor\\laravel\\framework\\src\\Illuminate\\Pipeline\\Pipeline.php(183): Illuminate\\Http\\Middleware\\TrustProxies->handle(Object(Illuminate\\Http\\Request), Object(Closure))
#50 C:\\Users\\HP\\Documents\\laravel\\workunity-app\\vendor\\laravel\\framework\\src\\Illuminate\\Pipeline\\Pipeline.php(119): Illuminate\\Pipeline\\Pipeline->Illuminate\\Pipeline\\{closure}(Object(Illuminate\\Http\\Request))
#51 C:\\Users\\HP\\Documents\\laravel\\workunity-app\\vendor\\laravel\\framework\\src\\Illuminate\\Foundation\\Http\\Kernel.php(175): Illuminate\\Pipeline\\Pipeline->then(Object(Closure))
#52 C:\\Users\\HP\\Documents\\laravel\\workunity-app\\vendor\\laravel\\framework\\src\\Illuminate\\Foundation\\Http\\Kernel.php(144): Illuminate\\Foundation\\Http\\Kernel->sendRequestThroughRouter(Object(Illuminate\\Http\\Request))
#53 C:\\Users\\HP\\Documents\\laravel\\workunity-app\\public\\index.php(51): Illuminate\\Foundation\\Http\\Kernel->handle(Object(Illuminate\\Http\\Request))
#54 C:\\Users\\HP\\Documents\\laravel\\workunity-app\\vendor\\laravel\\framework\\src\\Illuminate\\Foundation\\resources\\server.php(16): require_once('C:\\\\Users\\\\HP\\\\Doc...')
#55 {main}

[previous exception] [object] (PDOException(code: 1049): SQLSTATE[HY000] [1049] Unknown database 'workunity_' at C:\\Users\\HP\\Documents\\laravel\\workunity-app\\vendor\\laravel\\framework\\src\\Illuminate\\Database\\Connectors\\Connector.php:65)
[stacktrace]
#0 C:\\Users\\HP\\Documents\\laravel\\workunity-app\\vendor\\laravel\\framework\\src\\Illuminate\\Database\\Connectors\\Connector.php(65): PDO->__construct('mysql:host=127....', 'root', Object(SensitiveParameterValue), Array)
#1 C:\\Users\\HP\\Documents\\laravel\\workunity-app\\vendor\\laravel\\framework\\src\\Illuminate\\Database\\Connectors\\Connector.php(44): Illuminate\\Database\\Connectors\\Connector->createPdoConnection('mysql:host=127....', 'root', '', Array)
#2 C:\\Users\\HP\\Documents\\laravel\\workunity-app\\vendor\\laravel\\framework\\src\\Illuminate\\Database\\Connectors\\MySqlConnector.php(24): Illuminate\\Database\\Connectors\\Connector->createConnection('mysql:host=127....', Array, Array)
#3 C:\\Users\\HP\\Documents\\laravel\\workunity-app\\vendor\\laravel\\framework\\src\\Illuminate\\Database\\Connectors\\ConnectionFactory.php(184): Illuminate\\Database\\Connectors\\MySqlConnector->connect(Array)
#4 [internal function]: Illuminate\\Database\\Connectors\\ConnectionFactory->Illuminate\\Database\\Connectors\\{closure}()
#5 C:\\Users\\HP\\Documents\\laravel\\workunity-app\\vendor\\laravel\\framework\\src\\Illuminate\\Database\\Connection.php(1339): call_user_func(Object(Closure))
#6 C:\\Users\\HP\\Documents\\laravel\\workunity-app\\vendor\\laravel\\framework\\src\\Illuminate\\Database\\Connection.php(1375): Illuminate\\Database\\Connection->getPdo()
#7 C:\\Users\\HP\\Documents\\laravel\\workunity-app\\vendor\\laravel\\framework\\src\\Illuminate\\Database\\Connection.php(528): Illuminate\\Database\\Connection->getReadPdo()
#8 C:\\Users\\HP\\Documents\\laravel\\workunity-app\\vendor\\laravel\\framework\\src\\Illuminate\\Database\\Connection.php(423): Illuminate\\Database\\Connection->getPdoForSelect(true)
#9 C:\\Users\\HP\\Documents\\laravel\\workunity-app\\vendor\\laravel\\framework\\src\\Illuminate\\Database\\Connection.php(816): Illuminate\\Database\\Connection->Illuminate\\Database\\{closure}('select count(*)...', Array)
#10 C:\\Users\\HP\\Documents\\laravel\\workunity-app\\vendor\\laravel\\framework\\src\\Illuminate\\Database\\Connection.php(783): Illuminate\\Database\\Connection->runQueryCallback('select count(*)...', Array, Object(Closure))
#11 C:\\Users\\HP\\Documents\\laravel\\workunity-app\\vendor\\laravel\\framework\\src\\Illuminate\\Database\\Connection.php(414): Illuminate\\Database\\Connection->run('select count(*)...', Array, Object(Closure))
#12 C:\\Users\\HP\\Documents\\laravel\\workunity-app\\vendor\\laravel\\framework\\src\\Illuminate\\Database\\Query\\Builder.php(2913): Illuminate\\Database\\Connection->select('select count(*)...', Array, true)
#13 C:\\Users\\HP\\Documents\\laravel\\workunity-app\\vendor\\laravel\\framework\\src\\Illuminate\\Database\\Query\\Builder.php(2902): Illuminate\\Database\\Query\\Builder->runSelect()
#14 C:\\Users\\HP\\Documents\\laravel\\workunity-app\\vendor\\laravel\\framework\\src\\Illuminate\\Database\\Query\\Builder.php(3456): Illuminate\\Database\\Query\\Builder->Illuminate\\Database\\Query\\{closure}()
#15 C:\\Users\\HP\\Documents\\laravel\\workunity-app\\vendor\\laravel\\framework\\src\\Illuminate\\Database\\Query\\Builder.php(2901): Illuminate\\Database\\Query\\Builder->onceWithColumns(Array, Object(Closure))
#16 C:\\Users\\HP\\Documents\\laravel\\workunity-app\\vendor\\laravel\\framework\\src\\Illuminate\\Database\\Query\\Builder.php(3066): Illuminate\\Database\\Query\\Builder->get()
#17 C:\\Users\\HP\\Documents\\laravel\\workunity-app\\vendor\\laravel\\framework\\src\\Illuminate\\Database\\Query\\Builder.php(3025): Illuminate\\Database\\Query\\Builder->runPaginationCountQuery(Array)
#18 C:\\Users\\HP\\Documents\\laravel\\workunity-app\\vendor\\laravel\\framework\\src\\Illuminate\\Database\\Eloquent\\Builder.php(923): Illuminate\\Database\\Query\\Builder->getCountForPagination()
#19 C:\\Users\\HP\\Documents\\laravel\\workunity-app\\app\\Http\\Controllers\\EmployeeController.php(12): Illuminate\\Database\\Eloquent\\Builder->paginate(15)
#20 C:\\Users\\HP\\Documents\\laravel\\workunity-app\\vendor\\laravel\\framework\\src\\Illuminate\\Routing\\Controller.php(54): App\\Http\\Controllers\\EmployeeController->index()
#21 C:\\Users\\HP\\Documents\\laravel\\workunity-app\\vendor\\laravel\\framework\\src\\Illuminate\\Routing\\ControllerDispatcher.php(43): Illuminate\\Routing\\Controller->callAction('index', Array)
#22 C:\\Users\\HP\\Documents\\laravel\\workunity-app\\vendor\\laravel\\framework\\src\\Illuminate\\Routing\\Route.php(259): Illuminate\\Routing\\ControllerDispatcher->dispatch(Object(Illuminate\\Routing\\Route), Object(App\\Http\\Controllers\\EmployeeController), 'index')
#23 C:\\Users\\HP\\Documents\\laravel\\workunity-app\\vendor\\laravel\\framework\\src\\Illuminate\\Routing\\Route.php(205): Illuminate\\Routing\\Route->runController()
#24 C:\\Users\\HP\\Documents\\laravel\\workunity-app\\vendor\\laravel\\framework\\src\\Illuminate\\Routing\\Router.php(806): Illuminate\\Routing\\Route->run()
#25 C:\\Users\\HP\\Documents\\laravel\\workunity-app\\vendor\\laravel\\framework\\src\\Illuminate\\Pipeline\\Pipeline.php(144): Illuminate\\Routing\\Router->Illuminate\\Routing\\{closure}(Object(Illuminate\\Http\\Request))
#26 C:\\Users\\HP\\Documents\\laravel\\workunity-app\\vendor\\laravel\\framework\\src\\Illuminate\\Routing\\Middleware\\SubstituteBindings.php(50): Illuminate\\Pipeline\\Pipeline->Illuminate\\Pipeline\\{closure}(Object(Illuminate\\Http\\Request))
#27 C:\\Users\\HP\\Documents\\laravel\\workunity-app\\vendor\\laravel\\framework\\src\\Illuminate\\Pipeline\\Pipeline.php(183): Illuminate\\Routing\\Middleware\\SubstituteBindings->handle(Object(Illuminate\\Http\\Request), Object(Closure))
#28 C:\\Users\\HP\\Documents\\laravel\\workunity-app\\vendor\\laravel\\framework\\src\\Illuminate\\Foundation\\Http\\Middleware\\VerifyCsrfToken.php(78): Illuminate\\Pipeline\\Pipeline->Illuminate\\Pipeline\\{closure}(Object(Illuminate\\Http\\Request))
#29 C:\\Users\\HP\\Documents\\laravel\\workunity-app\\vendor\\laravel\\framework\\src\\Illuminate\\Pipeline\\Pipeline.php(183): Illuminate\\Foundation\\Http\\Middleware\\VerifyCsrfToken->handle(Object(Illuminate\\Http\\Request), Object(Closure))
#30 C:\\Users\\HP\\Documents\\laravel\\workunity-app\\vendor\\laravel\\framework\\src\\Illuminate\\View\\Middleware\\ShareErrorsFromSession.php(49): Illuminate\\Pipeline\\Pipeline->Illuminate\\Pipeline\\{closure}(Object(Illuminate\\Http\\Request))
#31 C:\\Users\\HP\\Documents\\laravel\\workunity-app\\vendor\\laravel\\framework\\src\\Illuminate\\Pipeline\\Pipeline.php(183): Illuminate\\View\\Middleware\\ShareErrorsFromSession->handle(Object(Illuminate\\Http\\Request), Object(Closure))
#32 C:\\Users\\HP\\Documents\\laravel\\workunity-app\\vendor\\laravel\\framework\\src\\Illuminate\\Session\\Middleware\\StartSession.php(121): Illuminate\\Pipeline\\Pipeline->Illuminate\\Pipeline\\{closure}(Object(Illuminate\\Http\\Request))
#33 C:\\Users\\HP\\Documents\\laravel\\workunity-app\\vendor\\laravel\\framework\\src\\Illuminate\\Session\\Middleware\\StartSession.php(64): Illuminate\\Session\\Middleware\\StartSession->handleStatefulRequest(Object(Illuminate\\Http\\Request), Object(Illuminate\\Session\\Store), Object(Closure))
#34 C:\\Users\\HP\\Documents\\laravel\\workunity-app\\vendor\\laravel\\framework\\src\\Illuminate\\Pipeline\\Pipeline.php(183): Illuminate\\Session\\Middleware\\StartSession->handle(Object(Illuminate\\Http\\Request), Object(Closure))
#35 C:\\Users\\HP\\Documents\\laravel\\workunity-app\\vendor\\laravel\\framework\\src\\Illuminate\\Cookie\\Middleware\\AddQueuedCookiesToResponse.php(37): Illuminate\\Pipeline\\Pipeline->Illuminate\\Pipeline\\{closure}(Object(Illuminate\\Http\\Request))
#36 C:\\Users\\HP\\Documents\\laravel\\workunity-app\\vendor\\laravel\\framework\\src\\Illuminate\\Pipeline\\Pipeline.php(183): Illuminate\\Cookie\\Middleware\\AddQueuedCookiesToResponse->handle(Object(Illuminate\\Http\\Request), Object(Closure))
#37 C:\\Users\\HP\\Documents\\laravel\\workunity-app\\vendor\\laravel\\framework\\src\\Illuminate\\Cookie\\Middleware\\EncryptCookies.php(67): Illuminate\\Pipeline\\Pipeline->Illuminate\\Pipeline\\{closure}(Object(Illuminate\\Http\\Request))
#38 C:\\Users\\HP\\Documents\\laravel\\workunity-app\\vendor\\laravel\\framework\\src\\Illuminate\\Pipeline\\Pipeline.php(183): Illuminate\\Cookie\\Middleware\\EncryptCookies->handle(Object(Illuminate\\Http\\Request), Object(Closure))
#39 C:\\Users\\HP\\Documents\\laravel\\workunity-app\\vendor\\laravel\\framework\\src\\Illuminate\\Pipeline\\Pipeline.php(119): Illuminate\\Pipeline\\Pipeline->Illuminate\\Pipeline\\{closure}(Object(Illuminate\\Http\\Request))
#40 C:\\Users\\HP\\Documents\\laravel\\workunity-app\\vendor\\laravel\\framework\\src\\Illuminate\\Routing\\Router.php(805): Illuminate\\Pipeline\\Pipeline->then(Object(Closure))
#41 C:\\Users\\HP\\Documents\\laravel\\workunity-app\\vendor\\laravel\\framework\\src\\Illuminate\\Routing\\Router.php(784): Illuminate\\Routing\\Router->runRouteWithinStack(Object(Illuminate\\Routing\\Route), Object(Illuminate\\Http\\Request))
#42 C:\\Users\\HP\\Documents\\laravel\\workunity-app\\vendor\\laravel\\framework\\src\\Illuminate\\Routing\\Router.php(748): Illuminate\\Routing\\Router->runRoute(Object(Illuminate\\Http\\Request), Object(Illuminate\\Routing\\Route))
#43 C:\\Users\\HP\\Documents\\laravel\\workunity-app\\vendor\\laravel\\framework\\src\\Illuminate\\Routing\\Router.php(737): Illuminate\\Routing\\Router->dispatchToRoute(Object(Illuminate\\Http\\Request))
#44 C:\\Users\\HP\\Documents\\laravel\\workunity-app\\vendor\\laravel\\framework\\src\\Illuminate\\Foundation\\Http\\Kernel.php(200): Illuminate\\Routing\\Router->dispatch(Object(Illuminate\\Http\\Request))
#45 C:\\Users\\HP\\Documents\\laravel\\workunity-app\\vendor\\laravel\\framework\\src\\Illuminate\\Pipeline\\Pipeline.php(144): Illuminate\\Foundation\\Http\\Kernel->Illuminate\\Foundation\\Http\\{closure}(Object(Illuminate\\Http\\Request))
#46 C:\\Users\\HP\\Documents\\laravel\\workunity-app\\vendor\\laravel\\framework\\src\\Illuminate\\Foundation\\Http\\Middleware\\TransformsRequest.php(21): Illuminate\\Pipeline\\Pipeline->Illuminate\\Pipeline\\{closure}(Object(Illuminate\\Http\\Request))
#47 C:\\Users\\HP\\Documents\\laravel\\workunity-app\\vendor\\laravel\\framework\\src\\Illuminate\\Foundation\\Http\\Middleware\\ConvertEmptyStringsToNull.php(31): Illuminate\\Foundation\\Http\\Middleware\\TransformsRequest->handle(Object(Illuminate\\Http\\Request), Object(Closure))
#48 C:\\Users\\HP\\Documents\\laravel\\workunity-app\\vendor\\laravel\\framework\\src\\Illuminate\\Pipeline\\Pipeline.php(183): Illuminate\\Foundation\\Http\\Middleware\\ConvertEmptyStringsToNull->handle(Object(Illuminate\\Http\\Request), Object(Closure))
#49 C:\\Users\\HP\\Documents\\laravel\\workunity-app\\vendor\\laravel\\framework\\src\\Illuminate\\Foundation\\Http\\Middleware\\TransformsRequest.php(21): Illuminate\\Pipeline\\Pipeline->Illuminate\\Pipeline\\{closure}(Object(Illuminate\\Http\\Request))
#50 C:\\Users\\HP\\Documents\\laravel\\workunity-app\\vendor\\laravel\\framework\\src\\Illuminate\\Foundation\\Http\\Middleware\\TrimStrings.php(40): Illuminate\\Foundation\\Http\\Middleware\\TransformsRequest->handle(Object(Illuminate\\Http\\Request), Object(Closure))
#51 C:\\Users\\HP\\Documents\\laravel\\workunity-app\\vendor\\laravel\\framework\\src\\Illuminate\\Pipeline\\Pipeline.php(183): Illuminate\\Foundation\\Http\\Middleware\\TrimStrings->handle(Object(Illuminate\\Http\\Request), Object(Closure))
#52 C:\\Users\\HP\\Documents\\laravel\\workunity-app\\vendor\\laravel\\framework\\src\\Illuminate\\Foundation\\Http\\Middleware\\ValidatePostSize.php(27): Illuminate\\Pipeline\\Pipeline->Illuminate\\Pipeline\\{closure}(Object(Illuminate\\Http\\Request))
#53 C:\\Users\\HP\\Documents\\laravel\\workunity-app\\vendor\\laravel\\framework\\src\\Illuminate\\Pipeline\\Pipeline.php(183): Illuminate\\Foundation\\Http\\Middleware\\ValidatePostSize->handle(Object(Illuminate\\Http\\Request), Object(Closure))
#54 C:\\Users\\HP\\Documents\\laravel\\workunity-app\\vendor\\laravel\\framework\\src\\Illuminate\\Foundation\\Http\\Middleware\\PreventRequestsDuringMaintenance.php(99): Illuminate\\Pipeline\\Pipeline->Illuminate\\Pipeline\\{closure}(Object(Illuminate\\Http\\Request))
#55 C:\\Users\\HP\\Documents\\laravel\\workunity-app\\vendor\\laravel\\framework\\src\\Illuminate\\Pipeline\\Pipeline.php(183): Illuminate\\Foundation\\Http\\Middleware\\PreventRequestsDuringMaintenance->handle(Object(Illuminate\\Http\\Request), Object(Closure))
#56 C:\\Users\\HP\\Documents\\laravel\\workunity-app\\vendor\\laravel\\framework\\src\\Illuminate\\Http\\Middleware\\HandleCors.php(49): Illuminate\\Pipeline\\Pipeline->Illuminate\\Pipeline\\{closure}(Object(Illuminate\\Http\\Request))
#57 C:\\Users\\HP\\Documents\\laravel\\workunity-app\\vendor\\laravel\\framework\\src\\Illuminate\\Pipeline\\Pipeline.php(183): Illuminate\\Http\\Middleware\\HandleCors->handle(Object(Illuminate\\Http\\Request), Object(Closure))
#58 C:\\Users\\HP\\Documents\\laravel\\workunity-app\\vendor\\laravel\\framework\\src\\Illuminate\\Http\\Middleware\\TrustProxies.php(39): Illuminate\\Pipeline\\Pipeline->Illuminate\\Pipeline\\{closure}(Object(Illuminate\\Http\\Request))
#59 C:\\Users\\HP\\Documents\\laravel\\workunity-app\\vendor\\laravel\\framework\\src\\Illuminate\\Pipeline\\Pipeline.php(183): Illuminate\\Http\\Middleware\\TrustProxies->handle(Object(Illuminate\\Http\\Request), Object(Closure))
#60 C:\\Users\\HP\\Documents\\laravel\\workunity-app\\vendor\\laravel\\framework\\src\\Illuminate\\Pipeline\\Pipeline.php(119): Illuminate\\Pipeline\\Pipeline->Illuminate\\Pipeline\\{closure}(Object(Illuminate\\Http\\Request))
#61 C:\\Users\\HP\\Documents\\laravel\\workunity-app\\vendor\\laravel\\framework\\src\\Illuminate\\Foundation\\Http\\Kernel.php(175): Illuminate\\Pipeline\\Pipeline->then(Object(Closure))
#62 C:\\Users\\HP\\Documents\\laravel\\workunity-app\\vendor\\laravel\\framework\\src\\Illuminate\\Foundation\\Http\\Kernel.php(144): Illuminate\\Foundation\\Http\\Kernel->sendRequestThroughRouter(Object(Illuminate\\Http\\Request))
#63 C:\\Users\\HP\\Documents\\laravel\\workunity-app\\public\\index.php(51): Illuminate\\Foundation\\Http\\Kernel->handle(Object(Illuminate\\Http\\Request))
#64 C:\\Users\\HP\\Documents\\laravel\\workunity-app\\vendor\\laravel\\framework\\src\\Illuminate\\Foundation\\resources\\server.php(16): require_once('C:\\\\Users\\\\HP\\\\Doc...')
#65 {main}
"} 
[2025-10-24 22:05:52] local.ERROR: SQLSTATE[HY000] [1049] Unknown database 'workunity-app' (Connection: mysql, SQL: select count(*) as aggregate from `employees`) {"exception":"[object] (Illuminate\\Database\\QueryException(code: 1049): SQLSTATE[HY000] [1049] Unknown database 'workunity-app' (Connection: mysql, SQL: select count(*) as aggregate from `employees`) at C:\\Users\\HP\\Documents\\laravel\\workunity-app\\vendor\\laravel\\framework\\src\\Illuminate\\Database\\Connection.php:829)
[stacktrace]
#0 C:\\Users\\HP\\Documents\\laravel\\workunity-app\\vendor\\laravel\\framework\\src\\Illuminate\\Database\\Connection.php(783): Illuminate\\Database\\Connection->runQueryCallback('select count(*)...', Array, Object(Closure))
#1 C:\\Users\\HP\\Documents\\laravel\\workunity-app\\vendor\\laravel\\framework\\src\\Illuminate\\Database\\Connection.php(414): Illuminate\\Database\\Connection->run('select count(*)...', Array, Object(Closure))
#2 C:\\Users\\HP\\Documents\\laravel\\workunity-app\\vendor\\laravel\\framework\\src\\Illuminate\\Database\\Query\\Builder.php(2913): Illuminate\\Database\\Connection->select('select count(*)...', Array, true)
#3 C:\\Users\\HP\\Documents\\laravel\\workunity-app\\vendor\\laravel\\framework\\src\\Illuminate\\Database\\Query\\Builder.php(2902): Illuminate\\Database\\Query\\Builder->runSelect()
#4 C:\\Users\\HP\\Documents\\laravel\\workunity-app\\vendor\\laravel\\framework\\src\\Illuminate\\Database\\Query\\Builder.php(3456): Illuminate\\Database\\Query\\Builder->Illuminate\\Database\\Query\\{closure}()
#5 C:\\Users\\HP\\Documents\\laravel\\workunity-app\\vendor\\laravel\\framework\\src\\Illuminate\\Database\\Query\\Builder.php(2901): Illuminate\\Database\\Query\\Builder->onceWithColumns(Array, Object(Closure))
#6 C:\\Users\\HP\\Documents\\laravel\\workunity-app\\vendor\\laravel\\framework\\src\\Illuminate\\Database\\Query\\Builder.php(3066): Illuminate\\Database\\Query\\Builder->get()
#7 C:\\Users\\HP\\Documents\\laravel\\workunity-app\\vendor\\laravel\\framework\\src\\Illuminate\\Database\\Query\\Builder.php(3025): Illuminate\\Database\\Query\\Builder->runPaginationCountQuery(Array)
#8 C:\\Users\\HP\\Documents\\laravel\\workunity-app\\vendor\\laravel\\framework\\src\\Illuminate\\Database\\Eloquent\\Builder.php(923): Illuminate\\Database\\Query\\Builder->getCountForPagination()
#9 C:\\Users\\HP\\Documents\\laravel\\workunity-app\\app\\Http\\Controllers\\EmployeeController.php(12): Illuminate\\Database\\Eloquent\\Builder->paginate(15)
#10 C:\\Users\\HP\\Documents\\laravel\\workunity-app\\vendor\\laravel\\framework\\src\\Illuminate\\Routing\\Controller.php(54): App\\Http\\Controllers\\EmployeeController->index()
#11 C:\\Users\\HP\\Documents\\laravel\\workunity-app\\vendor\\laravel\\framework\\src\\Illuminate\\Routing\\ControllerDispatcher.php(43): Illuminate\\Routing\\Controller->callAction('index', Array)
#12 C:\\Users\\HP\\Documents\\laravel\\workunity-app\\vendor\\laravel\\framework\\src\\Illuminate\\Routing\\Route.php(259): Illuminate\\Routing\\ControllerDispatcher->dispatch(Object(Illuminate\\Routing\\Route), Object(App\\Http\\Controllers\\EmployeeController), 'index')
#13 C:\\Users\\HP\\Documents\\laravel\\workunity-app\\vendor\\laravel\\framework\\src\\Illuminate\\Routing\\Route.php(205): Illuminate\\Routing\\Route->runController()
#14 C:\\Users\\HP\\Documents\\laravel\\workunity-app\\vendor\\laravel\\framework\\src\\Illuminate\\Routing\\Router.php(806): Illuminate\\Routing\\Route->run()
#15 C:\\Users\\HP\\Documents\\laravel\\workunity-app\\vendor\\laravel\\framework\\src\\Illuminate\\Pipeline\\Pipeline.php(144): Illuminate\\Routing\\Router->Illuminate\\Routing\\{closure}(Object(Illuminate\\Http\\Request))
#16 C:\\Users\\HP\\Documents\\laravel\\workunity-app\\vendor\\laravel\\framework\\src\\Illuminate\\Routing\\Middleware\\SubstituteBindings.php(50): Illuminate\\Pipeline\\Pipeline->Illuminate\\Pipeline\\{closure}(Object(Illuminate\\Http\\Request))
#17 C:\\Users\\HP\\Documents\\laravel\\workunity-app\\vendor\\laravel\\framework\\src\\Illuminate\\Pipeline\\Pipeline.php(183): Illuminate\\Routing\\Middleware\\SubstituteBindings->handle(Object(Illuminate\\Http\\Request), Object(Closure))
#18 C:\\Users\\HP\\Documents\\laravel\\workunity-app\\vendor\\laravel\\framework\\src\\Illuminate\\Foundation\\Http\\Middleware\\VerifyCsrfToken.php(78): Illuminate\\Pipeline\\Pipeline->Illuminate\\Pipeline\\{closure}(Object(Illuminate\\Http\\Request))
#19 C:\\Users\\HP\\Documents\\laravel\\workunity-app\\vendor\\laravel\\framework\\src\\Illuminate\\Pipeline\\Pipeline.php(183): Illuminate\\Foundation\\Http\\Middleware\\VerifyCsrfToken->handle(Object(Illuminate\\Http\\Request), Object(Closure))
#20 C:\\Users\\HP\\Documents\\laravel\\workunity-app\\vendor\\laravel\\framework\\src\\Illuminate\\View\\Middleware\\ShareErrorsFromSession.php(49): Illuminate\\Pipeline\\Pipeline->Illuminate\\Pipeline\\{closure}(Object(Illuminate\\Http\\Request))
#21 C:\\Users\\HP\\Documents\\laravel\\workunity-app\\vendor\\laravel\\framework\\src\\Illuminate\\Pipeline\\Pipeline.php(183): Illuminate\\View\\Middleware\\ShareErrorsFromSession->handle(Object(Illuminate\\Http\\Request), Object(Closure))
#22 C:\\Users\\HP\\Documents\\laravel\\workunity-app\\vendor\\laravel\\framework\\src\\Illuminate\\Session\\Middleware\\StartSession.php(121): Illuminate\\Pipeline\\Pipeline->Illuminate\\Pipeline\\{closure}(Object(Illuminate\\Http\\Request))
#23 C:\\Users\\HP\\Documents\\laravel\\workunity-app\\vendor\\laravel\\framework\\src\\Illuminate\\Session\\Middleware\\StartSession.php(64): Illuminate\\Session\\Middleware\\StartSession->handleStatefulRequest(Object(Illuminate\\Http\\Request), Object(Illuminate\\Session\\Store), Object(Closure))
#24 C:\\Users\\HP\\Documents\\laravel\\workunity-app\\vendor\\laravel\\framework\\src\\Illuminate\\Pipeline\\Pipeline.php(183): Illuminate\\Session\\Middleware\\StartSession->handle(Object(Illuminate\\Http\\Request), Object(Closure))
#25 C:\\Users\\HP\\Documents\\laravel\\workunity-app\\vendor\\laravel\\framework\\src\\Illuminate\\Cookie\\Middleware\\AddQueuedCookiesToResponse.php(37): Illuminate\\Pipeline\\Pipeline->Illuminate\\Pipeline\\{closure}(Object(Illuminate\\Http\\Request))
#26 C:\\Users\\HP\\Documents\\laravel\\workunity-app\\vendor\\laravel\\framework\\src\\Illuminate\\Pipeline\\Pipeline.php(183): Illuminate\\Cookie\\Middleware\\AddQueuedCookiesToResponse->handle(Object(Illuminate\\Http\\Request), Object(Closure))
#27 C:\\Users\\HP\\Documents\\laravel\\workunity-app\\vendor\\laravel\\framework\\src\\Illuminate\\Cookie\\Middleware\\EncryptCookies.php(67): Illuminate\\Pipeline\\Pipeline->Illuminate\\Pipeline\\{closure}(Object(Illuminate\\Http\\Request))
#28 C:\\Users\\HP\\Documents\\laravel\\workunity-app\\vendor\\laravel\\framework\\src\\Illuminate\\Pipeline\\Pipeline.php(183): Illuminate\\Cookie\\Middleware\\EncryptCookies->handle(Object(Illuminate\\Http\\Request), Object(Closure))
#29 C:\\Users\\HP\\Documents\\laravel\\workunity-app\\vendor\\laravel\\framework\\src\\Illuminate\\Pipeline\\Pipeline.php(119): Illuminate\\Pipeline\\Pipeline->Illuminate\\Pipeline\\{closure}(Object(Illuminate\\Http\\Request))
#30 C:\\Users\\HP\\Documents\\laravel\\workunity-app\\vendor\\laravel\\framework\\src\\Illuminate\\Routing\\Router.php(805): Illuminate\\Pipeline\\Pipeline->then(Object(Closure))
#31 C:\\Users\\HP\\Documents\\laravel\\workunity-app\\vendor\\laravel\\framework\\src\\Illuminate\\Routing\\Router.php(784): Illuminate\\Routing\\Router->runRouteWithinStack(Object(Illuminate\\Routing\\Route), Object(Illuminate\\Http\\Request))
#32 C:\\Users\\HP\\Documents\\laravel\\workunity-app\\vendor\\laravel\\framework\\src\\Illuminate\\Routing\\Router.php(748): Illuminate\\Routing\\Router->runRoute(Object(Illuminate\\Http\\Request), Object(Illuminate\\Routing\\Route))
#33 C:\\Users\\HP\\Documents\\laravel\\workunity-app\\vendor\\laravel\\framework\\src\\Illuminate\\Routing\\Router.php(737): Illuminate\\Routing\\Router->dispatchToRoute(Object(Illuminate\\Http\\Request))
#34 C:\\Users\\HP\\Documents\\laravel\\workunity-app\\vendor\\laravel\\framework\\src\\Illuminate\\Foundation\\Http\\Kernel.php(200): Illuminate\\Routing\\Router->dispatch(Object(Illuminate\\Http\\Request))
#35 C:\\Users\\HP\\Documents\\laravel\\workunity-app\\vendor\\laravel\\framework\\src\\Illuminate\\Pipeline\\Pipeline.php(144): Illuminate\\Foundation\\Http\\Kernel->Illuminate\\Foundation\\Http\\{closure}(Object(Illuminate\\Http\\Request))
#36 C:\\Users\\HP\\Documents\\laravel\\workunity-app\\vendor\\laravel\\framework\\src\\Illuminate\\Foundation\\Http\\Middleware\\TransformsRequest.php(21): Illuminate\\Pipeline\\Pipeline->Illuminate\\Pipeline\\{closure}(Object(Illuminate\\Http\\Request))
#37 C:\\Users\\HP\\Documents\\laravel\\workunity-app\\vendor\\laravel\\framework\\src\\Illuminate\\Foundation\\Http\\Middleware\\ConvertEmptyStringsToNull.php(31): Illuminate\\Foundation\\Http\\Middleware\\TransformsRequest->handle(Object(Illuminate\\Http\\Request), Object(Closure))
#38 C:\\Users\\HP\\Documents\\laravel\\workunity-app\\vendor\\laravel\\framework\\src\\Illuminate\\Pipeline\\Pipeline.php(183): Illuminate\\Foundation\\Http\\Middleware\\ConvertEmptyStringsToNull->handle(Object(Illuminate\\Http\\Request), Object(Closure))
#39 C:\\Users\\HP\\Documents\\laravel\\workunity-app\\vendor\\laravel\\framework\\src\\Illuminate\\Foundation\\Http\\Middleware\\TransformsRequest.php(21): Illuminate\\Pipeline\\Pipeline->Illuminate\\Pipeline\\{closure}(Object(Illuminate\\Http\\Request))
#40 C:\\Users\\HP\\Documents\\laravel\\workunity-app\\vendor\\laravel\\framework\\src\\Illuminate\\Foundation\\Http\\Middleware\\TrimStrings.php(40): Illuminate\\Foundation\\Http\\Middleware\\TransformsRequest->handle(Object(Illuminate\\Http\\Request), Object(Closure))
#41 C:\\Users\\HP\\Documents\\laravel\\workunity-app\\vendor\\laravel\\framework\\src\\Illuminate\\Pipeline\\Pipeline.php(183): Illuminate\\Foundation\\Http\\Middleware\\TrimStrings->handle(Object(Illuminate\\Http\\Request), Object(Closure))
#42 C:\\Users\\HP\\Documents\\laravel\\workunity-app\\vendor\\laravel\\framework\\src\\Illuminate\\Foundation\\Http\\Middleware\\ValidatePostSize.php(27): Illuminate\\Pipeline\\Pipeline->Illuminate\\Pipeline\\{closure}(Object(Illuminate\\Http\\Request))
#43 C:\\Users\\HP\\Documents\\laravel\\workunity-app\\vendor\\laravel\\framework\\src\\Illuminate\\Pipeline\\Pipeline.php(183): Illuminate\\Foundation\\Http\\Middleware\\ValidatePostSize->handle(Object(Illuminate\\Http\\Request), Object(Closure))
#44 C:\\Users\\HP\\Documents\\laravel\\workunity-app\\vendor\\laravel\\framework\\src\\Illuminate\\Foundation\\Http\\Middleware\\PreventRequestsDuringMaintenance.php(99): Illuminate\\Pipeline\\Pipeline->Illuminate\\Pipeline\\{closure}(Object(Illuminate\\Http\\Request))
#45 C:\\Users\\HP\\Documents\\laravel\\workunity-app\\vendor\\laravel\\framework\\src\\Illuminate\\Pipeline\\Pipeline.php(183): Illuminate\\Foundation\\Http\\Middleware\\PreventRequestsDuringMaintenance->handle(Object(Illuminate\\Http\\Request), Object(Closure))
#46 C:\\Users\\HP\\Documents\\laravel\\workunity-app\\vendor\\laravel\\framework\\src\\Illuminate\\Http\\Middleware\\HandleCors.php(49): Illuminate\\Pipeline\\Pipeline->Illuminate\\Pipeline\\{closure}(Object(Illuminate\\Http\\Request))
#47 C:\\Users\\HP\\Documents\\laravel\\workunity-app\\vendor\\laravel\\framework\\src\\Illuminate\\Pipeline\\Pipeline.php(183): Illuminate\\Http\\Middleware\\HandleCors->handle(Object(Illuminate\\Http\\Request), Object(Closure))
#48 C:\\Users\\HP\\Documents\\laravel\\workunity-app\\vendor\\laravel\\framework\\src\\Illuminate\\Http\\Middleware\\TrustProxies.php(39): Illuminate\\Pipeline\\Pipeline->Illuminate\\Pipeline\\{closure}(Object(Illuminate\\Http\\Request))
#49 C:\\Users\\HP\\Documents\\laravel\\workunity-app\\vendor\\laravel\\framework\\src\\Illuminate\\Pipeline\\Pipeline.php(183): Illuminate\\Http\\Middleware\\TrustProxies->handle(Object(Illuminate\\Http\\Request), Object(Closure))
#50 C:\\Users\\HP\\Documents\\laravel\\workunity-app\\vendor\\laravel\\framework\\src\\Illuminate\\Pipeline\\Pipeline.php(119): Illuminate\\Pipeline\\Pipeline->Illuminate\\Pipeline\\{closure}(Object(Illuminate\\Http\\Request))
#51 C:\\Users\\HP\\Documents\\laravel\\workunity-app\\vendor\\laravel\\framework\\src\\Illuminate\\Foundation\\Http\\Kernel.php(175): Illuminate\\Pipeline\\Pipeline->then(Object(Closure))
#52 C:\\Users\\HP\\Documents\\laravel\\workunity-app\\vendor\\laravel\\framework\\src\\Illuminate\\Foundation\\Http\\Kernel.php(144): Illuminate\\Foundation\\Http\\Kernel->sendRequestThroughRouter(Object(Illuminate\\Http\\Request))
#53 C:\\Users\\HP\\Documents\\laravel\\workunity-app\\public\\index.php(51): Illuminate\\Foundation\\Http\\Kernel->handle(Object(Illuminate\\Http\\Request))
#54 C:\\Users\\HP\\Documents\\laravel\\workunity-app\\vendor\\laravel\\framework\\src\\Illuminate\\Foundation\\resources\\server.php(16): require_once('C:\\\\Users\\\\HP\\\\Doc...')
#55 {main}

[previous exception] [object] (PDOException(code: 1049): SQLSTATE[HY000] [1049] Unknown database 'workunity-app' at C:\\Users\\HP\\Documents\\laravel\\workunity-app\\vendor\\laravel\\framework\\src\\Illuminate\\Database\\Connectors\\Connector.php:65)
[stacktrace]
#0 C:\\Users\\HP\\Documents\\laravel\\workunity-app\\vendor\\laravel\\framework\\src\\Illuminate\\Database\\Connectors\\Connector.php(65): PDO->__construct('mysql:host=127....', 'root', Object(SensitiveParameterValue), Array)
#1 C:\\Users\\HP\\Documents\\laravel\\workunity-app\\vendor\\laravel\\framework\\src\\Illuminate\\Database\\Connectors\\Connector.php(44): Illuminate\\Database\\Connectors\\Connector->createPdoConnection('mysql:host=127....', 'root', '', Array)
#2 C:\\Users\\HP\\Documents\\laravel\\workunity-app\\vendor\\laravel\\framework\\src\\Illuminate\\Database\\Connectors\\MySqlConnector.php(24): Illuminate\\Database\\Connectors\\Connector->createConnection('mysql:host=127....', Array, Array)
#3 C:\\Users\\HP\\Documents\\laravel\\workunity-app\\vendor\\laravel\\framework\\src\\Illuminate\\Database\\Connectors\\ConnectionFactory.php(184): Illuminate\\Database\\Connectors\\MySqlConnector->connect(Array)
#4 [internal function]: Illuminate\\Database\\Connectors\\ConnectionFactory->Illuminate\\Database\\Connectors\\{closure}()
#5 C:\\Users\\HP\\Documents\\laravel\\workunity-app\\vendor\\laravel\\framework\\src\\Illuminate\\Database\\Connection.php(1339): call_user_func(Object(Closure))
#6 C:\\Users\\HP\\Documents\\laravel\\workunity-app\\vendor\\laravel\\framework\\src\\Illuminate\\Database\\Connection.php(1375): Illuminate\\Database\\Connection->getPdo()
#7 C:\\Users\\HP\\Documents\\laravel\\workunity-app\\vendor\\laravel\\framework\\src\\Illuminate\\Database\\Connection.php(528): Illuminate\\Database\\Connection->getReadPdo()
#8 C:\\Users\\HP\\Documents\\laravel\\workunity-app\\vendor\\laravel\\framework\\src\\Illuminate\\Database\\Connection.php(423): Illuminate\\Database\\Connection->getPdoForSelect(true)
#9 C:\\Users\\HP\\Documents\\laravel\\workunity-app\\vendor\\laravel\\framework\\src\\Illuminate\\Database\\Connection.php(816): Illuminate\\Database\\Connection->Illuminate\\Database\\{closure}('select count(*)...', Array)
#10 C:\\Users\\HP\\Documents\\laravel\\workunity-app\\vendor\\laravel\\framework\\src\\Illuminate\\Database\\Connection.php(783): Illuminate\\Database\\Connection->runQueryCallback('select count(*)...', Array, Object(Closure))
#11 C:\\Users\\HP\\Documents\\laravel\\workunity-app\\vendor\\laravel\\framework\\src\\Illuminate\\Database\\Connection.php(414): Illuminate\\Database\\Connection->run('select count(*)...', Array, Object(Closure))
#12 C:\\Users\\HP\\Documents\\laravel\\workunity-app\\vendor\\laravel\\framework\\src\\Illuminate\\Database\\Query\\Builder.php(2913): Illuminate\\Database\\Connection->select('select count(*)...', Array, true)
#13 C:\\Users\\HP\\Documents\\laravel\\workunity-app\\vendor\\laravel\\framework\\src\\Illuminate\\Database\\Query\\Builder.php(2902): Illuminate\\Database\\Query\\Builder->runSelect()
#14 C:\\Users\\HP\\Documents\\laravel\\workunity-app\\vendor\\laravel\\framework\\src\\Illuminate\\Database\\Query\\Builder.php(3456): Illuminate\\Database\\Query\\Builder->Illuminate\\Database\\Query\\{closure}()
#15 C:\\Users\\HP\\Documents\\laravel\\workunity-app\\vendor\\laravel\\framework\\src\\Illuminate\\Database\\Query\\Builder.php(2901): Illuminate\\Database\\Query\\Builder->onceWithColumns(Array, Object(Closure))
#16 C:\\Users\\HP\\Documents\\laravel\\workunity-app\\vendor\\laravel\\framework\\src\\Illuminate\\Database\\Query\\Builder.php(3066): Illuminate\\Database\\Query\\Builder->get()
#17 C:\\Users\\HP\\Documents\\laravel\\workunity-app\\vendor\\laravel\\framework\\src\\Illuminate\\Database\\Query\\Builder.php(3025): Illuminate\\Database\\Query\\Builder->runPaginationCountQuery(Array)
#18 C:\\Users\\HP\\Documents\\laravel\\workunity-app\\vendor\\laravel\\framework\\src\\Illuminate\\Database\\Eloquent\\Builder.php(923): Illuminate\\Database\\Query\\Builder->getCountForPagination()
#19 C:\\Users\\HP\\Documents\\laravel\\workunity-app\\app\\Http\\Controllers\\EmployeeController.php(12): Illuminate\\Database\\Eloquent\\Builder->paginate(15)
#20 C:\\Users\\HP\\Documents\\laravel\\workunity-app\\vendor\\laravel\\framework\\src\\Illuminate\\Routing\\Controller.php(54): App\\Http\\Controllers\\EmployeeController->index()
#21 C:\\Users\\HP\\Documents\\laravel\\workunity-app\\vendor\\laravel\\framework\\src\\Illuminate\\Routing\\ControllerDispatcher.php(43): Illuminate\\Routing\\Controller->callAction('index', Array)
#22 C:\\Users\\HP\\Documents\\laravel\\workunity-app\\vendor\\laravel\\framework\\src\\Illuminate\\Routing\\Route.php(259): Illuminate\\Routing\\ControllerDispatcher->dispatch(Object(Illuminate\\Routing\\Route), Object(App\\Http\\Controllers\\EmployeeController), 'index')
#23 C:\\Users\\HP\\Documents\\laravel\\workunity-app\\vendor\\laravel\\framework\\src\\Illuminate\\Routing\\Route.php(205): Illuminate\\Routing\\Route->runController()
#24 C:\\Users\\HP\\Documents\\laravel\\workunity-app\\vendor\\laravel\\framework\\src\\Illuminate\\Routing\\Router.php(806): Illuminate\\Routing\\Route->run()
#25 C:\\Users\\HP\\Documents\\laravel\\workunity-app\\vendor\\laravel\\framework\\src\\Illuminate\\Pipeline\\Pipeline.php(144): Illuminate\\Routing\\Router->Illuminate\\Routing\\{closure}(Object(Illuminate\\Http\\Request))
#26 C:\\Users\\HP\\Documents\\laravel\\workunity-app\\vendor\\laravel\\framework\\src\\Illuminate\\Routing\\Middleware\\SubstituteBindings.php(50): Illuminate\\Pipeline\\Pipeline->Illuminate\\Pipeline\\{closure}(Object(Illuminate\\Http\\Request))
#27 C:\\Users\\HP\\Documents\\laravel\\workunity-app\\vendor\\laravel\\framework\\src\\Illuminate\\Pipeline\\Pipeline.php(183): Illuminate\\Routing\\Middleware\\SubstituteBindings->handle(Object(Illuminate\\Http\\Request), Object(Closure))
#28 C:\\Users\\HP\\Documents\\laravel\\workunity-app\\vendor\\laravel\\framework\\src\\Illuminate\\Foundation\\Http\\Middleware\\VerifyCsrfToken.php(78): Illuminate\\Pipeline\\Pipeline->Illuminate\\Pipeline\\{closure}(Object(Illuminate\\Http\\Request))
#29 C:\\Users\\HP\\Documents\\laravel\\workunity-app\\vendor\\laravel\\framework\\src\\Illuminate\\Pipeline\\Pipeline.php(183): Illuminate\\Foundation\\Http\\Middleware\\VerifyCsrfToken->handle(Object(Illuminate\\Http\\Request), Object(Closure))
#30 C:\\Users\\HP\\Documents\\laravel\\workunity-app\\vendor\\laravel\\framework\\src\\Illuminate\\View\\Middleware\\ShareErrorsFromSession.php(49): Illuminate\\Pipeline\\Pipeline->Illuminate\\Pipeline\\{closure}(Object(Illuminate\\Http\\Request))
#31 C:\\Users\\HP\\Documents\\laravel\\workunity-app\\vendor\\laravel\\framework\\src\\Illuminate\\Pipeline\\Pipeline.php(183): Illuminate\\View\\Middleware\\ShareErrorsFromSession->handle(Object(Illuminate\\Http\\Request), Object(Closure))
#32 C:\\Users\\HP\\Documents\\laravel\\workunity-app\\vendor\\laravel\\framework\\src\\Illuminate\\Session\\Middleware\\StartSession.php(121): Illuminate\\Pipeline\\Pipeline->Illuminate\\Pipeline\\{closure}(Object(Illuminate\\Http\\Request))
#33 C:\\Users\\HP\\Documents\\laravel\\workunity-app\\vendor\\laravel\\framework\\src\\Illuminate\\Session\\Middleware\\StartSession.php(64): Illuminate\\Session\\Middleware\\StartSession->handleStatefulRequest(Object(Illuminate\\Http\\Request), Object(Illuminate\\Session\\Store), Object(Closure))
#34 C:\\Users\\HP\\Documents\\laravel\\workunity-app\\vendor\\laravel\\framework\\src\\Illuminate\\Pipeline\\Pipeline.php(183): Illuminate\\Session\\Middleware\\StartSession->handle(Object(Illuminate\\Http\\Request), Object(Closure))
#35 C:\\Users\\HP\\Documents\\laravel\\workunity-app\\vendor\\laravel\\framework\\src\\Illuminate\\Cookie\\Middleware\\AddQueuedCookiesToResponse.php(37): Illuminate\\Pipeline\\Pipeline->Illuminate\\Pipeline\\{closure}(Object(Illuminate\\Http\\Request))
#36 C:\\Users\\HP\\Documents\\laravel\\workunity-app\\vendor\\laravel\\framework\\src\\Illuminate\\Pipeline\\Pipeline.php(183): Illuminate\\Cookie\\Middleware\\AddQueuedCookiesToResponse->handle(Object(Illuminate\\Http\\Request), Object(Closure))
#37 C:\\Users\\HP\\Documents\\laravel\\workunity-app\\vendor\\laravel\\framework\\src\\Illuminate\\Cookie\\Middleware\\EncryptCookies.php(67): Illuminate\\Pipeline\\Pipeline->Illuminate\\Pipeline\\{closure}(Object(Illuminate\\Http\\Request))
#38 C:\\Users\\HP\\Documents\\laravel\\workunity-app\\vendor\\laravel\\framework\\src\\Illuminate\\Pipeline\\Pipeline.php(183): Illuminate\\Cookie\\Middleware\\EncryptCookies->handle(Object(Illuminate\\Http\\Request), Object(Closure))
#39 C:\\Users\\HP\\Documents\\laravel\\workunity-app\\vendor\\laravel\\framework\\src\\Illuminate\\Pipeline\\Pipeline.php(119): Illuminate\\Pipeline\\Pipeline->Illuminate\\Pipeline\\{closure}(Object(Illuminate\\Http\\Request))
#40 C:\\Users\\HP\\Documents\\laravel\\workunity-app\\vendor\\laravel\\framework\\src\\Illuminate\\Routing\\Router.php(805): Illuminate\\Pipeline\\Pipeline->then(Object(Closure))
#41 C:\\Users\\HP\\Documents\\laravel\\workunity-app\\vendor\\laravel\\framework\\src\\Illuminate\\Routing\\Router.php(784): Illuminate\\Routing\\Router->runRouteWithinStack(Object(Illuminate\\Routing\\Route), Object(Illuminate\\Http\\Request))
#42 C:\\Users\\HP\\Documents\\laravel\\workunity-app\\vendor\\laravel\\framework\\src\\Illuminate\\Routing\\Router.php(748): Illuminate\\Routing\\Router->runRoute(Object(Illuminate\\Http\\Request), Object(Illuminate\\Routing\\Route))
#43 C:\\Users\\HP\\Documents\\laravel\\workunity-app\\vendor\\laravel\\framework\\src\\Illuminate\\Routing\\Router.php(737): Illuminate\\Routing\\Router->dispatchToRoute(Object(Illuminate\\Http\\Request))
#44 C:\\Users\\HP\\Documents\\laravel\\workunity-app\\vendor\\laravel\\framework\\src\\Illuminate\\Foundation\\Http\\Kernel.php(200): Illuminate\\Routing\\Router->dispatch(Object(Illuminate\\Http\\Request))
#45 C:\\Users\\HP\\Documents\\laravel\\workunity-app\\vendor\\laravel\\framework\\src\\Illuminate\\Pipeline\\Pipeline.php(144): Illuminate\\Foundation\\Http\\Kernel->Illuminate\\Foundation\\Http\\{closure}(Object(Illuminate\\Http\\Request))
#46 C:\\Users\\HP\\Documents\\laravel\\workunity-app\\vendor\\laravel\\framework\\src\\Illuminate\\Foundation\\Http\\Middleware\\TransformsRequest.php(21): Illuminate\\Pipeline\\Pipeline->Illuminate\\Pipeline\\{closure}(Object(Illuminate\\Http\\Request))
#47 C:\\Users\\HP\\Documents\\laravel\\workunity-app\\vendor\\laravel\\framework\\src\\Illuminate\\Foundation\\Http\\Middleware\\ConvertEmptyStringsToNull.php(31): Illuminate\\Foundation\\Http\\Middleware\\TransformsRequest->handle(Object(Illuminate\\Http\\Request), Object(Closure))
#48 C:\\Users\\HP\\Documents\\laravel\\workunity-app\\vendor\\laravel\\framework\\src\\Illuminate\\Pipeline\\Pipeline.php(183): Illuminate\\Foundation\\Http\\Middleware\\ConvertEmptyStringsToNull->handle(Object(Illuminate\\Http\\Request), Object(Closure))
#49 C:\\Users\\HP\\Documents\\laravel\\workunity-app\\vendor\\laravel\\framework\\src\\Illuminate\\Foundation\\Http\\Middleware\\TransformsRequest.php(21): Illuminate\\Pipeline\\Pipeline->Illuminate\\Pipeline\\{closure}(Object(Illuminate\\Http\\Request))
#50 C:\\Users\\HP\\Documents\\laravel\\workunity-app\\vendor\\laravel\\framework\\src\\Illuminate\\Foundation\\Http\\Middleware\\TrimStrings.php(40): Illuminate\\Foundation\\Http\\Middleware\\TransformsRequest->handle(Object(Illuminate\\Http\\Request), Object(Closure))
#51 C:\\Users\\HP\\Documents\\laravel\\workunity-app\\vendor\\laravel\\framework\\src\\Illuminate\\Pipeline\\Pipeline.php(183): Illuminate\\Foundation\\Http\\Middleware\\TrimStrings->handle(Object(Illuminate\\Http\\Request), Object(Closure))
#52 C:\\Users\\HP\\Documents\\laravel\\workunity-app\\vendor\\laravel\\framework\\src\\Illuminate\\Foundation\\Http\\Middleware\\ValidatePostSize.php(27): Illuminate\\Pipeline\\Pipeline->Illuminate\\Pipeline\\{closure}(Object(Illuminate\\Http\\Request))
#53 C:\\Users\\HP\\Documents\\laravel\\workunity-app\\vendor\\laravel\\framework\\src\\Illuminate\\Pipeline\\Pipeline.php(183): Illuminate\\Foundation\\Http\\Middleware\\ValidatePostSize->handle(Object(Illuminate\\Http\\Request), Object(Closure))
#54 C:\\Users\\HP\\Documents\\laravel\\workunity-app\\vendor\\laravel\\framework\\src\\Illuminate\\Foundation\\Http\\Middleware\\PreventRequestsDuringMaintenance.php(99): Illuminate\\Pipeline\\Pipeline->Illuminate\\Pipeline\\{closure}(Object(Illuminate\\Http\\Request))
#55 C:\\Users\\HP\\Documents\\laravel\\workunity-app\\vendor\\laravel\\framework\\src\\Illuminate\\Pipeline\\Pipeline.php(183): Illuminate\\Foundation\\Http\\Middleware\\PreventRequestsDuringMaintenance->handle(Object(Illuminate\\Http\\Request), Object(Closure))
#56 C:\\Users\\HP\\Documents\\laravel\\workunity-app\\vendor\\laravel\\framework\\src\\Illuminate\\Http\\Middleware\\HandleCors.php(49): Illuminate\\Pipeline\\Pipeline->Illuminate\\Pipeline\\{closure}(Object(Illuminate\\Http\\Request))
#57 C:\\Users\\HP\\Documents\\laravel\\workunity-app\\vendor\\laravel\\framework\\src\\Illuminate\\Pipeline\\Pipeline.php(183): Illuminate\\Http\\Middleware\\HandleCors->handle(Object(Illuminate\\Http\\Request), Object(Closure))
#58 C:\\Users\\HP\\Documents\\laravel\\workunity-app\\vendor\\laravel\\framework\\src\\Illuminate\\Http\\Middleware\\TrustProxies.php(39): Illuminate\\Pipeline\\Pipeline->Illuminate\\Pipeline\\{closure}(Object(Illuminate\\Http\\Request))
#59 C:\\Users\\HP\\Documents\\laravel\\workunity-app\\vendor\\laravel\\framework\\src\\Illuminate\\Pipeline\\Pipeline.php(183): Illuminate\\Http\\Middleware\\TrustProxies->handle(Object(Illuminate\\Http\\Request), Object(Closure))
#60 C:\\Users\\HP\\Documents\\laravel\\workunity-app\\vendor\\laravel\\framework\\src\\Illuminate\\Pipeline\\Pipeline.php(119): Illuminate\\Pipeline\\Pipeline->Illuminate\\Pipeline\\{closure}(Object(Illuminate\\Http\\Request))
#61 C:\\Users\\HP\\Documents\\laravel\\workunity-app\\vendor\\laravel\\framework\\src\\Illuminate\\Foundation\\Http\\Kernel.php(175): Illuminate\\Pipeline\\Pipeline->then(Object(Closure))
#62 C:\\Users\\HP\\Documents\\laravel\\workunity-app\\vendor\\laravel\\framework\\src\\Illuminate\\Foundation\\Http\\Kernel.php(144): Illuminate\\Foundation\\Http\\Kernel->sendRequestThroughRouter(Object(Illuminate\\Http\\Request))
#63 C:\\Users\\HP\\Documents\\laravel\\workunity-app\\public\\index.php(51): Illuminate\\Foundation\\Http\\Kernel->handle(Object(Illuminate\\Http\\Request))
#64 C:\\Users\\HP\\Documents\\laravel\\workunity-app\\vendor\\laravel\\framework\\src\\Illuminate\\Foundation\\resources\\server.php(16): require_once('C:\\\\Users\\\\HP\\\\Doc...')
#65 {main}
"} 
[2025-10-24 22:08:16] local.ERROR: SQLSTATE[42S01]: Base table or view already exists: 1050 Table 'employees' already exists (Connection: mysql, SQL: create table `employees` (`id` bigint unsigned not null auto_increment primary key, `created_at` timestamp null, `updated_at` timestamp null) default character set utf8mb4 collate 'utf8mb4_unicode_ci') {"exception":"[object] (Illuminate\\Database\\QueryException(code: 42S01): SQLSTATE[42S01]: Base table or view already exists: 1050 Table 'employees' already exists (Connection: mysql, SQL: create table `employees` (`id` bigint unsigned not null auto_increment primary key, `created_at` timestamp null, `updated_at` timestamp null) default character set utf8mb4 collate 'utf8mb4_unicode_ci') at C:\\Users\\HP\\Documents\\laravel\\workunity-app\\vendor\\laravel\\framework\\src\\Illuminate\\Database\\Connection.php:829)
[stacktrace]
#0 C:\\Users\\HP\\Documents\\laravel\\workunity-app\\vendor\\laravel\\framework\\src\\Illuminate\\Database\\Connection.php(783): Illuminate\\Database\\Connection->runQueryCallback('create table `e...', Array, Object(Closure))
#1 C:\\Users\\HP\\Documents\\laravel\\workunity-app\\vendor\\laravel\\framework\\src\\Illuminate\\Database\\Connection.php(576): Illuminate\\Database\\Connection->run('create table `e...', Array, Object(Closure))
#2 C:\\Users\\HP\\Documents\\laravel\\workunity-app\\vendor\\laravel\\framework\\src\\Illuminate\\Database\\Schema\\Blueprint.php(110): Illuminate\\Database\\Connection->statement('create table `e...')
#3 C:\\Users\\HP\\Documents\\laravel\\workunity-app\\vendor\\laravel\\framework\\src\\Illuminate\\Database\\Schema\\Builder.php(602): Illuminate\\Database\\Schema\\Blueprint->build(Object(Illuminate\\Database\\MySqlConnection), Object(Illuminate\\Database\\Schema\\Grammars\\MySqlGrammar))
#4 C:\\Users\\HP\\Documents\\laravel\\workunity-app\\vendor\\laravel\\framework\\src\\Illuminate\\Database\\Schema\\Builder.php(456): Illuminate\\Database\\Schema\\Builder->build(Object(Illuminate\\Database\\Schema\\Blueprint))
#5 C:\\Users\\HP\\Documents\\laravel\\workunity-app\\vendor\\laravel\\framework\\src\\Illuminate\\Support\\Facades\\Facade.php(355): Illuminate\\Database\\Schema\\Builder->create('employees', Object(Closure))
#6 C:\\Users\\HP\\Documents\\laravel\\workunity-app\\database\\migrations\\2025_10_24_213508_create_employees_table.php(14): Illuminate\\Support\\Facades\\Facade::__callStatic('create', Array)
#7 C:\\Users\\HP\\Documents\\laravel\\workunity-app\\vendor\\laravel\\framework\\src\\Illuminate\\Database\\Migrations\\Migrator.php(501): Illuminate\\Database\\Migrations\\Migration@anonymous->up()
#8 C:\\Users\\HP\\Documents\\laravel\\workunity-app\\vendor\\laravel\\framework\\src\\Illuminate\\Database\\Migrations\\Migrator.php(418): Illuminate\\Database\\Migrations\\Migrator->runMethod(Object(Illuminate\\Database\\MySqlConnection), Object(Illuminate\\Database\\Migrations\\Migration@anonymous), 'up')
#9 C:\\Users\\HP\\Documents\\laravel\\workunity-app\\vendor\\laravel\\framework\\src\\Illuminate\\Database\\Migrations\\Migrator.php(427): Illuminate\\Database\\Migrations\\Migrator->Illuminate\\Database\\Migrations\\{closure}()
#10 C:\\Users\\HP\\Documents\\laravel\\workunity-app\\vendor\\laravel\\framework\\src\\Illuminate\\Database\\Migrations\\Migrator.php(224): Illuminate\\Database\\Migrations\\Migrator->runMigration(Object(Illuminate\\Database\\Migrations\\Migration@anonymous), 'up')
#11 C:\\Users\\HP\\Documents\\laravel\\workunity-app\\vendor\\laravel\\framework\\src\\Illuminate\\Console\\View\\Components\\Task.php(37): Illuminate\\Database\\Migrations\\Migrator->Illuminate\\Database\\Migrations\\{closure}()
#12 C:\\Users\\HP\\Documents\\laravel\\workunity-app\\vendor\\laravel\\framework\\src\\Illuminate\\Database\\Migrations\\Migrator.php(783): Illuminate\\Console\\View\\Components\\Task->render('2025_10_24_2135...', Object(Closure))
#13 C:\\Users\\HP\\Documents\\laravel\\workunity-app\\vendor\\laravel\\framework\\src\\Illuminate\\Database\\Migrations\\Migrator.php(224): Illuminate\\Database\\Migrations\\Migrator->write('Illuminate\\\\Cons...', '2025_10_24_2135...', Object(Closure))
#14 C:\\Users\\HP\\Documents\\laravel\\workunity-app\\vendor\\laravel\\framework\\src\\Illuminate\\Database\\Migrations\\Migrator.php(189): Illuminate\\Database\\Migrations\\Migrator->runUp('C:\\\\Users\\\\HP\\\\Doc...', 1, false)
#15 C:\\Users\\HP\\Documents\\laravel\\workunity-app\\vendor\\laravel\\framework\\src\\Illuminate\\Database\\Migrations\\Migrator.php(132): Illuminate\\Database\\Migrations\\Migrator->runPending(Array, Array)
#16 C:\\Users\\HP\\Documents\\laravel\\workunity-app\\vendor\\laravel\\framework\\src\\Illuminate\\Database\\Console\\Migrations\\MigrateCommand.php(90): Illuminate\\Database\\Migrations\\Migrator->run(Array, Array)
#17 C:\\Users\\HP\\Documents\\laravel\\workunity-app\\vendor\\laravel\\framework\\src\\Illuminate\\Database\\Migrations\\Migrator.php(641): Illuminate\\Database\\Console\\Migrations\\MigrateCommand->Illuminate\\Database\\Console\\Migrations\\{closure}()
#18 C:\\Users\\HP\\Documents\\laravel\\workunity-app\\vendor\\laravel\\framework\\src\\Illuminate\\Database\\Console\\Migrations\\MigrateCommand.php(83): Illuminate\\Database\\Migrations\\Migrator->usingConnection(NULL, Object(Closure))
#19 C:\\Users\\HP\\Documents\\laravel\\workunity-app\\vendor\\laravel\\framework\\src\\Illuminate\\Container\\BoundMethod.php(36): Illuminate\\Database\\Console\\Migrations\\MigrateCommand->handle()
#20 C:\\Users\\HP\\Documents\\laravel\\workunity-app\\vendor\\laravel\\framework\\src\\Illuminate\\Container\\Util.php(41): Illuminate\\Container\\BoundMethod::Illuminate\\Container\\{closure}()
#21 C:\\Users\\HP\\Documents\\laravel\\workunity-app\\vendor\\laravel\\framework\\src\\Illuminate\\Container\\BoundMethod.php(93): Illuminate\\Container\\Util::unwrapIfClosure(Object(Closure))
#22 C:\\Users\\HP\\Documents\\laravel\\workunity-app\\vendor\\laravel\\framework\\src\\Illuminate\\Container\\BoundMethod.php(35): Illuminate\\Container\\BoundMethod::callBoundMethod(Object(Illuminate\\Foundation\\Application), Array, Object(Closure))
#23 C:\\Users\\HP\\Documents\\laravel\\workunity-app\\vendor\\laravel\\framework\\src\\Illuminate\\Container\\Container.php(662): Illuminate\\Container\\BoundMethod::call(Object(Illuminate\\Foundation\\Application), Array, Array, NULL)
#24 C:\\Users\\HP\\Documents\\laravel\\workunity-app\\vendor\\laravel\\framework\\src\\Illuminate\\Console\\Command.php(211): Illuminate\\Container\\Container->call(Array)
#25 C:\\Users\\HP\\Documents\\laravel\\workunity-app\\vendor\\symfony\\console\\Command\\Command.php(326): Illuminate\\Console\\Command->execute(Object(Symfony\\Component\\Console\\Input\\ArgvInput), Object(Illuminate\\Console\\OutputStyle))
#26 C:\\Users\\HP\\Documents\\laravel\\workunity-app\\vendor\\laravel\\framework\\src\\Illuminate\\Console\\Command.php(180): Symfony\\Component\\Console\\Command\\Command->run(Object(Symfony\\Component\\Console\\Input\\ArgvInput), Object(Illuminate\\Console\\OutputStyle))
#27 C:\\Users\\HP\\Documents\\laravel\\workunity-app\\vendor\\symfony\\console\\Application.php(1096): Illuminate\\Console\\Command->run(Object(Symfony\\Component\\Console\\Input\\ArgvInput), Object(Symfony\\Component\\Console\\Output\\ConsoleOutput))
#28 C:\\Users\\HP\\Documents\\laravel\\workunity-app\\vendor\\symfony\\console\\Application.php(324): Symfony\\Component\\Console\\Application->doRunCommand(Object(Illuminate\\Database\\Console\\Migrations\\MigrateCommand), Object(Symfony\\Component\\Console\\Input\\ArgvInput), Object(Symfony\\Component\\Console\\Output\\ConsoleOutput))
#29 C:\\Users\\HP\\Documents\\laravel\\workunity-app\\vendor\\symfony\\console\\Application.php(175): Symfony\\Component\\Console\\Application->doRun(Object(Symfony\\Component\\Console\\Input\\ArgvInput), Object(Symfony\\Component\\Console\\Output\\ConsoleOutput))
#30 C:\\Users\\HP\\Documents\\laravel\\workunity-app\\vendor\\laravel\\framework\\src\\Illuminate\\Foundation\\Console\\Kernel.php(201): Symfony\\Component\\Console\\Application->run(Object(Symfony\\Component\\Console\\Input\\ArgvInput), Object(Symfony\\Component\\Console\\Output\\ConsoleOutput))
#31 C:\\Users\\HP\\Documents\\laravel\\workunity-app\\artisan(35): Illuminate\\Foundation\\Console\\Kernel->handle(Object(Symfony\\Component\\Console\\Input\\ArgvInput), Object(Symfony\\Component\\Console\\Output\\ConsoleOutput))
#32 {main}

[previous exception] [object] (PDOException(code: 42S01): SQLSTATE[42S01]: Base table or view already exists: 1050 Table 'employees' already exists at C:\\Users\\HP\\Documents\\laravel\\workunity-app\\vendor\\laravel\\framework\\src\\Illuminate\\Database\\Connection.php:587)
[stacktrace]
#0 C:\\Users\\HP\\Documents\\laravel\\workunity-app\\vendor\\laravel\\framework\\src\\Illuminate\\Database\\Connection.php(587): PDOStatement->execute()
#1 C:\\Users\\HP\\Documents\\laravel\\workunity-app\\vendor\\laravel\\framework\\src\\Illuminate\\Database\\Connection.php(816): Illuminate\\Database\\Connection->Illuminate\\Database\\{closure}('create table `e...', Array)
#2 C:\\Users\\HP\\Documents\\laravel\\workunity-app\\vendor\\laravel\\framework\\src\\Illuminate\\Database\\Connection.php(783): Illuminate\\Database\\Connection->runQueryCallback('create table `e...', Array, Object(Closure))
#3 C:\\Users\\HP\\Documents\\laravel\\workunity-app\\vendor\\laravel\\framework\\src\\Illuminate\\Database\\Connection.php(576): Illuminate\\Database\\Connection->run('create table `e...', Array, Object(Closure))
#4 C:\\Users\\HP\\Documents\\laravel\\workunity-app\\vendor\\laravel\\framework\\src\\Illuminate\\Database\\Schema\\Blueprint.php(110): Illuminate\\Database\\Connection->statement('create table `e...')
#5 C:\\Users\\HP\\Documents\\laravel\\workunity-app\\vendor\\laravel\\framework\\src\\Illuminate\\Database\\Schema\\Builder.php(602): Illuminate\\Database\\Schema\\Blueprint->build(Object(Illuminate\\Database\\MySqlConnection), Object(Illuminate\\Database\\Schema\\Grammars\\MySqlGrammar))
#6 C:\\Users\\HP\\Documents\\laravel\\workunity-app\\vendor\\laravel\\framework\\src\\Illuminate\\Database\\Schema\\Builder.php(456): Illuminate\\Database\\Schema\\Builder->build(Object(Illuminate\\Database\\Schema\\Blueprint))
#7 C:\\Users\\HP\\Documents\\laravel\\workunity-app\\vendor\\laravel\\framework\\src\\Illuminate\\Support\\Facades\\Facade.php(355): Illuminate\\Database\\Schema\\Builder->create('employees', Object(Closure))
#8 C:\\Users\\HP\\Documents\\laravel\\workunity-app\\database\\migrations\\2025_10_24_213508_create_employees_table.php(14): Illuminate\\Support\\Facades\\Facade::__callStatic('create', Array)
#9 C:\\Users\\HP\\Documents\\laravel\\workunity-app\\vendor\\laravel\\framework\\src\\Illuminate\\Database\\Migrations\\Migrator.php(501): Illuminate\\Database\\Migrations\\Migration@anonymous->up()
#10 C:\\Users\\HP\\Documents\\laravel\\workunity-app\\vendor\\laravel\\framework\\src\\Illuminate\\Database\\Migrations\\Migrator.php(418): Illuminate\\Database\\Migrations\\Migrator->runMethod(Object(Illuminate\\Database\\MySqlConnection), Object(Illuminate\\Database\\Migrations\\Migration@anonymous), 'up')
#11 C:\\Users\\HP\\Documents\\laravel\\workunity-app\\vendor\\laravel\\framework\\src\\Illuminate\\Database\\Migrations\\Migrator.php(427): Illuminate\\Database\\Migrations\\Migrator->Illuminate\\Database\\Migrations\\{closure}()
#12 C:\\Users\\HP\\Documents\\laravel\\workunity-app\\vendor\\laravel\\framework\\src\\Illuminate\\Database\\Migrations\\Migrator.php(224): Illuminate\\Database\\Migrations\\Migrator->runMigration(Object(Illuminate\\Database\\Migrations\\Migration@anonymous), 'up')
#13 C:\\Users\\HP\\Documents\\laravel\\workunity-app\\vendor\\laravel\\framework\\src\\Illuminate\\Console\\View\\Components\\Task.php(37): Illuminate\\Database\\Migrations\\Migrator->Illuminate\\Database\\Migrations\\{closure}()
#14 C:\\Users\\HP\\Documents\\laravel\\workunity-app\\vendor\\laravel\\framework\\src\\Illuminate\\Database\\Migrations\\Migrator.php(783): Illuminate\\Console\\View\\Components\\Task->render('2025_10_24_2135...', Object(Closure))
#15 C:\\Users\\HP\\Documents\\laravel\\workunity-app\\vendor\\laravel\\framework\\src\\Illuminate\\Database\\Migrations\\Migrator.php(224): Illuminate\\Database\\Migrations\\Migrator->write('Illuminate\\\\Cons...', '2025_10_24_2135...', Object(Closure))
#16 C:\\Users\\HP\\Documents\\laravel\\workunity-app\\vendor\\laravel\\framework\\src\\Illuminate\\Database\\Migrations\\Migrator.php(189): Illuminate\\Database\\Migrations\\Migrator->runUp('C:\\\\Users\\\\HP\\\\Doc...', 1, false)
#17 C:\\Users\\HP\\Documents\\laravel\\workunity-app\\vendor\\laravel\\framework\\src\\Illuminate\\Database\\Migrations\\Migrator.php(132): Illuminate\\Database\\Migrations\\Migrator->runPending(Array, Array)
#18 C:\\Users\\HP\\Documents\\laravel\\workunity-app\\vendor\\laravel\\framework\\src\\Illuminate\\Database\\Console\\Migrations\\MigrateCommand.php(90): Illuminate\\Database\\Migrations\\Migrator->run(Array, Array)
#19 C:\\Users\\HP\\Documents\\laravel\\workunity-app\\vendor\\laravel\\framework\\src\\Illuminate\\Database\\Migrations\\Migrator.php(641): Illuminate\\Database\\Console\\Migrations\\MigrateCommand->Illuminate\\Database\\Console\\Migrations\\{closure}()
#20 C:\\Users\\HP\\Documents\\laravel\\workunity-app\\vendor\\laravel\\framework\\src\\Illuminate\\Database\\Console\\Migrations\\MigrateCommand.php(83): Illuminate\\Database\\Migrations\\Migrator->usingConnection(NULL, Object(Closure))
#21 C:\\Users\\HP\\Documents\\laravel\\workunity-app\\vendor\\laravel\\framework\\src\\Illuminate\\Container\\BoundMethod.php(36): Illuminate\\Database\\Console\\Migrations\\MigrateCommand->handle()
#22 C:\\Users\\HP\\Documents\\laravel\\workunity-app\\vendor\\laravel\\framework\\src\\Illuminate\\Container\\Util.php(41): Illuminate\\Container\\BoundMethod::Illuminate\\Container\\{closure}()
#23 C:\\Users\\HP\\Documents\\laravel\\workunity-app\\vendor\\laravel\\framework\\src\\Illuminate\\Container\\BoundMethod.php(93): Illuminate\\Container\\Util::unwrapIfClosure(Object(Closure))
#24 C:\\Users\\HP\\Documents\\laravel\\workunity-app\\vendor\\laravel\\framework\\src\\Illuminate\\Container\\BoundMethod.php(35): Illuminate\\Container\\BoundMethod::callBoundMethod(Object(Illuminate\\Foundation\\Application), Array, Object(Closure))
#25 C:\\Users\\HP\\Documents\\laravel\\workunity-app\\vendor\\laravel\\framework\\src\\Illuminate\\Container\\Container.php(662): Illuminate\\Container\\BoundMethod::call(Object(Illuminate\\Foundation\\Application), Array, Array, NULL)
#26 C:\\Users\\HP\\Documents\\laravel\\workunity-app\\vendor\\laravel\\framework\\src\\Illuminate\\Console\\Command.php(211): Illuminate\\Container\\Container->call(Array)
#27 C:\\Users\\HP\\Documents\\laravel\\workunity-app\\vendor\\symfony\\console\\Command\\Command.php(326): Illuminate\\Console\\Command->execute(Object(Symfony\\Component\\Console\\Input\\ArgvInput), Object(Illuminate\\Console\\OutputStyle))
#28 C:\\Users\\HP\\Documents\\laravel\\workunity-app\\vendor\\laravel\\framework\\src\\Illuminate\\Console\\Command.php(180): Symfony\\Component\\Console\\Command\\Command->run(Object(Symfony\\Component\\Console\\Input\\ArgvInput), Object(Illuminate\\Console\\OutputStyle))
#29 C:\\Users\\HP\\Documents\\laravel\\workunity-app\\vendor\\symfony\\console\\Application.php(1096): Illuminate\\Console\\Command->run(Object(Symfony\\Component\\Console\\Input\\ArgvInput), Object(Symfony\\Component\\Console\\Output\\ConsoleOutput))
#30 C:\\Users\\HP\\Documents\\laravel\\workunity-app\\vendor\\symfony\\console\\Application.php(324): Symfony\\Component\\Console\\Application->doRunCommand(Object(Illuminate\\Database\\Console\\Migrations\\MigrateCommand), Object(Symfony\\Component\\Console\\Input\\ArgvInput), Object(Symfony\\Component\\Console\\Output\\ConsoleOutput))
#31 C:\\Users\\HP\\Documents\\laravel\\workunity-app\\vendor\\symfony\\console\\Application.php(175): Symfony\\Component\\Console\\Application->doRun(Object(Symfony\\Component\\Console\\Input\\ArgvInput), Object(Symfony\\Component\\Console\\Output\\ConsoleOutput))
#32 C:\\Users\\HP\\Documents\\laravel\\workunity-app\\vendor\\laravel\\framework\\src\\Illuminate\\Foundation\\Console\\Kernel.php(201): Symfony\\Component\\Console\\Application->run(Object(Symfony\\Component\\Console\\Input\\ArgvInput), Object(Symfony\\Component\\Console\\Output\\ConsoleOutput))
#33 C:\\Users\\HP\\Documents\\laravel\\workunity-app\\artisan(35): Illuminate\\Foundation\\Console\\Kernel->handle(Object(Symfony\\Component\\Console\\Input\\ArgvInput), Object(Symfony\\Component\\Console\\Output\\ConsoleOutput))
#34 {main}
"} 
[2025-10-24 22:08:26] local.ERROR: View [layouts.app] not found. {"view":{"view":"C:\\Users\\HP\\Documents\\laravel\\workunity-app\\resources\\views\\employees\\index.blade.php","data":{"errors":"<pre class=sf-dump id=sf-dump-665560591 data-indent-pad=\"  \"><span class=sf-dump-note>Illuminate\\Support\\ViewErrorBag</span> {<a class=sf-dump-ref>#968</a><samp data-depth=1 class=sf-dump-expanded>
  #<span class=sf-dump-protected title=\"Protected property\">bags</span>: []
</samp>}
</pre><script>Sfdump(\"sf-dump-665560591\", {\"maxDepth\":3,\"maxStringLength\":160})</script>
","employees":"<pre class=sf-dump id=sf-dump-672437896 data-indent-pad=\"  \"><span class=sf-dump-note>Illuminate\\Pagination\\LengthAwarePaginator</span> {<a class=sf-dump-ref>#995</a><samp data-depth=1 class=sf-dump-expanded>
  #<span class=sf-dump-protected title=\"Protected property\">items</span>: <span class=\"sf-dump-note sf-dump-ellipsization\" title=\"Illuminate\\Database\\Eloquent\\Collection
\"><span class=\"sf-dump-ellipsis sf-dump-ellipsis-note\">Illuminate\\Database\\Eloquent</span><span class=\"sf-dump-ellipsis sf-dump-ellipsis-note\">\\</span><span class=\"sf-dump-ellipsis-tail\">Collection</span></span> {<a class=sf-dump-ref>#989</a><samp data-depth=2 class=sf-dump-compact>
    #<span class=sf-dump-protected title=\"Protected property\">items</span>: []
    #<span class=sf-dump-protected title=\"Protected property\">escapeWhenCastingToString</span>: <span class=sf-dump-const>false</span>
  </samp>}
  #<span class=sf-dump-protected title=\"Protected property\">perPage</span>: <span class=sf-dump-num>15</span>
  #<span class=sf-dump-protected title=\"Protected property\">currentPage</span>: <span class=sf-dump-num>1</span>
  #<span class=sf-dump-protected title=\"Protected property\">path</span>: \"<span class=sf-dump-str title=\"31 characters\">http://127.0.0.1:8000/employees</span>\"
  #<span class=sf-dump-protected title=\"Protected property\">query</span>: []
  #<span class=sf-dump-protected title=\"Protected property\">fragment</span>: <span class=sf-dump-const>null</span>
  #<span class=sf-dump-protected title=\"Protected property\">pageName</span>: \"<span class=sf-dump-str title=\"4 characters\">page</span>\"
  +<span class=sf-dump-public title=\"Public property\">onEachSide</span>: <span class=sf-dump-num>3</span>
  #<span class=sf-dump-protected title=\"Protected property\">options</span>: <span class=sf-dump-note>array:2</span> [<samp data-depth=2 class=sf-dump-compact>
    \"<span class=sf-dump-key>path</span>\" => \"<span class=sf-dump-str title=\"31 characters\">http://127.0.0.1:8000/employees</span>\"
    \"<span class=sf-dump-key>pageName</span>\" => \"<span class=sf-dump-str title=\"4 characters\">page</span>\"
  </samp>]
  #<span class=sf-dump-protected title=\"Protected property\">total</span>: <span class=sf-dump-num>0</span>
  #<span class=sf-dump-protected title=\"Protected property\">lastPage</span>: <span class=sf-dump-num>1</span>
</samp>}
</pre><script>Sfdump(\"sf-dump-672437896\", {\"maxDepth\":3,\"maxStringLength\":160})</script>
"}},"exception":"[object] (Spatie\\LaravelIgnition\\Exceptions\\ViewException(code: 0): View [layouts.app] not found. at C:\\Users\\HP\\Documents\\laravel\\workunity-app\\vendor\\laravel\\framework\\src\\Illuminate\\View\\FileViewFinder.php:137)
[stacktrace]
#0 C:\\Users\\HP\\Documents\\laravel\\workunity-app\\vendor\\laravel\\framework\\src\\Illuminate\\View\\FileViewFinder.php(79): Illuminate\\View\\FileViewFinder->findInPaths('layouts.app', Array)
#1 C:\\Users\\HP\\Documents\\laravel\\workunity-app\\vendor\\laravel\\framework\\src\\Illuminate\\View\\Factory.php(137): Illuminate\\View\\FileViewFinder->find('layouts.app')
#2 C:\\Users\\HP\\Documents\\laravel\\workunity-app\\resources\\views\\employees\\index.blade.php(46): Illuminate\\View\\Factory->make('layouts.app', Array)
#3 C:\\Users\\HP\\Documents\\laravel\\workunity-app\\vendor\\laravel\\framework\\src\\Illuminate\\Filesystem\\Filesystem.php(123): require('C:\\\\Users\\\\HP\\\\Doc...')
#4 C:\\Users\\HP\\Documents\\laravel\\workunity-app\\vendor\\laravel\\framework\\src\\Illuminate\\Filesystem\\Filesystem.php(124): Illuminate\\Filesystem\\Filesystem::Illuminate\\Filesystem\\{closure}()
#5 C:\\Users\\HP\\Documents\\laravel\\workunity-app\\vendor\\laravel\\framework\\src\\Illuminate\\View\\Engines\\PhpEngine.php(58): Illuminate\\Filesystem\\Filesystem->getRequire('C:\\\\Users\\\\HP\\\\Doc...', Array)
#6 C:\\Users\\HP\\Documents\\laravel\\workunity-app\\vendor\\laravel\\framework\\src\\Illuminate\\View\\Engines\\CompilerEngine.php(72): Illuminate\\View\\Engines\\PhpEngine->evaluatePath('C:\\\\Users\\\\HP\\\\Doc...', Array)
#7 C:\\Users\\HP\\Documents\\laravel\\workunity-app\\vendor\\laravel\\framework\\src\\Illuminate\\View\\View.php(207): Illuminate\\View\\Engines\\CompilerEngine->get('C:\\\\Users\\\\HP\\\\Doc...', Array)
#8 C:\\Users\\HP\\Documents\\laravel\\workunity-app\\vendor\\laravel\\framework\\src\\Illuminate\\View\\View.php(190): Illuminate\\View\\View->getContents()
#9 C:\\Users\\HP\\Documents\\laravel\\workunity-app\\vendor\\laravel\\framework\\src\\Illuminate\\View\\View.php(159): Illuminate\\View\\View->renderContents()
#10 C:\\Users\\HP\\Documents\\laravel\\workunity-app\\vendor\\laravel\\framework\\src\\Illuminate\\Http\\Response.php(69): Illuminate\\View\\View->render()
#11 C:\\Users\\HP\\Documents\\laravel\\workunity-app\\vendor\\laravel\\framework\\src\\Illuminate\\Http\\Response.php(35): Illuminate\\Http\\Response->setContent(Object(Illuminate\\View\\View))
#12 C:\\Users\\HP\\Documents\\laravel\\workunity-app\\vendor\\laravel\\framework\\src\\Illuminate\\Routing\\Router.php(918): Illuminate\\Http\\Response->__construct(Object(Illuminate\\View\\View), 200, Array)
#13 C:\\Users\\HP\\Documents\\laravel\\workunity-app\\vendor\\laravel\\framework\\src\\Illuminate\\Routing\\Router.php(885): Illuminate\\Routing\\Router::toResponse(Object(Illuminate\\Http\\Request), Object(Illuminate\\View\\View))
#14 C:\\Users\\HP\\Documents\\laravel\\workunity-app\\vendor\\laravel\\framework\\src\\Illuminate\\Routing\\Router.php(805): Illuminate\\Routing\\Router->prepareResponse(Object(Illuminate\\Http\\Request), Object(Illuminate\\View\\View))
#15 C:\\Users\\HP\\Documents\\laravel\\workunity-app\\vendor\\laravel\\framework\\src\\Illuminate\\Pipeline\\Pipeline.php(144): Illuminate\\Routing\\Router->Illuminate\\Routing\\{closure}(Object(Illuminate\\Http\\Request))
#16 C:\\Users\\HP\\Documents\\laravel\\workunity-app\\vendor\\laravel\\framework\\src\\Illuminate\\Routing\\Middleware\\SubstituteBindings.php(50): Illuminate\\Pipeline\\Pipeline->Illuminate\\Pipeline\\{closure}(Object(Illuminate\\Http\\Request))
#17 C:\\Users\\HP\\Documents\\laravel\\workunity-app\\vendor\\laravel\\framework\\src\\Illuminate\\Pipeline\\Pipeline.php(183): Illuminate\\Routing\\Middleware\\SubstituteBindings->handle(Object(Illuminate\\Http\\Request), Object(Closure))
#18 C:\\Users\\HP\\Documents\\laravel\\workunity-app\\vendor\\laravel\\framework\\src\\Illuminate\\Foundation\\Http\\Middleware\\VerifyCsrfToken.php(78): Illuminate\\Pipeline\\Pipeline->Illuminate\\Pipeline\\{closure}(Object(Illuminate\\Http\\Request))
#19 C:\\Users\\HP\\Documents\\laravel\\workunity-app\\vendor\\laravel\\framework\\src\\Illuminate\\Pipeline\\Pipeline.php(183): Illuminate\\Foundation\\Http\\Middleware\\VerifyCsrfToken->handle(Object(Illuminate\\Http\\Request), Object(Closure))
#20 C:\\Users\\HP\\Documents\\laravel\\workunity-app\\vendor\\laravel\\framework\\src\\Illuminate\\View\\Middleware\\ShareErrorsFromSession.php(49): Illuminate\\Pipeline\\Pipeline->Illuminate\\Pipeline\\{closure}(Object(Illuminate\\Http\\Request))
#21 C:\\Users\\HP\\Documents\\laravel\\workunity-app\\vendor\\laravel\\framework\\src\\Illuminate\\Pipeline\\Pipeline.php(183): Illuminate\\View\\Middleware\\ShareErrorsFromSession->handle(Object(Illuminate\\Http\\Request), Object(Closure))
#22 C:\\Users\\HP\\Documents\\laravel\\workunity-app\\vendor\\laravel\\framework\\src\\Illuminate\\Session\\Middleware\\StartSession.php(121): Illuminate\\Pipeline\\Pipeline->Illuminate\\Pipeline\\{closure}(Object(Illuminate\\Http\\Request))
#23 C:\\Users\\HP\\Documents\\laravel\\workunity-app\\vendor\\laravel\\framework\\src\\Illuminate\\Session\\Middleware\\StartSession.php(64): Illuminate\\Session\\Middleware\\StartSession->handleStatefulRequest(Object(Illuminate\\Http\\Request), Object(Illuminate\\Session\\Store), Object(Closure))
#24 C:\\Users\\HP\\Documents\\laravel\\workunity-app\\vendor\\laravel\\framework\\src\\Illuminate\\Pipeline\\Pipeline.php(183): Illuminate\\Session\\Middleware\\StartSession->handle(Object(Illuminate\\Http\\Request), Object(Closure))
#25 C:\\Users\\HP\\Documents\\laravel\\workunity-app\\vendor\\laravel\\framework\\src\\Illuminate\\Cookie\\Middleware\\AddQueuedCookiesToResponse.php(37): Illuminate\\Pipeline\\Pipeline->Illuminate\\Pipeline\\{closure}(Object(Illuminate\\Http\\Request))
#26 C:\\Users\\HP\\Documents\\laravel\\workunity-app\\vendor\\laravel\\framework\\src\\Illuminate\\Pipeline\\Pipeline.php(183): Illuminate\\Cookie\\Middleware\\AddQueuedCookiesToResponse->handle(Object(Illuminate\\Http\\Request), Object(Closure))
#27 C:\\Users\\HP\\Documents\\laravel\\workunity-app\\vendor\\laravel\\framework\\src\\Illuminate\\Cookie\\Middleware\\EncryptCookies.php(67): Illuminate\\Pipeline\\Pipeline->Illuminate\\Pipeline\\{closure}(Object(Illuminate\\Http\\Request))
#28 C:\\Users\\HP\\Documents\\laravel\\workunity-app\\vendor\\laravel\\framework\\src\\Illuminate\\Pipeline\\Pipeline.php(183): Illuminate\\Cookie\\Middleware\\EncryptCookies->handle(Object(Illuminate\\Http\\Request), Object(Closure))
#29 C:\\Users\\HP\\Documents\\laravel\\workunity-app\\vendor\\laravel\\framework\\src\\Illuminate\\Pipeline\\Pipeline.php(119): Illuminate\\Pipeline\\Pipeline->Illuminate\\Pipeline\\{closure}(Object(Illuminate\\Http\\Request))
#30 C:\\Users\\HP\\Documents\\laravel\\workunity-app\\vendor\\laravel\\framework\\src\\Illuminate\\Routing\\Router.php(805): Illuminate\\Pipeline\\Pipeline->then(Object(Closure))
#31 C:\\Users\\HP\\Documents\\laravel\\workunity-app\\vendor\\laravel\\framework\\src\\Illuminate\\Routing\\Router.php(784): Illuminate\\Routing\\Router->runRouteWithinStack(Object(Illuminate\\Routing\\Route), Object(Illuminate\\Http\\Request))
#32 C:\\Users\\HP\\Documents\\laravel\\workunity-app\\vendor\\laravel\\framework\\src\\Illuminate\\Routing\\Router.php(748): Illuminate\\Routing\\Router->runRoute(Object(Illuminate\\Http\\Request), Object(Illuminate\\Routing\\Route))
#33 C:\\Users\\HP\\Documents\\laravel\\workunity-app\\vendor\\laravel\\framework\\src\\Illuminate\\Routing\\Router.php(737): Illuminate\\Routing\\Router->dispatchToRoute(Object(Illuminate\\Http\\Request))
#34 C:\\Users\\HP\\Documents\\laravel\\workunity-app\\vendor\\laravel\\framework\\src\\Illuminate\\Foundation\\Http\\Kernel.php(200): Illuminate\\Routing\\Router->dispatch(Object(Illuminate\\Http\\Request))
#35 C:\\Users\\HP\\Documents\\laravel\\workunity-app\\vendor\\laravel\\framework\\src\\Illuminate\\Pipeline\\Pipeline.php(144): Illuminate\\Foundation\\Http\\Kernel->Illuminate\\Foundation\\Http\\{closure}(Object(Illuminate\\Http\\Request))
#36 C:\\Users\\HP\\Documents\\laravel\\workunity-app\\vendor\\laravel\\framework\\src\\Illuminate\\Foundation\\Http\\Middleware\\TransformsRequest.php(21): Illuminate\\Pipeline\\Pipeline->Illuminate\\Pipeline\\{closure}(Object(Illuminate\\Http\\Request))
#37 C:\\Users\\HP\\Documents\\laravel\\workunity-app\\vendor\\laravel\\framework\\src\\Illuminate\\Foundation\\Http\\Middleware\\ConvertEmptyStringsToNull.php(31): Illuminate\\Foundation\\Http\\Middleware\\TransformsRequest->handle(Object(Illuminate\\Http\\Request), Object(Closure))
#38 C:\\Users\\HP\\Documents\\laravel\\workunity-app\\vendor\\laravel\\framework\\src\\Illuminate\\Pipeline\\Pipeline.php(183): Illuminate\\Foundation\\Http\\Middleware\\ConvertEmptyStringsToNull->handle(Object(Illuminate\\Http\\Request), Object(Closure))
#39 C:\\Users\\HP\\Documents\\laravel\\workunity-app\\vendor\\laravel\\framework\\src\\Illuminate\\Foundation\\Http\\Middleware\\TransformsRequest.php(21): Illuminate\\Pipeline\\Pipeline->Illuminate\\Pipeline\\{closure}(Object(Illuminate\\Http\\Request))
#40 C:\\Users\\HP\\Documents\\laravel\\workunity-app\\vendor\\laravel\\framework\\src\\Illuminate\\Foundation\\Http\\Middleware\\TrimStrings.php(40): Illuminate\\Foundation\\Http\\Middleware\\TransformsRequest->handle(Object(Illuminate\\Http\\Request), Object(Closure))
#41 C:\\Users\\HP\\Documents\\laravel\\workunity-app\\vendor\\laravel\\framework\\src\\Illuminate\\Pipeline\\Pipeline.php(183): Illuminate\\Foundation\\Http\\Middleware\\TrimStrings->handle(Object(Illuminate\\Http\\Request), Object(Closure))
#42 C:\\Users\\HP\\Documents\\laravel\\workunity-app\\vendor\\laravel\\framework\\src\\Illuminate\\Foundation\\Http\\Middleware\\ValidatePostSize.php(27): Illuminate\\Pipeline\\Pipeline->Illuminate\\Pipeline\\{closure}(Object(Illuminate\\Http\\Request))
#43 C:\\Users\\HP\\Documents\\laravel\\workunity-app\\vendor\\laravel\\framework\\src\\Illuminate\\Pipeline\\Pipeline.php(183): Illuminate\\Foundation\\Http\\Middleware\\ValidatePostSize->handle(Object(Illuminate\\Http\\Request), Object(Closure))
#44 C:\\Users\\HP\\Documents\\laravel\\workunity-app\\vendor\\laravel\\framework\\src\\Illuminate\\Foundation\\Http\\Middleware\\PreventRequestsDuringMaintenance.php(99): Illuminate\\Pipeline\\Pipeline->Illuminate\\Pipeline\\{closure}(Object(Illuminate\\Http\\Request))
#45 C:\\Users\\HP\\Documents\\laravel\\workunity-app\\vendor\\laravel\\framework\\src\\Illuminate\\Pipeline\\Pipeline.php(183): Illuminate\\Foundation\\Http\\Middleware\\PreventRequestsDuringMaintenance->handle(Object(Illuminate\\Http\\Request), Object(Closure))
#46 C:\\Users\\HP\\Documents\\laravel\\workunity-app\\vendor\\laravel\\framework\\src\\Illuminate\\Http\\Middleware\\HandleCors.php(49): Illuminate\\Pipeline\\Pipeline->Illuminate\\Pipeline\\{closure}(Object(Illuminate\\Http\\Request))
#47 C:\\Users\\HP\\Documents\\laravel\\workunity-app\\vendor\\laravel\\framework\\src\\Illuminate\\Pipeline\\Pipeline.php(183): Illuminate\\Http\\Middleware\\HandleCors->handle(Object(Illuminate\\Http\\Request), Object(Closure))
#48 C:\\Users\\HP\\Documents\\laravel\\workunity-app\\vendor\\laravel\\framework\\src\\Illuminate\\Http\\Middleware\\TrustProxies.php(39): Illuminate\\Pipeline\\Pipeline->Illuminate\\Pipeline\\{closure}(Object(Illuminate\\Http\\Request))
#49 C:\\Users\\HP\\Documents\\laravel\\workunity-app\\vendor\\laravel\\framework\\src\\Illuminate\\Pipeline\\Pipeline.php(183): Illuminate\\Http\\Middleware\\TrustProxies->handle(Object(Illuminate\\Http\\Request), Object(Closure))
#50 C:\\Users\\HP\\Documents\\laravel\\workunity-app\\vendor\\laravel\\framework\\src\\Illuminate\\Pipeline\\Pipeline.php(119): Illuminate\\Pipeline\\Pipeline->Illuminate\\Pipeline\\{closure}(Object(Illuminate\\Http\\Request))
#51 C:\\Users\\HP\\Documents\\laravel\\workunity-app\\vendor\\laravel\\framework\\src\\Illuminate\\Foundation\\Http\\Kernel.php(175): Illuminate\\Pipeline\\Pipeline->then(Object(Closure))
#52 C:\\Users\\HP\\Documents\\laravel\\workunity-app\\vendor\\laravel\\framework\\src\\Illuminate\\Foundation\\Http\\Kernel.php(144): Illuminate\\Foundation\\Http\\Kernel->sendRequestThroughRouter(Object(Illuminate\\Http\\Request))
#53 C:\\Users\\HP\\Documents\\laravel\\workunity-app\\public\\index.php(51): Illuminate\\Foundation\\Http\\Kernel->handle(Object(Illuminate\\Http\\Request))
#54 C:\\Users\\HP\\Documents\\laravel\\workunity-app\\vendor\\laravel\\framework\\src\\Illuminate\\Foundation\\resources\\server.php(16): require_once('C:\\\\Users\\\\HP\\\\Doc...')
#55 {main}

[previous exception] [object] (InvalidArgumentException(code: 0): View [layouts.app] not found. at C:\\Users\\HP\\Documents\\laravel\\workunity-app\\vendor\\laravel\\framework\\src\\Illuminate\\View\\FileViewFinder.php:137)
[stacktrace]
#0 C:\\Users\\HP\\Documents\\laravel\\workunity-app\\vendor\\laravel\\framework\\src\\Illuminate\\View\\FileViewFinder.php(79): Illuminate\\View\\FileViewFinder->findInPaths('layouts.app', Array)
#1 C:\\Users\\HP\\Documents\\laravel\\workunity-app\\vendor\\laravel\\framework\\src\\Illuminate\\View\\Factory.php(137): Illuminate\\View\\FileViewFinder->find('layouts.app')
#2 C:\\Users\\HP\\Documents\\laravel\\workunity-app\\storage\\framework\\views\\fcadbb368bbfe34d334cb4653ae7f50b.php(49): Illuminate\\View\\Factory->make('layouts.app', Array)
#3 C:\\Users\\HP\\Documents\\laravel\\workunity-app\\vendor\\laravel\\framework\\src\\Illuminate\\Filesystem\\Filesystem.php(123): require('C:\\\\Users\\\\HP\\\\Doc...')
#4 C:\\Users\\HP\\Documents\\laravel\\workunity-app\\vendor\\laravel\\framework\\src\\Illuminate\\Filesystem\\Filesystem.php(124): Illuminate\\Filesystem\\Filesystem::Illuminate\\Filesystem\\{closure}()
#5 C:\\Users\\HP\\Documents\\laravel\\workunity-app\\vendor\\laravel\\framework\\src\\Illuminate\\View\\Engines\\PhpEngine.php(58): Illuminate\\Filesystem\\Filesystem->getRequire('C:\\\\Users\\\\HP\\\\Doc...', Array)
#6 C:\\Users\\HP\\Documents\\laravel\\workunity-app\\vendor\\laravel\\framework\\src\\Illuminate\\View\\Engines\\CompilerEngine.php(72): Illuminate\\View\\Engines\\PhpEngine->evaluatePath('C:\\\\Users\\\\HP\\\\Doc...', Array)
#7 C:\\Users\\HP\\Documents\\laravel\\workunity-app\\vendor\\laravel\\framework\\src\\Illuminate\\View\\View.php(207): Illuminate\\View\\Engines\\CompilerEngine->get('C:\\\\Users\\\\HP\\\\Doc...', Array)
#8 C:\\Users\\HP\\Documents\\laravel\\workunity-app\\vendor\\laravel\\framework\\src\\Illuminate\\View\\View.php(190): Illuminate\\View\\View->getContents()
#9 C:\\Users\\HP\\Documents\\laravel\\workunity-app\\vendor\\laravel\\framework\\src\\Illuminate\\View\\View.php(159): Illuminate\\View\\View->renderContents()
#10 C:\\Users\\HP\\Documents\\laravel\\workunity-app\\vendor\\laravel\\framework\\src\\Illuminate\\Http\\Response.php(69): Illuminate\\View\\View->render()
#11 C:\\Users\\HP\\Documents\\laravel\\workunity-app\\vendor\\laravel\\framework\\src\\Illuminate\\Http\\Response.php(35): Illuminate\\Http\\Response->setContent(Object(Illuminate\\View\\View))
#12 C:\\Users\\HP\\Documents\\laravel\\workunity-app\\vendor\\laravel\\framework\\src\\Illuminate\\Routing\\Router.php(918): Illuminate\\Http\\Response->__construct(Object(Illuminate\\View\\View), 200, Array)
#13 C:\\Users\\HP\\Documents\\laravel\\workunity-app\\vendor\\laravel\\framework\\src\\Illuminate\\Routing\\Router.php(885): Illuminate\\Routing\\Router::toResponse(Object(Illuminate\\Http\\Request), Object(Illuminate\\View\\View))
#14 C:\\Users\\HP\\Documents\\laravel\\workunity-app\\vendor\\laravel\\framework\\src\\Illuminate\\Routing\\Router.php(805): Illuminate\\Routing\\Router->prepareResponse(Object(Illuminate\\Http\\Request), Object(Illuminate\\View\\View))
#15 C:\\Users\\HP\\Documents\\laravel\\workunity-app\\vendor\\laravel\\framework\\src\\Illuminate\\Pipeline\\Pipeline.php(144): Illuminate\\Routing\\Router->Illuminate\\Routing\\{closure}(Object(Illuminate\\Http\\Request))
#16 C:\\Users\\HP\\Documents\\laravel\\workunity-app\\vendor\\laravel\\framework\\src\\Illuminate\\Routing\\Middleware\\SubstituteBindings.php(50): Illuminate\\Pipeline\\Pipeline->Illuminate\\Pipeline\\{closure}(Object(Illuminate\\Http\\Request))
#17 C:\\Users\\HP\\Documents\\laravel\\workunity-app\\vendor\\laravel\\framework\\src\\Illuminate\\Pipeline\\Pipeline.php(183): Illuminate\\Routing\\Middleware\\SubstituteBindings->handle(Object(Illuminate\\Http\\Request), Object(Closure))
#18 C:\\Users\\HP\\Documents\\laravel\\workunity-app\\vendor\\laravel\\framework\\src\\Illuminate\\Foundation\\Http\\Middleware\\VerifyCsrfToken.php(78): Illuminate\\Pipeline\\Pipeline->Illuminate\\Pipeline\\{closure}(Object(Illuminate\\Http\\Request))
#19 C:\\Users\\HP\\Documents\\laravel\\workunity-app\\vendor\\laravel\\framework\\src\\Illuminate\\Pipeline\\Pipeline.php(183): Illuminate\\Foundation\\Http\\Middleware\\VerifyCsrfToken->handle(Object(Illuminate\\Http\\Request), Object(Closure))
#20 C:\\Users\\HP\\Documents\\laravel\\workunity-app\\vendor\\laravel\\framework\\src\\Illuminate\\View\\Middleware\\ShareErrorsFromSession.php(49): Illuminate\\Pipeline\\Pipeline->Illuminate\\Pipeline\\{closure}(Object(Illuminate\\Http\\Request))
#21 C:\\Users\\HP\\Documents\\laravel\\workunity-app\\vendor\\laravel\\framework\\src\\Illuminate\\Pipeline\\Pipeline.php(183): Illuminate\\View\\Middleware\\ShareErrorsFromSession->handle(Object(Illuminate\\Http\\Request), Object(Closure))
#22 C:\\Users\\HP\\Documents\\laravel\\workunity-app\\vendor\\laravel\\framework\\src\\Illuminate\\Session\\Middleware\\StartSession.php(121): Illuminate\\Pipeline\\Pipeline->Illuminate\\Pipeline\\{closure}(Object(Illuminate\\Http\\Request))
#23 C:\\Users\\HP\\Documents\\laravel\\workunity-app\\vendor\\laravel\\framework\\src\\Illuminate\\Session\\Middleware\\StartSession.php(64): Illuminate\\Session\\Middleware\\StartSession->handleStatefulRequest(Object(Illuminate\\Http\\Request), Object(Illuminate\\Session\\Store), Object(Closure))
#24 C:\\Users\\HP\\Documents\\laravel\\workunity-app\\vendor\\laravel\\framework\\src\\Illuminate\\Pipeline\\Pipeline.php(183): Illuminate\\Session\\Middleware\\StartSession->handle(Object(Illuminate\\Http\\Request), Object(Closure))
#25 C:\\Users\\HP\\Documents\\laravel\\workunity-app\\vendor\\laravel\\framework\\src\\Illuminate\\Cookie\\Middleware\\AddQueuedCookiesToResponse.php(37): Illuminate\\Pipeline\\Pipeline->Illuminate\\Pipeline\\{closure}(Object(Illuminate\\Http\\Request))
#26 C:\\Users\\HP\\Documents\\laravel\\workunity-app\\vendor\\laravel\\framework\\src\\Illuminate\\Pipeline\\Pipeline.php(183): Illuminate\\Cookie\\Middleware\\AddQueuedCookiesToResponse->handle(Object(Illuminate\\Http\\Request), Object(Closure))
#27 C:\\Users\\HP\\Documents\\laravel\\workunity-app\\vendor\\laravel\\framework\\src\\Illuminate\\Cookie\\Middleware\\EncryptCookies.php(67): Illuminate\\Pipeline\\Pipeline->Illuminate\\Pipeline\\{closure}(Object(Illuminate\\Http\\Request))
#28 C:\\Users\\HP\\Documents\\laravel\\workunity-app\\vendor\\laravel\\framework\\src\\Illuminate\\Pipeline\\Pipeline.php(183): Illuminate\\Cookie\\Middleware\\EncryptCookies->handle(Object(Illuminate\\Http\\Request), Object(Closure))
#29 C:\\Users\\HP\\Documents\\laravel\\workunity-app\\vendor\\laravel\\framework\\src\\Illuminate\\Pipeline\\Pipeline.php(119): Illuminate\\Pipeline\\Pipeline->Illuminate\\Pipeline\\{closure}(Object(Illuminate\\Http\\Request))
#30 C:\\Users\\HP\\Documents\\laravel\\workunity-app\\vendor\\laravel\\framework\\src\\Illuminate\\Routing\\Router.php(805): Illuminate\\Pipeline\\Pipeline->then(Object(Closure))
#31 C:\\Users\\HP\\Documents\\laravel\\workunity-app\\vendor\\laravel\\framework\\src\\Illuminate\\Routing\\Router.php(784): Illuminate\\Routing\\Router->runRouteWithinStack(Object(Illuminate\\Routing\\Route), Object(Illuminate\\Http\\Request))
#32 C:\\Users\\HP\\Documents\\laravel\\workunity-app\\vendor\\laravel\\framework\\src\\Illuminate\\Routing\\Router.php(748): Illuminate\\Routing\\Router->runRoute(Object(Illuminate\\Http\\Request), Object(Illuminate\\Routing\\Route))
#33 C:\\Users\\HP\\Documents\\laravel\\workunity-app\\vendor\\laravel\\framework\\src\\Illuminate\\Routing\\Router.php(737): Illuminate\\Routing\\Router->dispatchToRoute(Object(Illuminate\\Http\\Request))
#34 C:\\Users\\HP\\Documents\\laravel\\workunity-app\\vendor\\laravel\\framework\\src\\Illuminate\\Foundation\\Http\\Kernel.php(200): Illuminate\\Routing\\Router->dispatch(Object(Illuminate\\Http\\Request))
#35 C:\\Users\\HP\\Documents\\laravel\\workunity-app\\vendor\\laravel\\framework\\src\\Illuminate\\Pipeline\\Pipeline.php(144): Illuminate\\Foundation\\Http\\Kernel->Illuminate\\Foundation\\Http\\{closure}(Object(Illuminate\\Http\\Request))
#36 C:\\Users\\HP\\Documents\\laravel\\workunity-app\\vendor\\laravel\\framework\\src\\Illuminate\\Foundation\\Http\\Middleware\\TransformsRequest.php(21): Illuminate\\Pipeline\\Pipeline->Illuminate\\Pipeline\\{closure}(Object(Illuminate\\Http\\Request))
#37 C:\\Users\\HP\\Documents\\laravel\\workunity-app\\vendor\\laravel\\framework\\src\\Illuminate\\Foundation\\Http\\Middleware\\ConvertEmptyStringsToNull.php(31): Illuminate\\Foundation\\Http\\Middleware\\TransformsRequest->handle(Object(Illuminate\\Http\\Request), Object(Closure))
#38 C:\\Users\\HP\\Documents\\laravel\\workunity-app\\vendor\\laravel\\framework\\src\\Illuminate\\Pipeline\\Pipeline.php(183): Illuminate\\Foundation\\Http\\Middleware\\ConvertEmptyStringsToNull->handle(Object(Illuminate\\Http\\Request), Object(Closure))
#39 C:\\Users\\HP\\Documents\\laravel\\workunity-app\\vendor\\laravel\\framework\\src\\Illuminate\\Foundation\\Http\\Middleware\\TransformsRequest.php(21): Illuminate\\Pipeline\\Pipeline->Illuminate\\Pipeline\\{closure}(Object(Illuminate\\Http\\Request))
#40 C:\\Users\\HP\\Documents\\laravel\\workunity-app\\vendor\\laravel\\framework\\src\\Illuminate\\Foundation\\Http\\Middleware\\TrimStrings.php(40): Illuminate\\Foundation\\Http\\Middleware\\TransformsRequest->handle(Object(Illuminate\\Http\\Request), Object(Closure))
#41 C:\\Users\\HP\\Documents\\laravel\\workunity-app\\vendor\\laravel\\framework\\src\\Illuminate\\Pipeline\\Pipeline.php(183): Illuminate\\Foundation\\Http\\Middleware\\TrimStrings->handle(Object(Illuminate\\Http\\Request), Object(Closure))
#42 C:\\Users\\HP\\Documents\\laravel\\workunity-app\\vendor\\laravel\\framework\\src\\Illuminate\\Foundation\\Http\\Middleware\\ValidatePostSize.php(27): Illuminate\\Pipeline\\Pipeline->Illuminate\\Pipeline\\{closure}(Object(Illuminate\\Http\\Request))
#43 C:\\Users\\HP\\Documents\\laravel\\workunity-app\\vendor\\laravel\\framework\\src\\Illuminate\\Pipeline\\Pipeline.php(183): Illuminate\\Foundation\\Http\\Middleware\\ValidatePostSize->handle(Object(Illuminate\\Http\\Request), Object(Closure))
#44 C:\\Users\\HP\\Documents\\laravel\\workunity-app\\vendor\\laravel\\framework\\src\\Illuminate\\Foundation\\Http\\Middleware\\PreventRequestsDuringMaintenance.php(99): Illuminate\\Pipeline\\Pipeline->Illuminate\\Pipeline\\{closure}(Object(Illuminate\\Http\\Request))
#45 C:\\Users\\HP\\Documents\\laravel\\workunity-app\\vendor\\laravel\\framework\\src\\Illuminate\\Pipeline\\Pipeline.php(183): Illuminate\\Foundation\\Http\\Middleware\\PreventRequestsDuringMaintenance->handle(Object(Illuminate\\Http\\Request), Object(Closure))
#46 C:\\Users\\HP\\Documents\\laravel\\workunity-app\\vendor\\laravel\\framework\\src\\Illuminate\\Http\\Middleware\\HandleCors.php(49): Illuminate\\Pipeline\\Pipeline->Illuminate\\Pipeline\\{closure}(Object(Illuminate\\Http\\Request))
#47 C:\\Users\\HP\\Documents\\laravel\\workunity-app\\vendor\\laravel\\framework\\src\\Illuminate\\Pipeline\\Pipeline.php(183): Illuminate\\Http\\Middleware\\HandleCors->handle(Object(Illuminate\\Http\\Request), Object(Closure))
#48 C:\\Users\\HP\\Documents\\laravel\\workunity-app\\vendor\\laravel\\framework\\src\\Illuminate\\Http\\Middleware\\TrustProxies.php(39): Illuminate\\Pipeline\\Pipeline->Illuminate\\Pipeline\\{closure}(Object(Illuminate\\Http\\Request))
#49 C:\\Users\\HP\\Documents\\laravel\\workunity-app\\vendor\\laravel\\framework\\src\\Illuminate\\Pipeline\\Pipeline.php(183): Illuminate\\Http\\Middleware\\TrustProxies->handle(Object(Illuminate\\Http\\Request), Object(Closure))
#50 C:\\Users\\HP\\Documents\\laravel\\workunity-app\\vendor\\laravel\\framework\\src\\Illuminate\\Pipeline\\Pipeline.php(119): Illuminate\\Pipeline\\Pipeline->Illuminate\\Pipeline\\{closure}(Object(Illuminate\\Http\\Request))
#51 C:\\Users\\HP\\Documents\\laravel\\workunity-app\\vendor\\laravel\\framework\\src\\Illuminate\\Foundation\\Http\\Kernel.php(175): Illuminate\\Pipeline\\Pipeline->then(Object(Closure))
#52 C:\\Users\\HP\\Documents\\laravel\\workunity-app\\vendor\\laravel\\framework\\src\\Illuminate\\Foundation\\Http\\Kernel.php(144): Illuminate\\Foundation\\Http\\Kernel->sendRequestThroughRouter(Object(Illuminate\\Http\\Request))
#53 C:\\Users\\HP\\Documents\\laravel\\workunity-app\\public\\index.php(51): Illuminate\\Foundation\\Http\\Kernel->handle(Object(Illuminate\\Http\\Request))
#54 C:\\Users\\HP\\Documents\\laravel\\workunity-app\\vendor\\laravel\\framework\\src\\Illuminate\\Foundation\\resources\\server.php(16): require_once('C:\\\\Users\\\\HP\\\\Doc...')
#55 {main}
"} 
